customer_id,age,tenure_months,monthly_charges,total_charges,support_calls,contract_type,payment_method,internet_service,churn
CUST_000001,52,9,41.65,434.77,1,Two year,Electronic check,Fiber optic,0
CUST_000002,42,2,55.68,0.0,1,Two year,Mailed check,Fiber optic,0
CUST_000003,54,1,117.51,128.67,1,Month-to-month,Electronic check,Fiber optic,1
CUST_000004,67,2,99.08,105.28,1,Month-to-month,Bank transfer,No,1
CUST_000005,41,20,58.26,1026.29,4,One year,Electronic check,DSL,1
CUST_000006,41,1,76.89,117.99,2,One year,Bank transfer,DSL,0
CUST_000007,68,9,64.93,700.21,2,Month-to-month,Electronic check,DSL,1
CUST_000008,56,33,85.5,2783.05,2,Month-to-month,Mailed check,Fiber optic,1
CUST_000009,37,8,59.52,454.93,4,Month-to-month,Bank transfer,Fiber optic,1
CUST_000010,53,34,64.93,2093.91,4,Two year,Electronic check,Fiber optic,1
CUST_000011,38,32,103.48,3311.96,2,Month-to-month,Bank transfer,No,1
CUST_000012,38,6,100.85,681.13,4,One year,Credit card,Fiber optic,0
CUST_000013,48,31,122.9,3888.92,1,Month-to-month,Mailed check,DSL,1
CUST_000014,18,33,52.03,1771.61,1,One year,Electronic check,Fiber optic,1
CUST_000015,19,12,108.29,1237.58,1,Two year,Mailed check,DSL,1
CUST_000016,36,5,47.98,174.89,2,Month-to-month,Credit card,Fiber optic,0
CUST_000017,29,17,71.23,1290.51,5,Month-to-month,Bank transfer,DSL,1
CUST_000018,49,61,140.64,8660.51,2,One year,Bank transfer,Fiber optic,0
CUST_000019,31,24,77.45,1841.61,1,Two year,Bank transfer,No,1
CUST_000020,23,4,41.71,124.21,3,One year,Credit card,DSL,1
CUST_000021,66,27,49.49,1452.87,3,One year,Electronic check,DSL,0
CUST_000022,41,13,73.8,923.38,3,One year,Mailed check,Fiber optic,0
CUST_000023,46,21,106.77,2316.71,0,Month-to-month,Credit card,Fiber optic,0
CUST_000024,23,31,135.22,4178.15,2,One year,Bank transfer,Fiber optic,1
CUST_000025,36,17,107.24,1718.34,0,Month-to-month,Electronic check,DSL,1
CUST_000026,46,40,127.7,5269.28,5,Month-to-month,Credit card,DSL,1
CUST_000027,27,30,109.78,3305.5,2,One year,Electronic check,No,0
CUST_000028,50,22,120.54,2580.88,3,Two year,Mailed check,No,0
CUST_000029,35,3,29.13,0.0,6,Two year,Electronic check,No,1
CUST_000030,40,43,134.49,5654.21,1,Month-to-month,Credit card,Fiber optic,1
CUST_000031,35,65,92.14,5951.85,3,One year,Electronic check,Fiber optic,0
CUST_000032,72,3,113.66,533.5,5,One year,Credit card,DSL,0
CUST_000033,44,16,35.57,510.71,1,One year,Electronic check,Fiber optic,1
CUST_000034,29,7,95.02,809.92,3,Month-to-month,Bank transfer,No,0
CUST_000035,57,33,110.07,3619.2,2,Month-to-month,Electronic check,DSL,1
CUST_000036,26,30,134.69,3922.62,2,Month-to-month,Mailed check,DSL,1
CUST_000037,48,3,98.39,247.84,3,One year,Electronic check,Fiber optic,0
CUST_000038,18,50,83.26,4034.77,1,Month-to-month,Credit card,Fiber optic,1
CUST_000039,25,4,77.72,225.3,2,One year,Mailed check,No,0
CUST_000040,47,38,75.66,2786.32,3,Month-to-month,Bank transfer,Fiber optic,1
CUST_000041,56,14,46.6,462.05,1,Month-to-month,Credit card,Fiber optic,1
CUST_000042,47,9,49.35,595.43,0,Month-to-month,Electronic check,DSL,0
CUST_000043,43,4,44.2,197.91,2,Month-to-month,Mailed check,Fiber optic,1
CUST_000044,40,4,76.88,238.9,1,One year,Electronic check,No,0
CUST_000045,22,26,123.62,3236.19,3,Month-to-month,Electronic check,DSL,0
CUST_000046,34,19,120.77,2211.13,4,Month-to-month,Bank transfer,Fiber optic,0
CUST_000047,38,3,26.98,0.0,1,One year,Electronic check,DSL,0
CUST_000048,60,2,28.99,353.65,5,Two year,Mailed check,Fiber optic,0
CUST_000049,50,1,45.01,63.97,3,One year,Electronic check,DSL,0
CUST_000050,18,32,61.51,1909.29,0,Two year,Electronic check,DSL,0
CUST_000051,49,29,43.99,1082.29,2,Two year,Mailed check,Fiber optic,0
CUST_000052,39,1,59.35,0.0,0,Two year,Mailed check,DSL,0
CUST_000053,34,19,88.27,1842.63,2,Two year,Electronic check,Fiber optic,0
CUST_000054,54,2,78.82,307.83,0,One year,Mailed check,DSL,0
CUST_000055,60,56,102.34,5806.53,1,Two year,Bank transfer,DSL,0
CUST_000056,58,57,82.37,4583.42,0,Month-to-month,Bank transfer,No,0
CUST_000057,32,28,104.65,3081.07,1,Month-to-month,Bank transfer,Fiber optic,0
CUST_000058,40,62,133.65,8331.18,5,Two year,Credit card,DSL,0
CUST_000059,49,40,74.63,3050.59,2,Month-to-month,Bank transfer,Fiber optic,0
CUST_000060,59,42,49.55,2125.87,3,Two year,Mailed check,DSL,0
CUST_000061,37,20,59.63,1041.96,0,Month-to-month,Electronic check,Fiber optic,0
CUST_000062,42,8,37.74,182.08,1,Month-to-month,Electronic check,DSL,1
CUST_000063,28,5,69.24,295.16,3,Two year,Bank transfer,DSL,0
CUST_000064,27,9,40.09,425.21,4,Month-to-month,Credit card,No,1
CUST_000065,57,23,77.78,1651.0,3,One year,Electronic check,DSL,0
CUST_000066,65,4,44.1,158.87,4,Month-to-month,Electronic check,DSL,0
CUST_000067,43,7,97.37,663.95,0,Two year,Mailed check,Fiber optic,0
CUST_000068,60,15,30.26,533.13,4,One year,Electronic check,DSL,1
CUST_000069,50,6,78.47,538.31,1,Month-to-month,Mailed check,Fiber optic,0
CUST_000070,35,21,47.45,895.4,3,Month-to-month,Electronic check,No,1
CUST_000071,50,61,50.6,3231.22,1,One year,Credit card,DSL,0
CUST_000072,68,33,123.42,3956.54,2,Two year,Credit card,Fiber optic,0
CUST_000073,44,26,100.15,2713.2,2,One year,Electronic check,Fiber optic,1
CUST_000074,68,20,39.89,742.87,3,Month-to-month,Electronic check,DSL,1
CUST_000075,18,16,94.41,1526.91,4,Two year,Credit card,Fiber optic,0
CUST_000076,57,4,83.16,355.26,0,Two year,Bank transfer,Fiber optic,0
CUST_000077,46,54,94.34,5113.9,4,One year,Credit card,Fiber optic,0
CUST_000078,40,6,64.93,457.0,3,One year,Electronic check,Fiber optic,0
CUST_000079,46,2,109.71,258.56,5,Month-to-month,Electronic check,Fiber optic,0
CUST_000080,18,33,61.01,2091.85,5,Month-to-month,Bank transfer,Fiber optic,0
CUST_000081,41,4,61.83,293.79,2,Two year,Credit card,DSL,0
CUST_000082,50,11,58.41,516.08,1,Month-to-month,Electronic check,Fiber optic,1
CUST_000083,67,0,97.12,26.98,0,Month-to-month,Bank transfer,Fiber optic,0
CUST_000084,37,3,113.15,283.05,1,One year,Mailed check,No,0
CUST_000085,32,4,106.98,316.99,4,Month-to-month,Electronic check,Fiber optic,1
CUST_000086,37,1,100.27,71.29,3,Two year,Mailed check,No,0
CUST_000087,58,25,131.18,3297.8,3,Month-to-month,Mailed check,Fiber optic,1
CUST_000088,49,43,111.21,4807.19,1,One year,Electronic check,DSL,1
CUST_000089,37,11,100.61,1212.26,5,One year,Mailed check,Fiber optic,1
CUST_000090,52,49,142.78,7126.96,3,Two year,Bank transfer,Fiber optic,0
CUST_000091,46,5,23.2,149.62,3,Month-to-month,Bank transfer,DSL,0
CUST_000092,59,9,87.9,842.85,2,Month-to-month,Electronic check,Fiber optic,0
CUST_000093,34,3,95.4,295.72,2,One year,Credit card,No,0
CUST_000094,40,23,123.28,2912.22,0,One year,Electronic check,No,1
CUST_000095,39,13,114.88,1542.2,1,Month-to-month,Bank transfer,Fiber optic,1
CUST_000096,23,22,115.2,2528.86,3,Month-to-month,Mailed check,Fiber optic,1
CUST_000097,49,34,131.58,4688.89,0,Month-to-month,Credit card,DSL,1
CUST_000098,48,18,82.74,1434.66,2,Month-to-month,Electronic check,DSL,1
CUST_000099,45,23,32.19,885.86,1,One year,Electronic check,Fiber optic,0
CUST_000100,41,65,53.61,3348.92,0,One year,Electronic check,Fiber optic,1
CUST_000101,23,8,78.46,709.07,0,One year,Electronic check,Fiber optic,0
CUST_000102,38,10,68.53,828.93,2,Month-to-month,Electronic check,Fiber optic,1
CUST_000103,39,30,80.12,2213.01,2,Two year,Electronic check,Fiber optic,0
CUST_000104,32,22,71.04,1576.79,0,Two year,Mailed check,No,0
CUST_000105,42,4,113.77,526.63,3,Month-to-month,Electronic check,DSL,1
CUST_000106,51,11,61.42,700.78,1,Month-to-month,Electronic check,No,0
CUST_000107,73,15,113.12,1734.66,1,One year,Electronic check,DSL,0
CUST_000108,47,13,116.79,1531.85,3,One year,Credit card,No,0
CUST_000109,48,4,71.95,178.38,1,One year,Mailed check,DSL,1
CUST_000110,43,61,95.19,6043.63,4,One year,Electronic check,Fiber optic,0
CUST_000111,18,34,113.1,3795.12,3,Month-to-month,Mailed check,DSL,1
CUST_000112,44,15,98.3,1517.87,2,Month-to-month,Electronic check,DSL,1
CUST_000113,45,27,66.35,1726.86,1,Month-to-month,Mailed check,DSL,0
CUST_000114,80,54,57.25,2864.17,2,Two year,Electronic check,Fiber optic,0
CUST_000115,42,3,47.99,51.5,4,Two year,Electronic check,Fiber optic,1
CUST_000116,49,6,36.1,71.86,1,Two year,Credit card,DSL,0
CUST_000117,44,18,58.47,1161.67,0,Month-to-month,Electronic check,Fiber optic,0
CUST_000118,27,38,65.18,2416.24,3,One year,Mailed check,DSL,1
CUST_000119,62,0,83.77,0.0,1,One year,Bank transfer,No,0
CUST_000120,56,99,164.95,16223.58,1,Month-to-month,Credit card,Fiber optic,1
CUST_000121,56,14,95.57,1347.44,3,One year,Credit card,DSL,0
CUST_000122,31,10,117.66,1105.0,0,One year,Electronic check,Fiber optic,1
CUST_000123,66,8,102.41,918.54,2,Two year,Credit card,No,0
CUST_000124,23,4,94.79,409.35,2,Month-to-month,Electronic check,Fiber optic,1
CUST_000125,53,37,79.91,2899.35,0,One year,Credit card,Fiber optic,0
CUST_000126,77,74,89.48,6706.5,3,Two year,Electronic check,DSL,0
CUST_000127,30,12,110.63,1328.33,1,One year,Electronic check,DSL,1
CUST_000128,36,73,147.04,10736.02,0,Month-to-month,Electronic check,Fiber optic,0
CUST_000129,46,41,85.69,3366.95,0,Month-to-month,Electronic check,Fiber optic,1
CUST_000130,37,15,28.41,418.99,2,Two year,Credit card,DSL,0
CUST_000131,21,26,112.25,2950.74,2,Month-to-month,Electronic check,DSL,1
CUST_000132,46,13,55.01,848.45,5,Two year,Electronic check,Fiber optic,0
CUST_000133,29,19,30.49,504.1,1,Month-to-month,Electronic check,No,1
CUST_000134,52,1,101.0,328.81,2,Two year,Electronic check,DSL,1
CUST_000135,31,28,85.74,2456.45,3,One year,Electronic check,Fiber optic,1
CUST_000136,68,1,89.02,0.0,1,Two year,Mailed check,No,0
CUST_000137,33,40,131.47,5174.24,2,Month-to-month,Credit card,DSL,0
CUST_000138,40,41,94.62,4021.41,4,Two year,Mailed check,No,0
CUST_000139,57,6,73.32,564.24,5,Month-to-month,Bank transfer,DSL,1
CUST_000140,26,9,53.57,483.91,1,Month-to-month,Mailed check,No,1
CUST_000141,48,15,58.02,885.28,2,Two year,Electronic check,Fiber optic,1
CUST_000142,64,21,110.15,2196.78,3,Month-to-month,Mailed check,Fiber optic,0
CUST_000143,20,8,68.9,683.37,1,One year,Credit card,DSL,0
CUST_000144,47,21,46.85,885.13,1,Month-to-month,Mailed check,DSL,1
CUST_000145,48,8,33.45,352.1,2,One year,Mailed check,No,0
CUST_000146,56,1,67.79,203.0,0,One year,Bank transfer,No,1
CUST_000147,26,0,66.5,4.82,2,Month-to-month,Credit card,DSL,1
CUST_000148,25,2,86.35,269.45,0,Month-to-month,Mailed check,DSL,0
CUST_000149,52,37,85.61,3352.21,3,Month-to-month,Mailed check,DSL,1
CUST_000150,49,78,73.35,5747.91,2,Month-to-month,Electronic check,No,0
CUST_000151,48,13,77.28,987.11,2,Month-to-month,Electronic check,No,1
CUST_000152,50,17,119.18,2019.36,0,One year,Bank transfer,DSL,0
CUST_000153,34,3,37.44,38.03,0,One year,Bank transfer,DSL,1
CUST_000154,48,19,98.48,1794.48,2,One year,Electronic check,No,0
CUST_000155,49,3,80.89,286.9,6,One year,Bank transfer,DSL,0
CUST_000156,34,22,105.86,2312.49,2,One year,Electronic check,No,0
CUST_000157,72,64,67.06,4324.6,1,Month-to-month,Electronic check,DSL,0
CUST_000158,52,5,116.66,434.31,0,Two year,Electronic check,DSL,0
CUST_000159,27,34,99.1,3360.02,1,Month-to-month,Mailed check,DSL,1
CUST_000160,54,0,104.71,103.01,2,Month-to-month,Electronic check,Fiber optic,1
CUST_000161,30,11,50.16,439.88,0,Month-to-month,Bank transfer,DSL,0
CUST_000162,56,2,94.94,191.54,2,One year,Bank transfer,DSL,0
CUST_000163,62,10,103.1,845.57,2,Month-to-month,Electronic check,Fiber optic,1
CUST_000164,32,4,61.74,116.43,5,Month-to-month,Electronic check,Fiber optic,1
CUST_000165,59,11,63.9,783.61,2,Month-to-month,Electronic check,No,0
CUST_000166,51,12,91.78,1070.43,2,Month-to-month,Mailed check,Fiber optic,0
CUST_000167,57,8,33.34,448.93,1,One year,Electronic check,DSL,1
CUST_000168,73,25,106.06,2694.8,1,One year,Mailed check,DSL,0
CUST_000169,41,60,54.29,3310.38,0,Month-to-month,Electronic check,Fiber optic,0
CUST_000170,33,12,45.06,433.06,0,Month-to-month,Electronic check,No,1
CUST_000171,31,5,88.91,406.06,1,One year,Mailed check,No,1
CUST_000172,32,7,33.33,160.06,3,Two year,Credit card,DSL,0
CUST_000173,43,46,140.18,6341.93,1,One year,Bank transfer,Fiber optic,0
CUST_000174,50,20,116.84,2403.18,2,One year,Bank transfer,DSL,0
CUST_000175,49,14,89.63,1341.27,1,One year,Mailed check,Fiber optic,1
CUST_000176,57,3,103.41,350.11,0,Month-to-month,Mailed check,DSL,1
CUST_000177,45,14,115.76,1537.81,3,Two year,Credit card,No,0
CUST_000178,66,7,49.45,379.21,2,Month-to-month,Electronic check,DSL,1
CUST_000179,41,68,138.94,9256.73,3,One year,Mailed check,DSL,0
CUST_000180,80,51,64.98,3446.25,2,Two year,Electronic check,DSL,0
CUST_000181,54,2,62.33,0.0,1,Month-to-month,Bank transfer,Fiber optic,1
CUST_000182,32,17,84.33,1321.5,2,Month-to-month,Mailed check,DSL,0
CUST_000183,28,6,94.39,577.86,1,One year,Credit card,DSL,0
CUST_000184,52,12,29.01,368.59,2,One year,Mailed check,Fiber optic,0
CUST_000185,41,50,74.05,3695.27,0,Two year,Electronic check,No,0
CUST_000186,55,17,89.35,1407.97,1,One year,Credit card,Fiber optic,0
CUST_000187,52,9,60.24,655.47,2,Month-to-month,Mailed check,DSL,0
CUST_000188,43,5,100.0,331.42,3,Month-to-month,Electronic check,DSL,1
CUST_000189,32,38,104.17,3809.95,1,One year,Electronic check,DSL,1
CUST_000190,22,23,54.94,1252.93,3,One year,Electronic check,Fiber optic,1
CUST_000191,38,15,42.09,504.97,0,Month-to-month,Electronic check,DSL,0
CUST_000192,57,5,85.4,549.29,3,One year,Mailed check,Fiber optic,0
CUST_000193,48,9,69.55,508.1,3,Two year,Credit card,No,0
CUST_000194,26,77,75.4,5961.17,1,One year,Electronic check,Fiber optic,1
CUST_000195,47,17,61.14,1142.85,3,Month-to-month,Credit card,Fiber optic,1
CUST_000196,50,12,56.3,799.16,0,Month-to-month,Bank transfer,No,0
CUST_000197,31,17,39.31,857.03,2,Month-to-month,Bank transfer,DSL,0
CUST_000198,47,36,92.69,3345.0,3,One year,Bank transfer,Fiber optic,0
CUST_000199,45,9,100.86,806.49,0,One year,Mailed check,Fiber optic,0
CUST_000200,27,4,79.55,307.89,5,Month-to-month,Electronic check,DSL,1
CUST_000201,50,21,113.13,2319.05,2,One year,Mailed check,No,0
CUST_000202,53,26,45.76,1118.76,2,Two year,Mailed check,Fiber optic,0
CUST_000203,61,29,78.06,2278.86,1,Month-to-month,Electronic check,DSL,1
CUST_000204,60,51,106.44,5397.35,2,Month-to-month,Bank transfer,Fiber optic,1
CUST_000205,24,11,93.1,948.88,1,One year,Mailed check,DSL,0
CUST_000206,30,1,90.08,65.54,2,One year,Bank transfer,DSL,0
CUST_000207,52,76,130.9,10003.04,4,Two year,Mailed check,DSL,0
CUST_000208,52,13,91.64,1287.0,4,One year,Mailed check,DSL,1
CUST_000209,52,23,40.92,780.93,1,Month-to-month,Bank transfer,Fiber optic,0
CUST_000210,80,26,102.53,2635.47,5,Two year,Electronic check,Fiber optic,1
CUST_000211,53,18,101.48,1812.47,3,One year,Bank transfer,Fiber optic,1
CUST_000212,62,5,121.85,490.99,0,Month-to-month,Mailed check,Fiber optic,1
CUST_000213,59,33,105.84,3480.63,5,Two year,Bank transfer,DSL,0
CUST_000214,54,39,108.18,4233.94,0,Two year,Electronic check,DSL,0
CUST_000215,40,19,80.98,1590.53,3,Month-to-month,Bank transfer,DSL,1
CUST_000216,56,16,114.79,1844.39,2,Two year,Electronic check,DSL,0
CUST_000217,33,2,120.68,153.27,0,Month-to-month,Credit card,No,0
CUST_000218,41,2,98.9,399.01,1,Month-to-month,Bank transfer,Fiber optic,0
CUST_000219,37,9,85.75,854.66,2,Month-to-month,Bank transfer,No,1
CUST_000220,46,8,31.9,310.44,1,Month-to-month,Electronic check,DSL,1
CUST_000221,79,73,129.17,9530.18,2,One year,Bank transfer,Fiber optic,0
CUST_000222,18,36,108.86,3943.28,1,One year,Bank transfer,DSL,0
CUST_000223,55,25,110.06,2880.05,0,Two year,Mailed check,Fiber optic,0
CUST_000224,20,17,40.96,701.93,0,Month-to-month,Electronic check,Fiber optic,1
CUST_000225,37,4,87.37,349.67,1,One year,Electronic check,Fiber optic,0
CUST_000226,61,92,95.57,8856.18,3,One year,Mailed check,Fiber optic,0
CUST_000227,45,11,101.53,1274.43,6,Month-to-month,Bank transfer,Fiber optic,1
CUST_000228,28,2,45.04,241.28,1,One year,Bank transfer,Fiber optic,0
CUST_000229,34,16,96.4,1601.65,2,One year,Mailed check,DSL,0
CUST_000230,55,49,74.0,3677.63,0,One year,Electronic check,DSL,1
CUST_000231,34,52,46.9,2508.37,2,Two year,Electronic check,DSL,1
CUST_000232,48,0,83.34,98.56,2,Two year,Electronic check,Fiber optic,1
CUST_000233,45,52,57.33,3110.87,3,One year,Electronic check,DSL,1
CUST_000234,35,7,89.43,602.35,2,Month-to-month,Electronic check,DSL,1
CUST_000235,77,0,112.56,131.81,0,Two year,Bank transfer,No,0
CUST_000236,54,45,139.42,6308.41,1,One year,Mailed check,No,0
CUST_000237,18,47,67.09,3218.43,3,Two year,Credit card,DSL,0
CUST_000238,47,21,111.43,2478.13,0,Month-to-month,Bank transfer,DSL,1
CUST_000239,35,20,65.36,1381.81,2,Two year,Electronic check,Fiber optic,0
CUST_000240,57,40,130.05,5293.43,1,One year,Bank transfer,Fiber optic,0
CUST_000241,33,37,117.25,4299.27,3,One year,Electronic check,No,1
CUST_000242,43,52,53.39,2926.22,2,Month-to-month,Credit card,Fiber optic,0
CUST_000243,52,19,70.21,1403.63,4,One year,Bank transfer,No,0
CUST_000244,57,82,94.73,7780.61,0,Month-to-month,Electronic check,Fiber optic,1
CUST_000245,26,120,158.52,19132.28,3,Month-to-month,Mailed check,Fiber optic,0
CUST_000246,39,2,62.03,382.84,2,Month-to-month,Credit card,Fiber optic,1
CUST_000247,37,45,110.96,4876.26,0,Month-to-month,Bank transfer,DSL,0
CUST_000248,35,16,88.24,1331.52,0,Month-to-month,Electronic check,DSL,1
CUST_000249,71,11,123.06,1622.23,1,One year,Mailed check,Fiber optic,1
CUST_000250,51,22,124.78,2787.8,3,Two year,Credit card,No,0
CUST_000251,26,1,63.27,82.36,3,Month-to-month,Credit card,Fiber optic,1
CUST_000252,58,16,100.36,1594.19,1,Two year,Credit card,DSL,0
CUST_000253,76,49,127.45,6365.7,2,Month-to-month,Credit card,No,0
CUST_000254,60,5,112.39,823.07,0,Two year,Mailed check,Fiber optic,0
CUST_000255,22,13,33.31,366.56,1,Month-to-month,Credit card,Fiber optic,0
CUST_000256,37,67,83.71,5598.74,3,Month-to-month,Electronic check,DSL,0
CUST_000257,64,13,58.52,725.73,2,Two year,Bank transfer,Fiber optic,0
CUST_000258,34,10,68.44,757.73,2,Month-to-month,Electronic check,Fiber optic,1
CUST_000259,51,13,43.43,686.78,1,Month-to-month,Bank transfer,Fiber optic,0
CUST_000260,56,17,78.12,1490.14,1,One year,Mailed check,Fiber optic,0
CUST_000261,31,23,97.82,2326.56,3,Two year,Credit card,Fiber optic,0
CUST_000262,44,38,88.74,3623.92,1,Month-to-month,Electronic check,DSL,1
CUST_000263,18,14,93.58,1252.64,1,One year,Credit card,No,0
CUST_000264,29,40,46.64,1782.31,1,Month-to-month,Mailed check,Fiber optic,0
CUST_000265,41,18,116.6,2245.71,5,Month-to-month,Mailed check,Fiber optic,1
CUST_000266,26,9,118.41,1077.95,1,Month-to-month,Bank transfer,DSL,1
CUST_000267,69,25,94.29,2219.67,2,Two year,Bank transfer,No,0
CUST_000268,23,30,123.14,3662.57,2,Month-to-month,Credit card,DSL,1
CUST_000269,38,19,42.64,835.81,3,Month-to-month,Mailed check,No,0
CUST_000270,46,1,100.24,35.62,0,Month-to-month,Mailed check,Fiber optic,1
CUST_000271,66,4,33.91,34.19,4,One year,Credit card,DSL,0
CUST_000272,23,8,64.8,497.65,5,One year,Credit card,DSL,0
CUST_000273,62,7,55.88,284.72,3,One year,Electronic check,Fiber optic,1
CUST_000274,45,26,91.56,2444.05,4,Month-to-month,Electronic check,Fiber optic,1
CUST_000275,30,0,50.15,0.0,0,One year,Bank transfer,Fiber optic,0
CUST_000276,51,33,100.23,3316.68,4,Month-to-month,Credit card,No,0
CUST_000277,47,7,60.24,473.62,3,Month-to-month,Mailed check,Fiber optic,1
CUST_000278,35,8,110.08,871.58,1,Two year,Bank transfer,Fiber optic,0
CUST_000279,46,18,92.39,1772.31,3,One year,Electronic check,DSL,0
CUST_000280,39,5,44.03,83.09,2,One year,Mailed check,DSL,0
CUST_000281,46,51,79.11,3964.65,2,One year,Electronic check,Fiber optic,0
CUST_000282,54,2,105.74,178.48,2,Month-to-month,Electronic check,DSL,1
CUST_000283,68,14,65.65,990.34,2,Two year,Electronic check,DSL,0
CUST_000284,26,45,96.08,4345.45,2,Month-to-month,Electronic check,No,1
CUST_000285,76,22,95.89,2324.01,1,Month-to-month,Credit card,DSL,1
CUST_000286,18,8,58.78,389.67,1,Two year,Electronic check,DSL,0
CUST_000287,42,13,55.9,587.17,1,One year,Mailed check,Fiber optic,0
CUST_000288,53,29,82.03,2557.65,1,Month-to-month,Electronic check,DSL,1
CUST_000289,49,86,84.49,7122.89,2,One year,Bank transfer,Fiber optic,0
CUST_000290,35,53,74.92,4039.12,4,Two year,Bank transfer,No,0
CUST_000291,41,10,31.21,214.21,1,Month-to-month,Electronic check,DSL,1
CUST_000292,37,120,110.4,13040.71,3,Month-to-month,Electronic check,DSL,0
CUST_000293,36,0,52.07,0.0,2,Month-to-month,Electronic check,Fiber optic,0
CUST_000294,57,0,116.18,89.95,0,Month-to-month,Bank transfer,No,0
CUST_000295,50,41,99.47,3956.21,1,One year,Electronic check,Fiber optic,1
CUST_000296,34,5,101.24,563.8,0,Month-to-month,Electronic check,DSL,1
CUST_000297,58,1,25.04,101.32,4,Month-to-month,Mailed check,Fiber optic,0
CUST_000298,49,6,33.65,74.75,3,Month-to-month,Electronic check,DSL,1
CUST_000299,57,13,107.95,1380.62,2,Month-to-month,Bank transfer,Fiber optic,1
CUST_000300,54,31,97.85,3191.21,2,Month-to-month,Electronic check,Fiber optic,1
CUST_000301,32,23,50.6,1228.82,3,Month-to-month,Credit card,Fiber optic,0
CUST_000302,36,6,63.48,354.73,0,One year,Mailed check,DSL,1
CUST_000303,56,16,81.87,1351.41,2,Month-to-month,Electronic check,No,1
CUST_000304,54,62,135.36,8323.85,1,Month-to-month,Electronic check,No,0
CUST_000305,44,40,46.04,1953.02,0,Month-to-month,Mailed check,No,0
CUST_000306,46,9,84.17,868.88,1,Two year,Bank transfer,Fiber optic,0
CUST_000307,64,96,139.7,13423.64,2,Month-to-month,Mailed check,DSL,1
CUST_000308,36,29,132.29,3859.46,4,Month-to-month,Electronic check,DSL,0
CUST_000309,53,1,101.22,1.34,2,Month-to-month,Mailed check,Fiber optic,0
CUST_000310,41,0,47.62,0.0,2,Two year,Electronic check,Fiber optic,0
CUST_000311,41,4,92.96,334.17,2,Month-to-month,Mailed check,Fiber optic,0
CUST_000312,61,31,111.83,3457.92,4,One year,Mailed check,DSL,0
CUST_000313,57,4,94.97,486.16,2,Month-to-month,Bank transfer,Fiber optic,0
CUST_000314,57,17,110.51,1970.99,2,Month-to-month,Bank transfer,DSL,0
CUST_000315,64,2,111.37,241.23,1,Month-to-month,Credit card,No,1
CUST_000316,45,60,59.84,3709.63,3,One year,Bank transfer,DSL,0
CUST_000317,55,10,35.48,260.42,4,One year,Mailed check,Fiber optic,0
CUST_000318,40,57,128.14,7411.71,2,One year,Mailed check,DSL,1
CUST_000319,49,69,79.74,5422.83,1,Two year,Bank transfer,DSL,0
CUST_000320,43,0,25.85,123.97,1,Month-to-month,Electronic check,Fiber optic,1
CUST_000321,46,14,67.12,938.39,3,Month-to-month,Bank transfer,Fiber optic,1
CUST_000322,53,0,101.99,0.0,2,One year,Bank transfer,DSL,1
CUST_000323,32,57,61.16,3558.94,0,Month-to-month,Bank transfer,Fiber optic,1
CUST_000324,76,17,95.68,1707.59,5,Two year,Electronic check,DSL,0
CUST_000325,29,1,20.86,0.0,4,Two year,Bank transfer,No,1
CUST_000326,26,2,31.97,26.82,1,Month-to-month,Electronic check,No,1
CUST_000327,62,11,60.59,650.48,3,One year,Electronic check,DSL,0
CUST_000328,56,67,61.86,3952.12,0,Month-to-month,Bank transfer,DSL,0
CUST_000329,54,28,118.59,3084.05,0,Month-to-month,Mailed check,No,0
CUST_000330,54,48,130.41,6389.7,1,Two year,Mailed check,DSL,0
CUST_000331,44,10,100.56,923.16,3,Month-to-month,Electronic check,DSL,1
CUST_000332,31,1,44.75,230.27,1,Month-to-month,Electronic check,No,0
CUST_000333,46,87,115.82,10213.79,0,Month-to-month,Bank transfer,No,1
CUST_000334,34,0,38.42,156.72,6,Month-to-month,Bank transfer,DSL,0
CUST_000335,59,70,83.13,5753.92,1,Month-to-month,Bank transfer,DSL,0
CUST_000336,42,11,77.1,687.27,1,One year,Credit card,No,0
CUST_000337,32,0,93.5,0.0,1,One year,Mailed check,DSL,0
CUST_000338,40,28,43.47,1172.39,0,One year,Bank transfer,Fiber optic,1
CUST_000339,51,94,96.67,8849.63,1,Month-to-month,Electronic check,DSL,1
CUST_000340,36,80,152.66,12165.43,3,Month-to-month,Electronic check,No,0
CUST_000341,32,4,64.91,239.48,0,Month-to-month,Bank transfer,Fiber optic,1
CUST_000342,48,4,115.89,334.11,0,Two year,Electronic check,Fiber optic,0
CUST_000343,48,20,129.14,2478.75,2,Month-to-month,Mailed check,No,1
CUST_000344,37,24,84.67,2009.92,1,Month-to-month,Electronic check,Fiber optic,1
CUST_000345,37,32,64.8,2109.37,0,Month-to-month,Mailed check,DSL,1
CUST_000346,48,4,101.08,315.23,1,Month-to-month,Credit card,Fiber optic,1
CUST_000347,23,76,73.93,5647.99,1,Two year,Bank transfer,Fiber optic,0
CUST_000348,23,24,57.2,1386.6,3,Month-to-month,Electronic check,Fiber optic,1
CUST_000349,34,45,120.99,5449.15,1,One year,Bank transfer,DSL,0
CUST_000350,41,18,72.36,1237.36,4,Two year,Bank transfer,DSL,0
CUST_000351,49,12,46.15,420.51,2,Two year,Electronic check,Fiber optic,0
CUST_000352,67,90,130.11,11879.78,5,Month-to-month,Bank transfer,Fiber optic,0
CUST_000353,57,20,103.28,2128.55,2,Month-to-month,Mailed check,DSL,1
CUST_000354,42,48,56.51,2812.92,4,One year,Bank transfer,No,1
CUST_000355,44,73,84.2,6138.09,4,Two year,Credit card,DSL,0
CUST_000356,29,27,55.63,1485.54,4,One year,Electronic check,Fiber optic,1
CUST_000357,44,19,67.49,1331.29,2,Month-to-month,Bank transfer,DSL,1
CUST_000358,40,0,96.34,0.0,2,Month-to-month,Electronic check,No,1
CUST_000359,49,0,91.37,0.0,0,Month-to-month,Bank transfer,No,1
CUST_000360,32,5,88.75,363.98,1,Month-to-month,Credit card,DSL,1
CUST_000361,52,4,22.63,45.06,4,Month-to-month,Electronic check,DSL,1
CUST_000362,67,7,37.71,176.03,3,One year,Electronic check,DSL,1
CUST_000363,43,8,46.33,403.92,1,One year,Credit card,No,0
CUST_000364,51,10,52.2,530.1,1,Month-to-month,Credit card,DSL,0
CUST_000365,55,13,41.14,674.14,3,Month-to-month,Credit card,Fiber optic,0
CUST_000366,38,2,62.03,371.44,3,Month-to-month,Credit card,No,0
CUST_000367,48,1,28.02,0.0,1,Month-to-month,Mailed check,DSL,0
CUST_000368,45,26,108.0,2822.79,1,Two year,Credit card,Fiber optic,0
CUST_000369,46,18,107.77,1954.45,1,One year,Credit card,No,1
CUST_000370,33,14,84.43,1180.55,2,Month-to-month,Electronic check,Fiber optic,1
CUST_000371,45,24,40.97,874.81,0,One year,Bank transfer,DSL,0
CUST_000372,52,42,130.01,5368.63,5,Month-to-month,Bank transfer,Fiber optic,0
CUST_000373,66,13,123.06,1623.87,2,One year,Electronic check,DSL,1
CUST_000374,59,24,52.24,1159.14,3,Month-to-month,Bank transfer,Fiber optic,0
CUST_000375,77,73,126.96,9284.3,1,Month-to-month,Mailed check,Fiber optic,0
CUST_000376,33,43,125.69,5380.24,0,Month-to-month,Credit card,No,0
CUST_000377,58,13,80.48,1060.46,3,Month-to-month,Bank transfer,DSL,0
CUST_000378,47,24,64.33,1448.65,0,Month-to-month,Credit card,Fiber optic,1
CUST_000379,77,4,69.86,295.17,1,One year,Electronic check,Fiber optic,0
CUST_000380,32,19,80.73,1445.72,3,Month-to-month,Bank transfer,Fiber optic,0
CUST_000381,32,95,107.56,10234.62,2,One year,Mailed check,DSL,0
CUST_000382,36,17,121.48,2199.17,1,One year,Bank transfer,Fiber optic,1
CUST_000383,18,63,125.89,7957.06,1,One year,Bank transfer,No,0
CUST_000384,37,12,50.13,633.75,4,Month-to-month,Mailed check,DSL,1
CUST_000385,33,120,138.56,16708.41,7,Month-to-month,Electronic check,DSL,0
CUST_000386,47,20,98.87,1837.02,1,Two year,Bank transfer,Fiber optic,0
CUST_000387,50,1,34.52,206.41,1,One year,Mailed check,Fiber optic,1
CUST_000388,73,21,66.34,1287.64,0,One year,Electronic check,Fiber optic,0
CUST_000389,59,7,114.05,886.35,3,Month-to-month,Credit card,DSL,1
CUST_000390,36,0,76.72,74.69,0,Month-to-month,Bank transfer,DSL,1
CUST_000391,31,41,62.2,2459.97,1,One year,Mailed check,No,0
CUST_000392,52,7,35.78,351.34,4,Month-to-month,Credit card,DSL,1
CUST_000393,25,38,90.82,3501.04,2,One year,Electronic check,Fiber optic,1
CUST_000394,72,8,78.77,819.15,2,One year,Bank transfer,Fiber optic,0
CUST_000395,62,5,55.94,299.05,5,One year,Credit card,DSL,0
CUST_000396,37,87,126.54,10998.27,4,One year,Electronic check,DSL,0
CUST_000397,19,10,31.87,267.21,0,One year,Electronic check,DSL,0
CUST_000398,65,22,45.51,826.97,1,One year,Electronic check,DSL,0
CUST_000399,43,22,85.63,1851.98,0,One year,Credit card,DSL,0
CUST_000400,63,19,35.68,650.36,1,Month-to-month,Mailed check,DSL,0
CUST_000401,21,59,137.59,8144.07,1,One year,Mailed check,No,0
CUST_000402,36,26,47.21,1085.27,4,One year,Electronic check,Fiber optic,1
CUST_000403,45,12,93.39,1096.8,2,Month-to-month,Mailed check,DSL,1
CUST_000404,45,47,82.62,3940.78,3,One year,Bank transfer,Fiber optic,0
CUST_000405,38,4,61.98,315.47,5,Month-to-month,Credit card,No,1
CUST_000406,54,18,105.49,1712.82,2,Month-to-month,Electronic check,No,1
CUST_000407,28,72,105.95,7698.77,1,One year,Electronic check,Fiber optic,0
CUST_000408,42,23,104.07,2368.85,1,Two year,Electronic check,No,0
CUST_000409,46,40,90.52,3602.26,2,Month-to-month,Mailed check,Fiber optic,1
CUST_000410,52,25,91.79,2058.31,2,Two year,Mailed check,DSL,0
CUST_000411,55,43,117.57,5204.93,1,One year,Bank transfer,No,1
CUST_000412,28,69,115.23,7968.61,2,Two year,Credit card,Fiber optic,0
CUST_000413,21,7,85.06,442.28,0,One year,Mailed check,Fiber optic,0
CUST_000414,64,4,100.92,441.21,4,Month-to-month,Mailed check,No,1
CUST_000415,49,15,122.41,1870.58,2,Two year,Mailed check,DSL,0
CUST_000416,33,29,72.17,2215.23,3,Two year,Credit card,DSL,0
CUST_000417,68,6,80.71,453.3,2,Month-to-month,Bank transfer,Fiber optic,0
CUST_000418,46,0,28.63,1.2,2,Two year,Bank transfer,Fiber optic,0
CUST_000419,62,10,60.88,544.52,1,Month-to-month,Bank transfer,Fiber optic,0
CUST_000420,46,83,102.7,8584.3,3,One year,Credit card,DSL,1
CUST_000421,75,28,117.52,3212.32,1,One year,Bank transfer,No,0
CUST_000422,71,12,77.34,838.77,2,Month-to-month,Electronic check,DSL,1
CUST_000423,41,5,95.61,471.25,2,One year,Credit card,Fiber optic,0
CUST_000424,59,10,26.9,146.42,1,Month-to-month,Mailed check,Fiber optic,0
CUST_000425,54,4,68.45,434.01,0,Month-to-month,Bank transfer,Fiber optic,0
CUST_000426,65,2,111.13,414.99,2,One year,Credit card,DSL,0
CUST_000427,30,56,70.43,3898.8,2,Two year,Bank transfer,Fiber optic,0
CUST_000428,55,120,83.15,9839.61,4,Month-to-month,Bank transfer,DSL,0
CUST_000429,60,4,65.34,295.02,4,One year,Electronic check,Fiber optic,1
CUST_000430,18,1,90.94,42.73,1,One year,Electronic check,DSL,1
CUST_000431,27,9,69.95,746.99,3,One year,Mailed check,DSL,0
CUST_000432,18,14,73.0,943.25,1,One year,Electronic check,Fiber optic,0
CUST_000433,40,5,89.48,501.85,1,Two year,Bank transfer,No,0
CUST_000434,55,8,49.44,406.91,2,Month-to-month,Mailed check,Fiber optic,0
CUST_000435,67,5,97.69,420.82,2,Two year,Bank transfer,Fiber optic,0
CUST_000436,46,35,52.81,1872.4,5,One year,Bank transfer,DSL,1
CUST_000437,69,29,74.08,2236.03,2,One year,Mailed check,Fiber optic,1
CUST_000438,24,24,97.6,2351.1,1,Month-to-month,Bank transfer,DSL,0
CUST_000439,19,11,108.34,1201.43,1,Month-to-month,Bank transfer,No,1
CUST_000440,44,57,127.65,7188.95,3,Month-to-month,Mailed check,Fiber optic,0
CUST_000441,50,83,133.67,11208.91,3,One year,Bank transfer,DSL,0
CUST_000442,44,4,57.91,336.09,2,Month-to-month,Bank transfer,Fiber optic,1
CUST_000443,18,6,35.23,170.33,1,One year,Electronic check,No,0
CUST_000444,43,17,50.18,840.69,2,One year,Bank transfer,Fiber optic,1
CUST_000445,25,2,107.48,356.39,4,One year,Bank transfer,DSL,0
CUST_000446,55,13,112.23,1345.67,2,One year,Electronic check,Fiber optic,1
CUST_000447,50,20,125.16,2563.55,3,Month-to-month,Bank transfer,DSL,0
CUST_000448,30,17,36.1,557.82,1,One year,Mailed check,DSL,0
CUST_000449,37,9,78.18,881.44,2,Month-to-month,Mailed check,Fiber optic,0
CUST_000450,29,18,93.87,1695.97,2,Two year,Electronic check,Fiber optic,1
CUST_000451,44,76,129.07,9935.03,4,Two year,Bank transfer,DSL,0
CUST_000452,59,5,86.89,358.3,0,One year,Mailed check,DSL,1
CUST_000453,30,25,109.5,2612.68,3,Month-to-month,Mailed check,No,1
CUST_000454,52,1,56.45,33.02,2,Month-to-month,Electronic check,Fiber optic,1
CUST_000455,37,1,38.44,64.71,3,Two year,Bank transfer,No,0
CUST_000456,33,19,49.96,898.14,2,Month-to-month,Bank transfer,DSL,0
CUST_000457,43,2,22.2,120.23,3,One year,Electronic check,Fiber optic,1
CUST_000458,29,0,55.03,0.0,1,Month-to-month,Electronic check,Fiber optic,1
CUST_000459,36,4,31.17,0.0,3,One year,Credit card,DSL,0
CUST_000460,27,19,61.65,1226.61,3,One year,Mailed check,DSL,0
CUST_000461,74,29,97.32,2734.06,0,One year,Mailed check,Fiber optic,0
CUST_000462,45,5,111.95,523.58,2,One year,Credit card,Fiber optic,0
CUST_000463,34,26,116.96,3196.29,1,Two year,Bank transfer,DSL,0
CUST_000464,48,4,47.27,366.35,3,One year,Electronic check,Fiber optic,0
CUST_000465,43,22,44.41,919.43,1,Month-to-month,Credit card,Fiber optic,0
CUST_000466,41,12,45.31,601.47,3,Month-to-month,Electronic check,DSL,0
CUST_000467,54,25,129.6,3184.74,1,Two year,Electronic check,DSL,0
CUST_000468,56,120,134.95,16165.01,3,One year,Electronic check,No,1
CUST_000469,37,66,71.25,4641.94,1,One year,Mailed check,No,0
CUST_000470,36,0,104.07,0.0,3,Two year,Bank transfer,Fiber optic,0
CUST_000471,40,51,85.02,4345.48,2,One year,Bank transfer,DSL,1
CUST_000472,18,1,110.42,139.24,1,Month-to-month,Electronic check,Fiber optic,1
CUST_000473,22,73,82.57,5960.34,3,Two year,Electronic check,DSL,0
CUST_000474,65,7,62.82,548.53,1,Month-to-month,Bank transfer,Fiber optic,1
CUST_000475,69,11,75.99,792.33,2,Month-to-month,Mailed check,DSL,1
CUST_000476,41,2,110.26,156.8,2,Month-to-month,Electronic check,No,1
CUST_000477,53,2,107.88,268.4,1,Month-to-month,Credit card,DSL,1
CUST_000478,49,31,92.94,2726.73,2,Two year,Bank transfer,Fiber optic,0
CUST_000479,80,69,76.68,5381.42,1,Month-to-month,Mailed check,Fiber optic,0
CUST_000480,61,22,71.34,1529.17,5,Month-to-month,Mailed check,Fiber optic,1
CUST_000481,43,30,132.56,4075.83,2,Month-to-month,Mailed check,DSL,0
CUST_000482,30,34,97.78,3453.24,1,One year,Mailed check,Fiber optic,0
CUST_000483,20,7,101.61,775.28,2,Month-to-month,Mailed check,Fiber optic,1
CUST_000484,48,1,65.49,0.0,4,Month-to-month,Mailed check,DSL,1
CUST_000485,33,0,73.2,0.0,2,Month-to-month,Bank transfer,DSL,1
CUST_000486,23,10,67.9,535.55,1,Month-to-month,Mailed check,DSL,1
CUST_000487,35,6,93.29,670.04,3,Month-to-month,Bank transfer,DSL,0
CUST_000488,28,1,105.65,92.17,2,Two year,Electronic check,DSL,0
CUST_000489,70,4,72.74,231.02,0,One year,Electronic check,Fiber optic,0
CUST_000490,58,3,69.59,195.55,0,Month-to-month,Electronic check,Fiber optic,1
CUST_000491,44,59,83.53,5036.25,1,One year,Bank transfer,No,0
CUST_000492,67,3,39.21,195.5,3,Month-to-month,Credit card,Fiber optic,1
CUST_000493,46,18,122.92,2256.5,1,Two year,Mailed check,DSL,1
CUST_000494,32,21,62.11,1368.06,0,Month-to-month,Electronic check,DSL,1
CUST_000495,67,18,109.07,1981.26,0,Month-to-month,Electronic check,Fiber optic,1
CUST_000496,53,2,92.53,215.28,0,One year,Mailed check,DSL,1
CUST_000497,29,9,103.59,954.43,2,Two year,Credit card,DSL,0
CUST_000498,42,1,114.18,114.17,3,One year,Credit card,Fiber optic,1
CUST_000499,31,12,88.34,1135.38,1,Month-to-month,Electronic check,Fiber optic,1
CUST_000500,24,5,112.3,597.6,2,Two year,Bank transfer,Fiber optic,0
CUST_000501,58,19,46.27,791.05,2,Month-to-month,Electronic check,No,1
CUST_000502,73,28,96.67,2759.68,1,Month-to-month,Bank transfer,Fiber optic,0
CUST_000503,24,18,106.23,1936.82,5,Two year,Credit card,Fiber optic,0
CUST_000504,53,13,53.66,758.77,3,Month-to-month,Electronic check,No,1
CUST_000505,35,11,99.58,1084.91,3,Month-to-month,Electronic check,Fiber optic,1
CUST_000506,37,44,119.85,5354.47,1,Two year,Electronic check,Fiber optic,0
CUST_000507,36,5,105.62,521.95,2,Month-to-month,Mailed check,DSL,0
CUST_000508,32,31,66.79,2142.82,2,One year,Electronic check,No,1
CUST_000509,45,34,105.16,3529.82,4,Two year,Bank transfer,DSL,0
CUST_000510,32,13,56.93,701.3,0,One year,Mailed check,DSL,0
CUST_000511,49,8,97.9,843.44,1,Month-to-month,Mailed check,No,1
CUST_000512,44,15,73.8,1073.78,2,Two year,Mailed check,DSL,0
CUST_000513,41,2,80.75,382.09,5,Month-to-month,Credit card,Fiber optic,1
CUST_000514,31,1,62.08,118.73,2,Two year,Electronic check,Fiber optic,0
CUST_000515,36,2,37.2,76.89,2,Month-to-month,Bank transfer,DSL,1
CUST_000516,56,4,39.8,241.2,1,Month-to-month,Bank transfer,Fiber optic,1
CUST_000517,52,16,35.76,524.04,1,One year,Bank transfer,DSL,1
CUST_000518,30,45,104.31,4786.13,3,Two year,Electronic check,No,0
CUST_000519,46,6,107.86,736.71,1,One year,Electronic check,Fiber optic,1
CUST_000520,56,65,54.58,3673.29,3,Month-to-month,Bank transfer,No,0
CUST_000521,19,74,63.62,4664.09,1,Month-to-month,Credit card,DSL,1
CUST_000522,53,76,103.75,7762.48,0,Month-to-month,Credit card,Fiber optic,0
CUST_000523,35,43,115.27,4895.68,3,Month-to-month,Mailed check,DSL,1
CUST_000524,53,10,40.77,379.54,0,One year,Mailed check,DSL,0
CUST_000525,33,1,47.67,214.39,1,Two year,Electronic check,DSL,0
CUST_000526,18,20,53.2,1283.51,0,One year,Bank transfer,Fiber optic,0
CUST_000527,20,19,69.41,1353.16,2,One year,Electronic check,Fiber optic,1
CUST_000528,45,45,65.0,2925.93,3,One year,Mailed check,DSL,1
CUST_000529,48,120,115.26,13796.19,1,One year,Electronic check,DSL,1
CUST_000530,31,17,101.35,1805.49,2,One year,Credit card,Fiber optic,0
CUST_000531,54,10,86.1,1079.87,1,One year,Electronic check,Fiber optic,0
CUST_000532,20,4,30.12,299.06,1,One year,Bank transfer,DSL,0
CUST_000533,44,0,83.77,113.8,1,One year,Mailed check,DSL,0
CUST_000534,26,17,76.21,1407.86,4,Two year,Electronic check,DSL,0
CUST_000535,35,19,122.96,2419.41,2,Two year,Electronic check,Fiber optic,0
CUST_000536,45,41,69.43,2841.92,1,Two year,Bank transfer,Fiber optic,0
CUST_000537,32,16,100.62,1536.21,1,Month-to-month,Mailed check,DSL,0
CUST_000538,39,59,122.59,7230.5,2,One year,Bank transfer,Fiber optic,0
CUST_000539,60,23,53.65,1276.19,1,Month-to-month,Credit card,No,0
CUST_000540,36,44,132.32,5676.82,1,One year,Mailed check,Fiber optic,0
CUST_000541,57,3,70.62,196.56,1,One year,Bank transfer,No,0
CUST_000542,28,46,110.89,5018.27,3,One year,Bank transfer,Fiber optic,0
CUST_000543,52,26,47.59,1338.61,1,Two year,Mailed check,DSL,0
CUST_000544,66,4,47.78,136.15,2,Two year,Electronic check,DSL,0
CUST_000545,18,5,81.11,438.38,2,One year,Credit card,DSL,0
CUST_000546,33,62,82.9,5069.97,2,Two year,Electronic check,DSL,0
CUST_000547,53,0,69.97,159.77,4,One year,Mailed check,Fiber optic,0
CUST_000548,41,14,64.4,731.53,2,Month-to-month,Bank transfer,Fiber optic,1
CUST_000549,50,9,88.56,844.58,3,Month-to-month,Mailed check,Fiber optic,1
CUST_000550,35,26,81.71,1996.85,4,Month-to-month,Electronic check,Fiber optic,1
CUST_000551,46,43,41.96,1753.39,2,One year,Credit card,No,1
CUST_000552,42,10,89.97,920.3,1,One year,Electronic check,Fiber optic,0
CUST_000553,62,13,68.71,918.79,4,One year,Electronic check,DSL,0
CUST_000554,48,96,102.17,9831.23,2,Two year,Electronic check,Fiber optic,0
CUST_000555,50,36,47.41,1722.1,2,Month-to-month,Mailed check,DSL,1
CUST_000556,38,54,69.04,3663.81,2,Two year,Credit card,DSL,0
CUST_000557,37,13,48.88,619.0,1,Month-to-month,Credit card,Fiber optic,1
CUST_000558,38,6,116.54,702.39,1,Two year,Bank transfer,No,0
CUST_000559,50,12,69.25,850.55,1,Two year,Bank transfer,No,0
CUST_000560,38,30,39.21,1169.63,5,One year,Bank transfer,Fiber optic,0
CUST_000561,49,2,34.88,142.72,1,Month-to-month,Bank transfer,Fiber optic,1
CUST_000562,76,7,31.4,229.16,1,Month-to-month,Bank transfer,No,1
CUST_000563,58,1,79.39,99.52,3,One year,Electronic check,No,1
CUST_000564,40,13,45.16,548.84,3,Month-to-month,Electronic check,Fiber optic,0
CUST_000565,63,42,90.86,3710.7,0,Month-to-month,Electronic check,DSL,1
CUST_000566,38,0,57.01,15.4,1,One year,Electronic check,DSL,0
CUST_000567,18,26,113.39,3068.82,3,One year,Credit card,DSL,0
CUST_000568,29,64,84.05,5423.52,3,Month-to-month,Bank transfer,Fiber optic,0
CUST_000569,18,6,68.83,331.21,1,One year,Electronic check,DSL,0
CUST_000570,39,28,106.13,3053.07,2,Two year,Electronic check,DSL,0
CUST_000571,45,88,107.34,9411.98,1,One year,Credit card,DSL,0
CUST_000572,70,78,138.32,10860.55,2,Month-to-month,Bank transfer,Fiber optic,0
CUST_000573,49,6,89.17,498.13,5,Two year,Mailed check,Fiber optic,1
CUST_000574,41,2,62.05,159.44,0,One year,Electronic check,DSL,0
CUST_000575,57,3,71.9,163.84,2,Month-to-month,Electronic check,Fiber optic,1
CUST_000576,18,29,131.22,3756.08,3,One year,Bank transfer,DSL,0
CUST_000577,48,31,101.66,2994.87,1,Month-to-month,Bank transfer,No,1
CUST_000578,56,26,123.5,3262.2,3,One year,Electronic check,No,0
CUST_000579,22,9,42.38,418.4,0,Month-to-month,Electronic check,Fiber optic,0
CUST_000580,62,4,70.32,323.94,2,One year,Mailed check,Fiber optic,1
CUST_000581,50,20,120.87,2444.86,6,One year,Bank transfer,Fiber optic,1
CUST_000582,38,15,59.76,820.19,4,Month-to-month,Credit card,No,0
CUST_000583,54,31,132.27,4196.85,1,Month-to-month,Credit card,Fiber optic,0
CUST_000584,79,13,36.21,569.98,1,Two year,Bank transfer,Fiber optic,0
CUST_000585,47,9,114.77,954.08,2,Month-to-month,Bank transfer,DSL,1
CUST_000586,48,8,68.52,601.38,3,Month-to-month,Mailed check,DSL,1
CUST_000587,38,5,29.87,236.87,1,Month-to-month,Electronic check,Fiber optic,1
CUST_000588,32,7,111.45,733.16,3,Month-to-month,Electronic check,No,1
CUST_000589,57,2,46.19,62.78,5,Month-to-month,Electronic check,Fiber optic,1
CUST_000590,32,10,27.23,325.66,0,Month-to-month,Credit card,Fiber optic,0
CUST_000591,46,0,33.58,0.0,4,One year,Credit card,Fiber optic,0
CUST_000592,37,4,87.91,242.79,2,One year,Electronic check,No,1
CUST_000593,52,32,133.78,4182.02,1,Month-to-month,Mailed check,No,1
CUST_000594,50,9,35.65,141.18,4,One year,Mailed check,No,1
CUST_000595,60,26,79.19,2167.56,4,Month-to-month,Bank transfer,DSL,1
CUST_000596,37,30,53.06,1393.1,2,Month-to-month,Electronic check,Fiber optic,1
CUST_000597,40,20,104.5,2124.38,4,Month-to-month,Electronic check,Fiber optic,1
CUST_000598,30,76,69.81,5386.42,1,Month-to-month,Bank transfer,DSL,0
CUST_000599,38,0,43.98,0.0,3,Two year,Credit card,Fiber optic,0
CUST_000600,50,32,55.64,1713.66,2,Two year,Electronic check,DSL,0
CUST_000601,56,76,113.25,8630.43,1,One year,Electronic check,DSL,1
CUST_000602,31,47,130.82,6148.65,2,Month-to-month,Mailed check,Fiber optic,0
CUST_000603,58,4,73.11,392.79,2,One year,Bank transfer,DSL,0
CUST_000604,65,9,30.32,10.07,2,Two year,Electronic check,DSL,1
CUST_000605,51,4,78.34,221.48,1,Month-to-month,Mailed check,Fiber optic,0
CUST_000606,73,22,110.75,2492.7,6,Month-to-month,Bank transfer,No,0
CUST_000607,33,29,47.72,1388.8,2,One year,Electronic check,DSL,1
CUST_000608,26,9,31.77,361.14,2,One year,Electronic check,No,1
CUST_000609,18,18,47.78,886.26,1,Month-to-month,Credit card,Fiber optic,0
CUST_000610,67,28,108.61,3027.57,1,Two year,Bank transfer,Fiber optic,0
CUST_000611,54,13,85.67,1083.46,1,One year,Bank transfer,DSL,1
CUST_000612,44,46,97.06,4697.24,2,Month-to-month,Electronic check,No,0
CUST_000613,49,35,62.45,2339.17,0,Month-to-month,Credit card,Fiber optic,0
CUST_000614,28,1,53.72,103.27,3,Two year,Electronic check,Fiber optic,0
CUST_000615,80,23,128.09,2953.88,2,One year,Electronic check,Fiber optic,0
CUST_000616,46,6,47.06,336.19,4,Month-to-month,Mailed check,Fiber optic,0
CUST_000617,46,19,119.66,2356.31,3,Month-to-month,Credit card,No,0
CUST_000618,55,75,115.55,8708.37,1,One year,Credit card,DSL,0
CUST_000619,52,50,57.33,2791.34,1,One year,Bank transfer,Fiber optic,0
CUST_000620,48,12,72.73,1051.23,4,Month-to-month,Credit card,Fiber optic,0
CUST_000621,33,8,118.85,975.46,0,Month-to-month,Mailed check,DSL,0
CUST_000622,52,6,64.86,590.53,2,Month-to-month,Electronic check,Fiber optic,0
CUST_000623,73,18,115.34,2094.81,2,Two year,Electronic check,Fiber optic,0
CUST_000624,65,2,46.64,68.72,2,Two year,Electronic check,DSL,1
CUST_000625,68,19,86.59,1783.67,1,One year,Bank transfer,DSL,1
CUST_000626,37,0,104.39,30.12,4,Month-to-month,Electronic check,DSL,1
CUST_000627,30,9,116.57,1062.46,5,Month-to-month,Electronic check,Fiber optic,1
CUST_000628,43,5,71.08,235.38,1,One year,Bank transfer,DSL,0
CUST_000629,45,85,126.47,10815.87,3,One year,Electronic check,Fiber optic,0
CUST_000630,61,31,35.8,1060.41,2,One year,Mailed check,No,0
CUST_000631,19,10,50.32,458.44,2,Month-to-month,Electronic check,DSL,0
CUST_000632,67,2,48.87,48.69,3,One year,Bank transfer,DSL,0
CUST_000633,42,17,37.85,687.34,2,Two year,Credit card,DSL,0
CUST_000634,38,5,50.47,98.81,3,Month-to-month,Credit card,Fiber optic,0
CUST_000635,29,18,61.11,1078.94,1,One year,Electronic check,No,0
CUST_000636,20,43,138.38,6048.22,1,Two year,Mailed check,DSL,0
CUST_000637,57,22,97.86,2028.36,0,Month-to-month,Electronic check,DSL,0
CUST_000638,46,24,74.6,1807.7,2,One year,Electronic check,Fiber optic,1
CUST_000639,25,18,127.81,2237.36,1,Month-to-month,Bank transfer,No,1
CUST_000640,25,62,66.32,4071.67,1,One year,Mailed check,No,0
CUST_000641,39,64,99.61,6540.24,2,One year,Electronic check,DSL,0
CUST_000642,70,17,93.21,1419.46,2,Two year,Mailed check,Fiber optic,0
CUST_000643,41,8,29.56,313.03,1,Month-to-month,Electronic check,Fiber optic,0
CUST_000644,22,14,98.7,1334.01,2,Month-to-month,Electronic check,Fiber optic,0
CUST_000645,41,4,31.99,75.18,0,Two year,Electronic check,Fiber optic,0
CUST_000646,40,24,46.03,993.52,2,Two year,Bank transfer,DSL,0
CUST_000647,18,16,43.97,778.89,0,Month-to-month,Mailed check,DSL,1
CUST_000648,44,2,113.89,208.64,1,Month-to-month,Electronic check,Fiber optic,0
CUST_000649,41,5,90.82,422.35,2,Month-to-month,Electronic check,Fiber optic,1
CUST_000650,55,15,93.04,1406.62,1,Month-to-month,Bank transfer,DSL,1
CUST_000651,72,52,101.55,5263.54,2,One year,Bank transfer,Fiber optic,0
CUST_000652,61,20,59.28,985.54,0,Month-to-month,Electronic check,No,0
CUST_000653,40,27,95.59,2531.82,1,Month-to-month,Mailed check,Fiber optic,0
CUST_000654,28,9,65.51,679.18,0,One year,Bank transfer,Fiber optic,1
CUST_000655,80,20,44.54,740.17,1,One year,Electronic check,DSL,1
CUST_000656,45,14,95.96,1234.44,1,Two year,Mailed check,DSL,0
CUST_000657,45,25,45.46,1093.78,2,One year,Electronic check,Fiber optic,0
CUST_000658,44,1,39.57,0.0,0,Two year,Credit card,Fiber optic,0
CUST_000659,47,16,109.77,1753.53,0,One year,Mailed check,Fiber optic,1
CUST_000660,42,8,90.01,610.79,3,Month-to-month,Electronic check,DSL,1
CUST_000661,36,9,87.6,749.61,2,One year,Bank transfer,Fiber optic,0
CUST_000662,36,77,100.32,7719.86,2,One year,Mailed check,DSL,0
CUST_000663,44,4,61.63,311.41,4,Month-to-month,Mailed check,Fiber optic,0
CUST_000664,36,8,93.03,868.69,2,Month-to-month,Credit card,No,0
CUST_000665,34,17,102.5,1716.35,4,One year,Mailed check,DSL,0
CUST_000666,46,47,94.52,4631.31,1,Month-to-month,Credit card,DSL,1
CUST_000667,41,12,122.93,1456.73,2,One year,Bank transfer,No,0
CUST_000668,67,32,131.57,4293.13,4,Two year,Credit card,Fiber optic,0
CUST_000669,18,46,84.24,4068.33,0,Month-to-month,Electronic check,Fiber optic,1
CUST_000670,61,8,106.06,862.43,2,One year,Electronic check,DSL,0
CUST_000671,63,11,79.83,740.74,3,Two year,Mailed check,Fiber optic,0
CUST_000672,18,10,76.18,770.85,1,Month-to-month,Electronic check,Fiber optic,1
CUST_000673,39,42,46.5,1891.68,2,Month-to-month,Electronic check,Fiber optic,1
CUST_000674,39,1,77.9,50.45,1,Month-to-month,Electronic check,DSL,1
CUST_000675,23,8,114.06,1110.96,4,Month-to-month,Electronic check,Fiber optic,0
CUST_000676,33,27,111.51,2888.59,3,One year,Mailed check,DSL,1
CUST_000677,28,20,108.63,2202.68,1,One year,Credit card,No,0
CUST_000678,71,13,42.49,464.64,2,Two year,Bank transfer,No,0
CUST_000679,59,18,64.84,1136.44,4,Month-to-month,Mailed check,Fiber optic,1
CUST_000680,64,5,45.82,303.59,1,Month-to-month,Bank transfer,No,0
CUST_000681,55,13,58.09,787.01,2,One year,Mailed check,Fiber optic,0
CUST_000682,28,16,85.95,1352.76,2,One year,Mailed check,DSL,0
CUST_000683,37,55,83.98,4553.83,1,Month-to-month,Electronic check,Fiber optic,1
CUST_000684,52,7,79.57,588.6,2,Month-to-month,Credit card,Fiber optic,1
CUST_000685,26,48,87.85,4387.57,1,One year,Bank transfer,Fiber optic,0
CUST_000686,55,24,60.66,1365.74,2,Month-to-month,Mailed check,Fiber optic,1
CUST_000687,41,0,29.54,191.17,0,One year,Mailed check,No,0
CUST_000688,39,30,124.18,3845.47,1,Month-to-month,Bank transfer,No,0
CUST_000689,55,0,21.14,136.94,2,Month-to-month,Electronic check,Fiber optic,1
CUST_000690,51,120,80.17,9650.67,7,Month-to-month,Mailed check,Fiber optic,1
CUST_000691,39,49,127.18,6348.92,3,One year,Electronic check,Fiber optic,0
CUST_000692,62,8,123.68,888.57,2,One year,Electronic check,No,0
CUST_000693,28,7,96.21,606.67,3,Month-to-month,Mailed check,DSL,1
CUST_000694,54,11,27.03,373.88,2,Month-to-month,Mailed check,Fiber optic,0
CUST_000695,53,10,47.67,506.27,1,Month-to-month,Bank transfer,Fiber optic,0
CUST_000696,40,11,122.68,1334.67,5,Month-to-month,Credit card,DSL,1
CUST_000697,49,9,105.36,697.98,1,Month-to-month,Credit card,Fiber optic,1
CUST_000698,26,23,88.18,1984.59,2,Month-to-month,Mailed check,DSL,0
CUST_000699,58,4,45.69,65.34,1,Month-to-month,Mailed check,Fiber optic,0
CUST_000700,42,44,43.44,1960.58,5,One year,Mailed check,Fiber optic,0
CUST_000701,37,40,42.09,1664.33,1,Two year,Electronic check,DSL,0
CUST_000702,60,15,88.7,1267.64,0,Month-to-month,Credit card,DSL,0
CUST_000703,34,45,44.68,2275.03,1,Month-to-month,Credit card,DSL,0
CUST_000704,23,6,122.36,838.0,2,Month-to-month,Credit card,Fiber optic,1
CUST_000705,21,0,38.34,105.59,1,Month-to-month,Bank transfer,No,1
CUST_000706,54,23,102.57,2579.35,1,Two year,Mailed check,DSL,1
CUST_000707,25,14,42.51,675.3,0,Month-to-month,Bank transfer,Fiber optic,0
CUST_000708,71,20,84.01,1603.09,2,Month-to-month,Electronic check,DSL,1
CUST_000709,18,55,55.56,2967.07,3,One year,Credit card,No,0
CUST_000710,70,84,138.68,11745.43,2,One year,Electronic check,No,0
CUST_000711,48,24,90.49,1965.88,1,One year,Bank transfer,DSL,0
CUST_000712,43,34,45.62,1543.19,1,Two year,Credit card,Fiber optic,0
CUST_000713,36,2,105.86,0.0,4,Month-to-month,Electronic check,No,1
CUST_000714,50,4,76.7,316.69,0,Month-to-month,Mailed check,Fiber optic,1
CUST_000715,44,31,127.66,4042.84,2,Month-to-month,Credit card,DSL,0
CUST_000716,61,13,118.16,1564.05,0,One year,Credit card,No,0
CUST_000717,46,14,119.05,1760.52,2,One year,Bank transfer,DSL,0
CUST_000718,47,8,31.78,450.71,3,One year,Credit card,DSL,0
CUST_000719,39,22,43.1,933.75,3,Month-to-month,Credit card,No,1
CUST_000720,44,4,120.77,763.85,1,Month-to-month,Credit card,Fiber optic,0
CUST_000721,49,23,80.26,1867.25,3,One year,Mailed check,DSL,1
CUST_000722,19,4,45.82,278.2,3,One year,Electronic check,Fiber optic,1
CUST_000723,24,1,97.47,36.36,2,One year,Bank transfer,No,1
CUST_000724,56,9,50.93,620.29,3,Month-to-month,Electronic check,DSL,1
CUST_000725,47,6,95.72,678.5,3,Two year,Mailed check,DSL,0
CUST_000726,42,52,129.73,6893.03,3,Month-to-month,Mailed check,Fiber optic,1
CUST_000727,45,1,98.93,104.38,4,One year,Bank transfer,DSL,1
CUST_000728,50,4,49.4,72.08,0,Two year,Mailed check,No,0
CUST_000729,36,19,69.66,1369.62,1,Two year,Bank transfer,Fiber optic,0
CUST_000730,33,15,68.83,862.67,5,Month-to-month,Credit card,Fiber optic,0
CUST_000731,47,1,69.63,36.01,4,Month-to-month,Mailed check,DSL,1
CUST_000732,30,0,36.74,19.11,2,Month-to-month,Mailed check,Fiber optic,1
CUST_000733,51,106,118.25,12771.9,2,One year,Bank transfer,DSL,0
CUST_000734,19,25,83.58,2121.31,0,Month-to-month,Electronic check,No,1
CUST_000735,60,10,78.17,795.66,1,Month-to-month,Electronic check,DSL,1
CUST_000736,52,15,109.49,1636.05,5,Two year,Bank transfer,Fiber optic,0
CUST_000737,48,7,75.23,392.43,1,Two year,Mailed check,Fiber optic,0
CUST_000738,59,10,48.08,489.37,2,Month-to-month,Mailed check,Fiber optic,0
CUST_000739,69,25,98.81,2480.61,4,Month-to-month,Credit card,Fiber optic,1
CUST_000740,60,51,125.23,6289.94,3,Month-to-month,Mailed check,DSL,0
CUST_000741,18,4,53.94,97.07,2,One year,Credit card,DSL,0
CUST_000742,25,44,106.53,4639.19,0,One year,Electronic check,DSL,0
CUST_000743,35,3,36.19,115.07,3,Month-to-month,Electronic check,No,0
CUST_000744,45,5,56.69,237.71,3,Month-to-month,Bank transfer,DSL,0
CUST_000745,52,0,110.92,0.0,3,Month-to-month,Electronic check,DSL,1
CUST_000746,34,3,112.63,366.82,4,Month-to-month,Mailed check,DSL,1
CUST_000747,47,59,107.03,6368.8,6,Two year,Credit card,DSL,0
CUST_000748,33,14,97.24,1373.42,1,Month-to-month,Bank transfer,No,0
CUST_000749,35,1,105.9,49.6,3,One year,Electronic check,DSL,1
CUST_000750,23,77,154.36,11944.84,2,Two year,Mailed check,DSL,0
CUST_000751,31,50,93.99,4680.38,3,One year,Mailed check,No,0
CUST_000752,24,33,92.66,2938.79,4,Month-to-month,Bank transfer,DSL,1
CUST_000753,30,65,94.06,6217.79,3,Month-to-month,Electronic check,DSL,0
CUST_000754,60,5,29.7,183.84,0,Two year,Mailed check,Fiber optic,0
CUST_000755,30,43,83.78,3590.63,1,Month-to-month,Electronic check,No,1
CUST_000756,80,28,113.06,3008.65,2,Two year,Mailed check,No,0
CUST_000757,52,48,124.49,5900.96,0,Month-to-month,Electronic check,Fiber optic,1
CUST_000758,47,38,128.24,5074.89,2,Month-to-month,Electronic check,No,1
CUST_000759,32,10,30.15,150.63,1,Two year,Electronic check,Fiber optic,0
CUST_000760,55,35,90.22,3132.41,5,Two year,Bank transfer,Fiber optic,0
CUST_000761,36,7,34.24,238.06,3,Month-to-month,Electronic check,Fiber optic,1
CUST_000762,46,9,44.57,433.22,4,Month-to-month,Bank transfer,Fiber optic,0
CUST_000763,80,2,111.02,72.33,4,Two year,Mailed check,Fiber optic,0
CUST_000764,43,65,102.18,6659.06,0,Month-to-month,Bank transfer,No,1
CUST_000765,62,8,99.85,630.23,6,Month-to-month,Electronic check,Fiber optic,1
CUST_000766,34,17,34.94,603.7,0,Month-to-month,Credit card,No,0
CUST_000767,44,11,67.18,673.77,3,One year,Electronic check,Fiber optic,0
CUST_000768,71,77,125.92,9609.56,1,Two year,Mailed check,No,0
CUST_000769,35,9,37.84,424.05,2,Month-to-month,Bank transfer,Fiber optic,0
CUST_000770,72,36,70.58,2517.38,2,Month-to-month,Mailed check,Fiber optic,1
CUST_000771,55,46,49.45,2322.29,0,Month-to-month,Credit card,DSL,1
CUST_000772,36,13,91.63,1241.92,1,One year,Electronic check,No,1
CUST_000773,54,11,122.59,1475.48,2,One year,Mailed check,No,1
CUST_000774,59,33,119.2,3812.92,4,Month-to-month,Mailed check,No,0
CUST_000775,54,58,146.46,8586.72,0,Month-to-month,Mailed check,Fiber optic,1
CUST_000776,21,33,121.06,3996.64,1,Month-to-month,Electronic check,Fiber optic,1
CUST_000777,34,6,108.52,613.31,1,Month-to-month,Electronic check,DSL,1
CUST_000778,41,52,103.72,5278.4,1,Month-to-month,Bank transfer,DSL,0
CUST_000779,43,11,77.33,911.24,4,Two year,Electronic check,DSL,0
CUST_000780,54,20,70.63,1320.29,4,Month-to-month,Bank transfer,Fiber optic,0
CUST_000781,47,42,122.81,5209.78,4,Two year,Mailed check,DSL,0
CUST_000782,24,5,40.71,396.32,3,Month-to-month,Bank transfer,No,0
CUST_000783,50,36,43.62,1668.41,3,Two year,Electronic check,No,0
CUST_000784,54,21,125.29,2770.22,3,Month-to-month,Electronic check,Fiber optic,0
CUST_000785,53,53,46.88,2412.62,2,Month-to-month,Electronic check,Fiber optic,1
CUST_000786,61,4,119.68,555.01,2,Month-to-month,Bank transfer,DSL,0
CUST_000787,57,13,99.39,1177.59,2,One year,Mailed check,No,0
CUST_000788,51,42,73.85,3078.35,0,Month-to-month,Electronic check,No,0
CUST_000789,43,0,89.78,174.13,1,Two year,Bank transfer,DSL,0
CUST_000790,20,2,102.79,144.79,3,One year,Electronic check,DSL,1
CUST_000791,51,111,100.04,11215.15,1,One year,Electronic check,No,0
CUST_000792,48,7,100.59,805.69,1,Month-to-month,Bank transfer,No,1
CUST_000793,49,89,144.94,13006.86,0,Month-to-month,Electronic check,No,1
CUST_000794,25,4,46.94,61.04,3,Month-to-month,Electronic check,DSL,0
CUST_000795,28,10,29.19,344.45,1,Month-to-month,Mailed check,Fiber optic,1
CUST_000796,60,33,56.91,1862.44,0,Month-to-month,Credit card,No,0
CUST_000797,44,25,52.56,1422.97,2,Two year,Electronic check,DSL,0
CUST_000798,55,20,36.52,564.98,1,Two year,Electronic check,Fiber optic,0
CUST_000799,45,18,101.6,1865.59,2,One year,Credit card,Fiber optic,1
CUST_000800,45,44,80.0,3542.53,1,Month-to-month,Mailed check,DSL,0
CUST_000801,59,6,111.44,469.62,2,Month-to-month,Electronic check,No,0
CUST_000802,37,14,52.22,642.5,2,Month-to-month,Electronic check,No,1
CUST_000803,46,4,67.32,86.28,6,One year,Mailed check,Fiber optic,1
CUST_000804,38,21,94.4,1909.8,4,Month-to-month,Electronic check,Fiber optic,1
CUST_000805,38,6,110.75,719.4,2,One year,Bank transfer,Fiber optic,1
CUST_000806,40,9,76.96,712.2,3,Two year,Mailed check,DSL,0
CUST_000807,48,15,64.85,989.73,0,One year,Bank transfer,DSL,0
CUST_000808,37,0,106.7,0.0,0,Month-to-month,Electronic check,Fiber optic,1
CUST_000809,63,2,52.02,216.09,0,Month-to-month,Mailed check,DSL,1
CUST_000810,31,27,41.44,1117.06,1,One year,Credit card,Fiber optic,0
CUST_000811,42,13,71.0,926.43,3,Two year,Electronic check,Fiber optic,0
CUST_000812,38,48,122.51,5974.49,4,Two year,Electronic check,Fiber optic,0
CUST_000813,66,28,37.08,939.05,1,Two year,Credit card,Fiber optic,0
CUST_000814,47,0,78.59,22.85,2,Two year,Electronic check,No,0
CUST_000815,60,23,90.95,2134.11,2,Month-to-month,Credit card,DSL,0
CUST_000816,22,2,113.85,173.15,3,Month-to-month,Bank transfer,No,1
CUST_000817,49,36,66.65,2464.51,1,Month-to-month,Mailed check,No,1
CUST_000818,58,114,104.88,12004.45,1,One year,Bank transfer,Fiber optic,0
CUST_000819,46,18,73.05,1304.75,1,Month-to-month,Electronic check,DSL,1
CUST_000820,60,27,69.19,1854.96,2,Month-to-month,Bank transfer,No,0
CUST_000821,37,6,96.63,632.16,2,One year,Bank transfer,Fiber optic,1
CUST_000822,66,13,90.68,1257.62,1,Month-to-month,Electronic check,No,1
CUST_000823,79,46,118.89,5475.33,2,One year,Mailed check,Fiber optic,1
CUST_000824,39,4,104.0,528.04,3,Month-to-month,Credit card,No,1
CUST_000825,38,7,115.8,876.44,1,Two year,Credit card,DSL,0
CUST_000826,66,14,70.09,802.47,1,Two year,Credit card,Fiber optic,0
CUST_000827,68,29,132.97,3715.63,1,Two year,Bank transfer,Fiber optic,0
CUST_000828,37,11,47.07,635.95,3,One year,Electronic check,No,1
CUST_000829,38,63,122.94,7720.32,5,One year,Mailed check,No,1
CUST_000830,40,2,74.4,165.22,1,Month-to-month,Bank transfer,Fiber optic,1
CUST_000831,24,11,107.19,1293.02,4,One year,Electronic check,DSL,0
CUST_000832,31,29,82.18,2382.49,3,One year,Bank transfer,No,0
CUST_000833,29,6,101.39,612.09,1,Month-to-month,Credit card,Fiber optic,0
CUST_000834,33,25,125.52,3051.05,2,One year,Bank transfer,No,1
CUST_000835,44,4,95.23,417.92,5,Month-to-month,Electronic check,No,1
CUST_000836,48,1,98.11,156.76,0,Month-to-month,Bank transfer,Fiber optic,1
CUST_000837,68,3,28.22,26.86,2,Month-to-month,Electronic check,Fiber optic,1
CUST_000838,30,63,72.0,4443.53,2,One year,Electronic check,No,1
CUST_000839,59,19,126.93,2674.31,2,Two year,Bank transfer,DSL,1
CUST_000840,41,38,108.32,4106.82,2,One year,Bank transfer,No,0
CUST_000841,44,9,80.64,657.43,3,Month-to-month,Electronic check,DSL,1
CUST_000842,55,21,67.2,1481.81,2,Two year,Credit card,DSL,0
CUST_000843,28,16,32.44,513.94,3,Month-to-month,Electronic check,No,1
CUST_000844,50,69,91.41,6198.96,2,Month-to-month,Bank transfer,No,1
CUST_000845,47,33,86.39,2899.22,0,Two year,Credit card,DSL,1
CUST_000846,52,31,56.65,1670.71,2,One year,Mailed check,No,0
CUST_000847,49,1,37.81,195.46,2,One year,Mailed check,Fiber optic,0
CUST_000848,80,19,80.34,1575.94,1,Month-to-month,Electronic check,Fiber optic,0
CUST_000849,35,15,86.09,1263.67,4,Month-to-month,Electronic check,Fiber optic,0
CUST_000850,37,63,75.49,4766.92,1,Month-to-month,Electronic check,Fiber optic,0
CUST_000851,35,7,82.24,666.0,3,One year,Mailed check,DSL,1
CUST_000852,36,7,113.53,813.33,4,Month-to-month,Mailed check,DSL,1
CUST_000853,35,12,73.32,1092.02,4,Month-to-month,Bank transfer,No,1
CUST_000854,62,6,108.74,766.02,0,Month-to-month,Electronic check,No,1
CUST_000855,66,3,114.23,391.44,1,One year,Bank transfer,DSL,0
CUST_000856,36,46,52.24,2309.31,3,Month-to-month,Bank transfer,Fiber optic,1
CUST_000857,32,19,39.08,727.85,1,Two year,Bank transfer,Fiber optic,0
CUST_000858,52,47,91.1,4329.8,1,Month-to-month,Electronic check,No,0
CUST_000859,36,42,99.81,4109.74,3,Two year,Electronic check,DSL,1
CUST_000860,54,7,66.09,591.96,2,One year,Bank transfer,Fiber optic,1
CUST_000861,48,19,62.15,1083.34,2,One year,Electronic check,DSL,1
CUST_000862,22,2,85.1,106.48,3,Month-to-month,Electronic check,DSL,1
CUST_000863,68,59,49.71,2876.55,0,One year,Credit card,Fiber optic,0
CUST_000864,71,12,122.81,1548.07,0,Month-to-month,Credit card,No,1
CUST_000865,35,12,49.21,510.0,1,One year,Electronic check,Fiber optic,1
CUST_000866,39,8,115.71,745.68,2,Month-to-month,Bank transfer,Fiber optic,1
CUST_000867,49,14,37.9,639.42,1,Month-to-month,Mailed check,No,1
CUST_000868,50,6,46.81,236.41,0,Month-to-month,Mailed check,DSL,0
CUST_000869,54,11,48.99,432.01,1,Two year,Electronic check,Fiber optic,0
CUST_000870,75,38,138.62,5191.9,0,Month-to-month,Mailed check,DSL,0
CUST_000871,42,43,41.96,1975.96,2,Month-to-month,Mailed check,DSL,1
CUST_000872,33,8,87.96,638.01,3,One year,Mailed check,Fiber optic,0
CUST_000873,24,15,114.47,1704.69,0,One year,Bank transfer,DSL,0
CUST_000874,34,49,111.73,5429.95,2,Month-to-month,Electronic check,DSL,1
CUST_000875,44,1,56.77,0.0,1,Month-to-month,Mailed check,Fiber optic,0
CUST_000876,71,52,141.83,7300.94,2,Month-to-month,Credit card,No,1
CUST_000877,37,5,111.85,429.15,1,Month-to-month,Credit card,Fiber optic,0
CUST_000878,48,27,76.9,2171.77,1,Month-to-month,Bank transfer,Fiber optic,0
CUST_000879,44,20,87.33,1756.74,0,Two year,Mailed check,DSL,0
CUST_000880,62,19,126.25,2647.05,1,Month-to-month,Bank transfer,Fiber optic,0
CUST_000881,80,47,141.76,6591.64,1,Month-to-month,Electronic check,DSL,0
CUST_000882,37,2,65.98,46.08,0,Two year,Bank transfer,No,0
CUST_000883,37,10,109.74,1250.73,0,Two year,Electronic check,DSL,1
CUST_000884,60,18,59.2,1171.36,2,Month-to-month,Bank transfer,No,0
CUST_000885,55,40,77.18,3125.73,2,One year,Bank transfer,DSL,0
CUST_000886,72,5,38.98,83.54,4,One year,Electronic check,No,1
CUST_000887,53,38,59.92,2451.4,0,Month-to-month,Bank transfer,DSL,1
CUST_000888,39,12,91.69,1093.04,3,One year,Electronic check,DSL,0
CUST_000889,53,5,73.58,324.82,3,Two year,Electronic check,Fiber optic,0
CUST_000890,61,34,60.11,2158.14,1,Month-to-month,Bank transfer,DSL,0
CUST_000891,57,2,61.29,120.35,4,Month-to-month,Electronic check,DSL,0
CUST_000892,52,17,65.82,1002.34,0,One year,Bank transfer,DSL,0
CUST_000893,61,1,119.24,123.27,1,One year,Electronic check,DSL,1
CUST_000894,62,10,110.36,1025.43,4,One year,Electronic check,Fiber optic,1
CUST_000895,65,22,69.8,1234.59,2,Month-to-month,Bank transfer,DSL,0
CUST_000896,54,19,120.89,2208.77,2,Two year,Electronic check,DSL,1
CUST_000897,42,12,60.26,670.39,1,Two year,Mailed check,Fiber optic,0
CUST_000898,47,13,93.29,1097.21,4,Month-to-month,Credit card,Fiber optic,1
CUST_000899,63,6,119.66,775.51,1,Month-to-month,Credit card,DSL,1
CUST_000900,32,14,66.03,846.65,1,One year,Credit card,DSL,0
CUST_000901,50,73,124.49,9135.5,2,Month-to-month,Electronic check,Fiber optic,1
CUST_000902,39,45,72.09,3120.83,1,Two year,Bank transfer,No,0
CUST_000903,45,3,48.13,235.32,1,Month-to-month,Bank transfer,Fiber optic,0
CUST_000904,64,0,77.42,0.0,4,One year,Credit card,No,0
CUST_000905,47,65,150.43,9543.57,1,One year,Electronic check,No,1
CUST_000906,45,17,73.81,1378.55,2,One year,Bank transfer,Fiber optic,1
CUST_000907,24,18,122.76,2124.16,2,One year,Electronic check,Fiber optic,0
CUST_000908,56,36,129.44,4835.4,1,One year,Electronic check,Fiber optic,1
CUST_000909,54,9,49.88,505.35,4,Month-to-month,Mailed check,DSL,1
CUST_000910,77,15,67.68,1094.26,0,Two year,Bank transfer,No,0
CUST_000911,40,83,125.83,10548.46,0,Month-to-month,Electronic check,Fiber optic,0
CUST_000912,48,26,84.8,2216.19,2,Month-to-month,Electronic check,No,1
CUST_000913,48,4,31.6,138.79,2,One year,Mailed check,Fiber optic,0
CUST_000914,68,3,120.87,490.74,2,Month-to-month,Electronic check,DSL,0
CUST_000915,43,5,97.77,499.96,2,One year,Mailed check,DSL,0
CUST_000916,49,34,80.77,2673.34,1,Month-to-month,Credit card,DSL,0
CUST_000917,54,8,85.82,745.11,4,Month-to-month,Bank transfer,DSL,1
CUST_000918,47,0,28.76,0.0,2,Month-to-month,Mailed check,DSL,1
CUST_000919,38,69,104.03,7310.04,3,Month-to-month,Electronic check,No,1
CUST_000920,47,4,115.08,594.38,3,Two year,Credit card,DSL,0
CUST_000921,61,0,109.66,119.82,1,One year,Credit card,No,0
CUST_000922,29,6,56.74,456.41,2,Month-to-month,Bank transfer,Fiber optic,1
CUST_000923,46,6,76.14,448.4,2,One year,Mailed check,Fiber optic,1
CUST_000924,34,13,96.24,1240.43,1,Two year,Bank transfer,Fiber optic,0
CUST_000925,62,60,84.0,4917.09,2,Month-to-month,Bank transfer,No,0
CUST_000926,22,50,51.49,2749.2,2,Month-to-month,Mailed check,Fiber optic,1
CUST_000927,36,14,77.54,1037.12,1,Month-to-month,Bank transfer,DSL,1
CUST_000928,50,12,86.16,1067.95,2,Month-to-month,Electronic check,Fiber optic,1
CUST_000929,68,19,30.08,597.0,2,Two year,Credit card,DSL,0
CUST_000930,44,6,32.56,61.3,2,One year,Credit card,Fiber optic,0
CUST_000931,36,1,41.23,0.0,0,Month-to-month,Mailed check,Fiber optic,1
CUST_000932,73,67,88.31,5917.01,1,Two year,Credit card,Fiber optic,0
CUST_000933,23,4,76.11,259.04,2,One year,Bank transfer,No,0
CUST_000934,18,5,51.88,250.48,2,Two year,Credit card,No,0
CUST_000935,51,15,55.12,933.32,0,One year,Credit card,DSL,0
CUST_000936,37,16,114.93,1861.45,1,One year,Electronic check,Fiber optic,1
CUST_000937,29,0,34.51,75.85,3,Month-to-month,Electronic check,Fiber optic,0
CUST_000938,55,3,71.05,257.67,1,Month-to-month,Electronic check,DSL,1
CUST_000939,48,11,120.78,1296.97,2,Month-to-month,Electronic check,Fiber optic,1
CUST_000940,36,27,96.0,2491.86,2,Two year,Mailed check,No,0
CUST_000941,25,6,94.72,594.8,1,Month-to-month,Mailed check,DSL,1
CUST_000942,58,13,69.62,913.5,2,One year,Electronic check,DSL,1
CUST_000943,54,19,31.49,689.89,2,Month-to-month,Electronic check,No,1
CUST_000944,43,52,110.61,5736.79,3,Two year,Electronic check,DSL,0
CUST_000945,72,9,87.69,759.5,2,One year,Electronic check,Fiber optic,0
CUST_000946,28,3,32.54,74.68,1,Two year,Electronic check,Fiber optic,0
CUST_000947,22,16,74.22,1095.58,2,One year,Credit card,DSL,0
CUST_000948,34,32,127.53,4225.74,1,Two year,Credit card,Fiber optic,0
CUST_000949,44,2,41.51,196.98,1,One year,Electronic check,DSL,1
CUST_000950,48,13,72.61,822.63,0,Month-to-month,Bank transfer,DSL,1
CUST_000951,41,0,66.11,80.39,2,Month-to-month,Credit card,DSL,1
CUST_000952,50,0,101.08,0.0,3,Month-to-month,Mailed check,Fiber optic,0
CUST_000953,26,15,109.96,1747.89,2,Month-to-month,Bank transfer,DSL,1
CUST_000954,66,8,99.93,729.78,0,Two year,Credit card,Fiber optic,0
CUST_000955,43,44,78.55,3491.99,1,One year,Electronic check,Fiber optic,0
CUST_000956,61,22,38.2,647.53,2,Two year,Electronic check,Fiber optic,0
CUST_000957,50,14,61.95,747.41,2,Month-to-month,Bank transfer,No,0
CUST_000958,51,12,93.98,1174.62,3,Month-to-month,Mailed check,Fiber optic,1
CUST_000959,53,16,98.27,1502.3,2,Month-to-month,Electronic check,Fiber optic,1
CUST_000960,51,0,116.5,0.0,1,One year,Credit card,No,0
CUST_000961,54,53,91.86,5008.38,1,One year,Bank transfer,Fiber optic,0
CUST_000962,64,120,143.24,17410.32,2,One year,Electronic check,DSL,0
CUST_000963,47,4,75.92,397.38,4,Month-to-month,Bank transfer,No,1
CUST_000964,55,3,36.56,0.5,0,Month-to-month,Bank transfer,DSL,1
CUST_000965,43,3,67.62,379.21,1,One year,Electronic check,DSL,1
CUST_000966,66,25,86.98,2018.44,2,One year,Electronic check,No,1
CUST_000967,34,25,127.57,3158.92,2,Month-to-month,Credit card,DSL,1
CUST_000968,72,45,79.15,3567.4,5,Month-to-month,Electronic check,Fiber optic,0
CUST_000969,44,33,134.51,4631.23,2,Month-to-month,Mailed check,DSL,0
CUST_000970,23,14,81.23,1228.49,2,Month-to-month,Electronic check,No,1
CUST_000971,46,22,55.25,1169.06,1,One year,Credit card,No,0
CUST_000972,34,27,52.67,1327.5,0,One year,Electronic check,No,1
CUST_000973,57,17,42.67,825.6,1,Month-to-month,Electronic check,DSL,1
CUST_000974,35,15,72.79,1038.56,1,One year,Bank transfer,DSL,0
CUST_000975,38,24,34.19,842.3,3,Month-to-month,Electronic check,Fiber optic,0
CUST_000976,18,19,74.0,1269.11,0,One year,Electronic check,DSL,0
CUST_000977,38,24,130.84,3197.1,8,Month-to-month,Electronic check,Fiber optic,1
CUST_000978,18,22,98.01,2205.1,3,Two year,Mailed check,No,0
CUST_000979,21,30,110.98,3205.2,2,One year,Electronic check,DSL,1
CUST_000980,56,24,43.9,1156.78,1,Month-to-month,Mailed check,DSL,0
CUST_000981,56,17,75.81,1344.25,2,Two year,Bank transfer,No,0
CUST_000982,51,27,62.12,1751.3,3,One year,Electronic check,Fiber optic,0
CUST_000983,30,14,116.41,1591.87,2,Month-to-month,Bank transfer,DSL,1
CUST_000984,44,6,41.13,264.67,3,Month-to-month,Bank transfer,Fiber optic,1
CUST_000985,44,0,65.87,6.34,0,Month-to-month,Bank transfer,Fiber optic,1
CUST_000986,27,19,88.3,1662.97,1,Two year,Electronic check,No,1
CUST_000987,67,21,81.9,1737.04,1,Month-to-month,Mailed check,Fiber optic,1
CUST_000988,58,85,145.52,12495.21,2,One year,Bank transfer,Fiber optic,0
CUST_000989,41,10,48.15,588.95,2,One year,Electronic check,Fiber optic,0
CUST_000990,45,12,63.74,646.68,4,One year,Bank transfer,Fiber optic,0
CUST_000991,48,5,101.71,607.08,3,Two year,Electronic check,No,0
CUST_000992,18,1,73.31,192.42,2,One year,Electronic check,No,1
CUST_000993,41,35,77.71,2704.79,2,Month-to-month,Bank transfer,Fiber optic,1
CUST_000994,34,6,25.94,206.51,1,Month-to-month,Bank transfer,Fiber optic,0
CUST_000995,29,22,106.34,2388.85,0,One year,Bank transfer,DSL,0
CUST_000996,40,27,130.72,3444.39,3,One year,Electronic check,DSL,1
CUST_000997,71,15,89.53,1304.73,2,Month-to-month,Bank transfer,No,0
CUST_000998,54,50,130.65,6607.79,0,Month-to-month,Electronic check,Fiber optic,0
CUST_000999,36,14,78.69,1052.04,2,One year,Credit card,Fiber optic,0
CUST_001000,53,8,47.17,474.89,3,One year,Electronic check,Fiber optic,1
CUST_001001,65,54,48.44,2746.48,3,Month-to-month,Bank transfer,DSL,0
CUST_001002,58,47,108.84,5229.84,2,Month-to-month,Credit card,No,1
CUST_001003,45,4,71.31,483.22,3,One year,Electronic check,Fiber optic,0
CUST_001004,35,0,98.21,0.0,3,One year,Electronic check,DSL,0
CUST_001005,55,2,90.47,198.66,1,Month-to-month,Credit card,DSL,0
CUST_001006,50,8,122.8,1014.43,2,Month-to-month,Bank transfer,Fiber optic,1
CUST_001007,58,86,114.03,9800.65,1,Month-to-month,Electronic check,No,0
CUST_001008,54,19,72.22,1426.35,1,Month-to-month,Bank transfer,Fiber optic,1
CUST_001009,60,11,54.17,424.79,1,Two year,Bank transfer,DSL,0
CUST_001010,36,52,93.69,4892.17,1,One year,Mailed check,Fiber optic,0
CUST_001011,64,14,114.29,1462.28,2,Two year,Credit card,Fiber optic,0
CUST_001012,47,9,28.74,162.43,0,Two year,Mailed check,Fiber optic,0
CUST_001013,76,68,151.79,10395.01,1,Month-to-month,Mailed check,DSL,0
CUST_001014,34,45,141.83,6362.47,5,One year,Electronic check,No,1
CUST_001015,71,44,101.78,4548.18,2,Month-to-month,Credit card,Fiber optic,0
CUST_001016,47,17,61.65,1026.05,1,One year,Electronic check,Fiber optic,0
CUST_001017,35,37,60.8,2360.42,2,Month-to-month,Electronic check,No,1
CUST_001018,37,4,49.65,174.69,1,Month-to-month,Bank transfer,Fiber optic,1
CUST_001019,40,20,35.01,504.72,3,Month-to-month,Electronic check,Fiber optic,1
CUST_001020,51,99,117.01,11606.64,1,One year,Mailed check,Fiber optic,0
CUST_001021,52,8,29.73,20.97,1,Month-to-month,Electronic check,DSL,1
CUST_001022,36,37,110.35,3937.58,3,Month-to-month,Electronic check,No,0
CUST_001023,44,16,65.19,954.79,2,Two year,Bank transfer,Fiber optic,0
CUST_001024,77,0,39.94,0.0,2,One year,Bank transfer,DSL,0
CUST_001025,70,34,91.49,3056.0,2,Month-to-month,Bank transfer,No,0
CUST_001026,51,4,119.38,373.3,0,Month-to-month,Bank transfer,Fiber optic,0
CUST_001027,45,23,101.01,2182.71,0,One year,Mailed check,Fiber optic,0
CUST_001028,46,2,70.17,294.53,1,Month-to-month,Mailed check,No,1
CUST_001029,54,70,132.69,9220.59,3,One year,Electronic check,Fiber optic,0
CUST_001030,29,8,97.75,558.9,3,One year,Electronic check,DSL,1
CUST_001031,41,6,112.17,636.95,1,One year,Credit card,DSL,0
CUST_001032,19,3,41.97,13.43,1,Two year,Bank transfer,No,0
CUST_001033,50,70,140.89,9773.65,1,One year,Electronic check,DSL,0
CUST_001034,54,29,64.6,1944.51,0,Month-to-month,Electronic check,Fiber optic,1
CUST_001035,37,32,130.1,4118.38,3,Month-to-month,Credit card,Fiber optic,0
CUST_001036,68,16,56.11,782.44,1,Month-to-month,Credit card,Fiber optic,1
CUST_001037,26,15,120.18,1847.4,4,One year,Bank transfer,Fiber optic,1
CUST_001038,23,2,117.38,349.75,5,Two year,Mailed check,Fiber optic,0
CUST_001039,48,19,44.05,890.62,1,Month-to-month,Credit card,Fiber optic,0
CUST_001040,60,6,120.45,477.34,4,Two year,Bank transfer,DSL,0
CUST_001041,70,90,73.57,6510.01,3,Two year,Bank transfer,DSL,0
CUST_001042,38,38,60.86,2317.3,3,Two year,Bank transfer,Fiber optic,0
CUST_001043,61,12,70.42,820.57,0,One year,Mailed check,Fiber optic,0
CUST_001044,44,3,120.86,329.85,4,Month-to-month,Bank transfer,DSL,1
CUST_001045,42,36,86.86,3028.55,6,Month-to-month,Electronic check,Fiber optic,1
CUST_001046,58,3,76.54,89.06,1,One year,Electronic check,No,1
CUST_001047,54,5,91.94,660.49,3,One year,Bank transfer,DSL,0
CUST_001048,21,5,119.33,599.36,0,Month-to-month,Mailed check,DSL,1
CUST_001049,67,19,107.84,2113.08,1,One year,Mailed check,Fiber optic,0
CUST_001050,65,37,60.92,2254.49,3,Month-to-month,Mailed check,No,1
CUST_001051,35,9,54.8,497.83,2,One year,Credit card,DSL,0
CUST_001052,50,2,30.76,55.32,4,Two year,Credit card,DSL,0
CUST_001053,52,14,91.45,1168.19,1,Month-to-month,Mailed check,DSL,1
CUST_001054,48,33,54.57,1649.49,1,One year,Mailed check,DSL,0
CUST_001055,36,6,48.74,331.07,5,One year,Bank transfer,Fiber optic,0
CUST_001056,34,5,111.31,575.34,1,Month-to-month,Bank transfer,Fiber optic,1
CUST_001057,44,70,87.68,6231.12,0,Month-to-month,Credit card,DSL,1
CUST_001058,62,73,113.16,8334.56,2,One year,Electronic check,DSL,1
CUST_001059,53,111,115.26,12712.63,1,Month-to-month,Bank transfer,Fiber optic,0
CUST_001060,39,39,46.9,1942.48,5,Two year,Electronic check,Fiber optic,0
CUST_001061,56,5,58.79,370.43,2,Two year,Bank transfer,Fiber optic,0
CUST_001062,18,5,63.31,385.62,5,Month-to-month,Electronic check,Fiber optic,1
CUST_001063,62,9,114.07,1251.56,4,Month-to-month,Bank transfer,Fiber optic,0
CUST_001064,18,9,56.95,716.9,2,One year,Bank transfer,No,0
CUST_001065,39,75,95.42,7225.8,1,One year,Credit card,DSL,0
CUST_001066,28,37,116.79,4377.74,2,Month-to-month,Credit card,No,0
CUST_001067,25,30,110.9,3435.04,2,Month-to-month,Credit card,DSL,0
CUST_001068,62,4,101.83,348.92,4,One year,Electronic check,No,1
CUST_001069,37,57,143.88,8144.01,1,Two year,Mailed check,Fiber optic,1
CUST_001070,50,42,120.56,5130.68,0,Month-to-month,Mailed check,Fiber optic,1
CUST_001071,44,4,62.76,165.4,4,One year,Bank transfer,Fiber optic,0
CUST_001072,52,49,126.65,6265.17,1,Two year,Electronic check,Fiber optic,0
CUST_001073,46,7,74.37,536.26,4,Month-to-month,Credit card,Fiber optic,0
CUST_001074,25,2,48.77,11.92,1,Month-to-month,Mailed check,DSL,1
CUST_001075,59,25,62.79,1572.38,5,Two year,Bank transfer,Fiber optic,0
CUST_001076,37,25,54.88,1502.61,1,Month-to-month,Credit card,DSL,0
CUST_001077,21,2,35.5,79.24,1,Month-to-month,Credit card,DSL,0
CUST_001078,38,9,42.95,395.2,0,One year,Mailed check,Fiber optic,0
CUST_001079,67,118,85.32,10100.4,1,Month-to-month,Mailed check,No,0
CUST_001080,57,27,122.35,3349.24,4,One year,Bank transfer,Fiber optic,0
CUST_001081,39,31,128.6,3953.54,3,Month-to-month,Bank transfer,No,1
CUST_001082,39,5,81.18,440.91,3,One year,Bank transfer,Fiber optic,0
CUST_001083,40,1,104.55,0.0,2,Month-to-month,Electronic check,DSL,1
CUST_001084,76,7,41.86,213.09,3,Two year,Electronic check,DSL,1
CUST_001085,50,6,113.17,611.89,2,One year,Electronic check,DSL,0
CUST_001086,51,6,73.64,488.79,1,One year,Electronic check,Fiber optic,1
CUST_001087,60,5,29.22,162.11,5,Month-to-month,Electronic check,DSL,1
CUST_001088,48,20,44.13,869.19,1,Two year,Bank transfer,Fiber optic,1
CUST_001089,41,9,55.4,567.66,1,Month-to-month,Electronic check,No,0
CUST_001090,42,41,44.86,1876.97,1,Month-to-month,Bank transfer,Fiber optic,0
CUST_001091,43,4,52.93,182.72,0,Month-to-month,Credit card,Fiber optic,1
CUST_001092,44,14,32.99,358.38,2,Two year,Electronic check,DSL,1
CUST_001093,55,0,43.6,0.0,6,One year,Mailed check,Fiber optic,1
CUST_001094,45,15,54.07,664.32,2,Two year,Electronic check,DSL,0
CUST_001095,55,1,119.94,133.99,2,Month-to-month,Electronic check,No,1
CUST_001096,43,91,89.05,8017.76,2,One year,Mailed check,DSL,0
CUST_001097,46,37,62.42,2259.96,2,One year,Electronic check,DSL,1
CUST_001098,18,16,96.68,1534.1,5,One year,Mailed check,Fiber optic,0
CUST_001099,58,2,106.94,318.27,0,One year,Electronic check,DSL,0
CUST_001100,50,21,69.21,1546.2,1,One year,Credit card,DSL,0
CUST_001101,59,34,124.56,4229.63,2,Two year,Mailed check,Fiber optic,0
CUST_001102,18,5,56.51,409.12,3,One year,Electronic check,DSL,1
CUST_001103,76,20,49.7,792.8,1,Two year,Mailed check,No,0
CUST_001104,42,40,72.96,3106.28,1,One year,Electronic check,DSL,1
CUST_001105,61,35,98.44,3514.5,3,Two year,Mailed check,DSL,0
CUST_001106,29,38,75.71,2887.42,4,One year,Mailed check,DSL,0
CUST_001107,54,50,112.29,5525.33,1,One year,Credit card,DSL,0
CUST_001108,29,66,76.69,5017.97,3,Month-to-month,Mailed check,No,1
CUST_001109,35,12,96.1,1214.13,2,Two year,Electronic check,DSL,1
CUST_001110,73,20,64.74,1358.08,0,Month-to-month,Bank transfer,Fiber optic,0
CUST_001111,42,37,84.09,3178.05,2,Month-to-month,Mailed check,No,0
CUST_001112,48,28,89.77,2440.84,2,One year,Electronic check,DSL,1
CUST_001113,58,120,148.62,17741.72,1,One year,Credit card,Fiber optic,0
CUST_001114,52,0,43.87,19.52,1,One year,Electronic check,Fiber optic,1
CUST_001115,47,10,108.59,1162.93,3,One year,Bank transfer,Fiber optic,0
CUST_001116,50,7,95.68,670.11,1,One year,Bank transfer,No,0
CUST_001117,80,7,46.91,476.52,2,Two year,Mailed check,Fiber optic,0
CUST_001118,44,6,120.5,726.3,3,One year,Electronic check,DSL,1
CUST_001119,48,29,100.98,2928.34,2,Two year,Mailed check,DSL,0
CUST_001120,60,2,66.24,199.54,0,Month-to-month,Mailed check,DSL,1
CUST_001121,61,32,51.75,1778.01,3,Month-to-month,Credit card,DSL,0
CUST_001122,62,28,87.32,2310.09,1,One year,Electronic check,Fiber optic,1
CUST_001123,54,6,39.48,125.06,1,Month-to-month,Bank transfer,No,0
CUST_001124,27,6,65.95,364.37,1,Two year,Bank transfer,Fiber optic,0
CUST_001125,69,23,72.37,1980.43,2,One year,Bank transfer,No,0
CUST_001126,27,34,108.99,3679.65,1,One year,Bank transfer,Fiber optic,1
CUST_001127,49,50,64.24,3199.74,0,Month-to-month,Credit card,No,1
CUST_001128,33,45,124.69,5672.76,3,One year,Mailed check,DSL,0
CUST_001129,44,80,92.61,7506.75,0,One year,Credit card,Fiber optic,0
CUST_001130,49,20,74.4,1504.96,3,Month-to-month,Electronic check,DSL,1
CUST_001131,49,57,125.73,7283.28,1,Two year,Mailed check,Fiber optic,0
CUST_001132,51,39,102.04,3860.13,2,One year,Electronic check,No,0
CUST_001133,69,54,77.8,4124.73,1,Month-to-month,Bank transfer,DSL,1
CUST_001134,51,0,58.62,116.25,2,Month-to-month,Bank transfer,DSL,0
CUST_001135,41,81,91.08,7378.47,2,Month-to-month,Mailed check,DSL,1
CUST_001136,59,15,86.98,1178.41,4,Month-to-month,Mailed check,No,1
CUST_001137,62,38,72.26,2613.72,2,Month-to-month,Mailed check,Fiber optic,0
CUST_001138,26,3,94.07,201.12,4,Month-to-month,Electronic check,Fiber optic,1
CUST_001139,53,12,83.98,1007.96,0,One year,Mailed check,Fiber optic,1
CUST_001140,55,7,38.07,313.23,1,Two year,Electronic check,Fiber optic,0
CUST_001141,40,8,55.03,407.31,2,Month-to-month,Mailed check,No,1
CUST_001142,65,3,43.64,169.43,1,Month-to-month,Bank transfer,Fiber optic,1
CUST_001143,42,39,78.53,3019.01,3,Month-to-month,Bank transfer,Fiber optic,1
CUST_001144,46,0,71.6,122.39,2,Month-to-month,Mailed check,No,1
CUST_001145,42,8,74.68,852.59,2,Month-to-month,Credit card,Fiber optic,1
CUST_001146,45,4,97.45,350.55,5,Month-to-month,Electronic check,DSL,1
CUST_001147,28,21,49.42,1085.75,1,Month-to-month,Bank transfer,Fiber optic,0
CUST_001148,23,7,118.15,866.87,2,Month-to-month,Electronic check,Fiber optic,0
CUST_001149,68,7,57.78,418.36,2,One year,Bank transfer,DSL,0
CUST_001150,32,16,58.02,993.72,1,Month-to-month,Bank transfer,DSL,1
CUST_001151,30,25,101.02,2573.33,3,Month-to-month,Bank transfer,DSL,0
CUST_001152,18,3,102.05,259.05,2,Two year,Bank transfer,Fiber optic,0
CUST_001153,35,4,59.85,371.04,2,One year,Electronic check,DSL,1
CUST_001154,25,6,97.68,606.27,2,Month-to-month,Electronic check,No,1
CUST_001155,69,87,151.87,13174.52,2,Month-to-month,Bank transfer,Fiber optic,1
CUST_001156,60,12,102.68,1476.48,2,Month-to-month,Bank transfer,No,1
CUST_001157,34,21,33.92,700.69,1,Two year,Electronic check,DSL,0
CUST_001158,78,6,105.74,659.92,2,Two year,Electronic check,No,0
CUST_001159,59,16,105.45,1704.71,4,Month-to-month,Bank transfer,No,1
CUST_001160,40,1,87.43,74.44,1,Month-to-month,Credit card,DSL,0
CUST_001161,18,0,96.0,44.87,1,Two year,Mailed check,DSL,0
CUST_001162,79,15,125.44,1797.14,2,Month-to-month,Electronic check,Fiber optic,0
CUST_001163,24,12,69.11,888.99,3,Month-to-month,Electronic check,Fiber optic,1
CUST_001164,20,3,28.22,0.0,6,Month-to-month,Bank transfer,Fiber optic,1
CUST_001165,60,27,79.59,2019.1,1,One year,Mailed check,DSL,1
CUST_001166,80,118,83.64,10052.49,5,Month-to-month,Electronic check,Fiber optic,0
CUST_001167,65,12,55.43,539.48,1,Month-to-month,Electronic check,DSL,1
CUST_001168,53,23,90.19,1878.33,6,One year,Bank transfer,DSL,0
CUST_001169,53,79,90.46,7023.38,1,One year,Electronic check,Fiber optic,0
CUST_001170,57,42,109.54,4774.67,1,Two year,Mailed check,DSL,0
CUST_001171,56,14,109.2,1349.59,5,Month-to-month,Credit card,Fiber optic,0
CUST_001172,49,32,78.04,2401.82,3,Two year,Credit card,DSL,0
CUST_001173,46,3,111.51,188.72,0,Month-to-month,Bank transfer,Fiber optic,1
CUST_001174,44,17,36.48,592.81,1,Month-to-month,Electronic check,Fiber optic,1
CUST_001175,33,7,107.51,708.98,5,Month-to-month,Electronic check,Fiber optic,1
CUST_001176,40,4,104.86,371.35,2,One year,Electronic check,DSL,0
CUST_001177,19,13,58.7,948.71,1,Two year,Electronic check,DSL,1
CUST_001178,43,3,51.37,34.21,1,Month-to-month,Electronic check,No,1
CUST_001179,30,28,64.51,1796.05,2,Two year,Electronic check,DSL,0
CUST_001180,28,14,108.14,1547.81,3,One year,Bank transfer,No,0
CUST_001181,47,18,112.17,1920.96,4,Month-to-month,Bank transfer,Fiber optic,0
CUST_001182,65,3,54.47,212.08,0,Month-to-month,Electronic check,Fiber optic,1
CUST_001183,58,3,80.76,202.3,3,Month-to-month,Electronic check,No,1
CUST_001184,21,21,44.39,969.69,0,One year,Bank transfer,Fiber optic,0
CUST_001185,30,100,116.88,11676.99,1,One year,Electronic check,DSL,1
CUST_001186,59,2,120.88,36.71,1,Month-to-month,Electronic check,DSL,1
CUST_001187,30,8,39.88,449.68,1,Month-to-month,Mailed check,Fiber optic,1
CUST_001188,41,48,138.76,6867.35,3,Month-to-month,Mailed check,Fiber optic,0
CUST_001189,53,1,102.93,85.25,2,One year,Bank transfer,DSL,0
CUST_001190,30,50,142.22,7021.28,2,Month-to-month,Bank transfer,DSL,1
CUST_001191,46,17,46.46,940.39,3,Two year,Mailed check,Fiber optic,1
CUST_001192,24,12,47.35,757.26,2,Month-to-month,Bank transfer,Fiber optic,1
CUST_001193,35,8,25.69,188.61,3,One year,Electronic check,No,0
CUST_001194,49,8,96.47,749.89,0,Month-to-month,Mailed check,No,1
CUST_001195,21,8,88.41,699.28,0,Month-to-month,Bank transfer,No,1
CUST_001196,51,51,63.31,3061.18,4,Month-to-month,Bank transfer,Fiber optic,0
CUST_001197,44,30,114.11,3394.32,1,One year,Electronic check,Fiber optic,0
CUST_001198,53,26,62.92,1807.4,4,Month-to-month,Electronic check,DSL,1
CUST_001199,48,38,52.5,1978.11,5,Month-to-month,Electronic check,No,1
CUST_001200,65,7,65.76,356.29,1,Month-to-month,Mailed check,No,0
CUST_001201,46,23,40.6,983.4,2,Month-to-month,Mailed check,Fiber optic,0
CUST_001202,38,14,53.32,679.82,1,Two year,Electronic check,Fiber optic,0
CUST_001203,46,36,75.13,2698.15,1,Month-to-month,Bank transfer,No,1
CUST_001204,53,8,109.19,746.61,1,Two year,Bank transfer,No,0
CUST_001205,45,24,111.25,2566.45,0,One year,Electronic check,No,0
CUST_001206,45,51,89.78,4652.31,1,Two year,Electronic check,No,1
CUST_001207,34,12,98.46,1193.08,2,Month-to-month,Bank transfer,Fiber optic,0
CUST_001208,35,1,77.36,0.0,1,Month-to-month,Bank transfer,Fiber optic,1
CUST_001209,23,17,62.58,1075.88,2,Month-to-month,Electronic check,Fiber optic,1
CUST_001210,71,10,97.59,915.16,1,One year,Bank transfer,Fiber optic,1
CUST_001211,26,26,101.35,2556.72,6,Two year,Credit card,No,0
CUST_001212,34,72,117.91,8605.88,2,Month-to-month,Electronic check,DSL,1
CUST_001213,34,15,89.3,1417.72,4,One year,Bank transfer,DSL,1
CUST_001214,58,15,95.8,1434.85,2,One year,Electronic check,Fiber optic,1
CUST_001215,40,25,70.95,1788.3,0,One year,Electronic check,No,1
CUST_001216,63,2,107.91,214.98,2,Month-to-month,Mailed check,Fiber optic,1
CUST_001217,34,7,39.73,326.82,3,Month-to-month,Mailed check,DSL,0
CUST_001218,49,60,138.39,8223.36,1,Month-to-month,Bank transfer,Fiber optic,1
CUST_001219,32,26,67.23,1834.18,2,Month-to-month,Bank transfer,Fiber optic,1
CUST_001220,77,0,32.5,35.36,3,Month-to-month,Electronic check,No,1
CUST_001221,27,5,82.5,386.21,2,Month-to-month,Mailed check,No,1
CUST_001222,49,27,71.1,1870.89,1,Month-to-month,Bank transfer,DSL,0
CUST_001223,54,34,118.55,4114.81,1,One year,Electronic check,DSL,0
CUST_001224,51,43,84.58,3621.83,2,Two year,Mailed check,Fiber optic,0
CUST_001225,42,8,90.86,656.96,1,Two year,Electronic check,Fiber optic,1
CUST_001226,43,64,82.83,5262.39,1,Month-to-month,Electronic check,DSL,0
CUST_001227,45,19,50.45,1035.38,2,Month-to-month,Bank transfer,No,0
CUST_001228,42,28,72.8,1877.48,3,Two year,Mailed check,No,0
CUST_001229,59,21,91.18,1879.26,3,Month-to-month,Electronic check,Fiber optic,0
CUST_001230,78,3,87.19,368.64,3,Two year,Electronic check,DSL,0
CUST_001231,36,79,117.32,9251.51,1,One year,Electronic check,DSL,0
CUST_001232,24,3,120.31,388.2,0,Two year,Bank transfer,DSL,0
CUST_001233,43,7,92.61,756.94,0,Month-to-month,Electronic check,DSL,1
CUST_001234,80,40,133.15,5415.31,2,One year,Mailed check,No,0
CUST_001235,32,23,43.29,951.74,5,One year,Electronic check,DSL,0
CUST_001236,69,43,47.64,2035.36,2,Month-to-month,Mailed check,DSL,0
CUST_001237,70,17,59.6,1103.67,1,One year,Mailed check,DSL,0
CUST_001238,36,11,39.16,524.69,5,Month-to-month,Credit card,DSL,0
CUST_001239,53,61,103.09,6279.49,4,Month-to-month,Bank transfer,DSL,0
CUST_001240,69,0,71.9,0.0,0,Two year,Credit card,No,0
CUST_001241,39,46,100.5,4649.99,2,One year,Mailed check,No,1
CUST_001242,41,6,97.52,721.83,2,Month-to-month,Bank transfer,Fiber optic,0
CUST_001243,36,45,139.63,6390.24,3,Month-to-month,Credit card,DSL,1
CUST_001244,29,3,109.33,397.32,2,Month-to-month,Electronic check,Fiber optic,1
CUST_001245,35,20,41.84,728.87,1,Month-to-month,Credit card,No,0
CUST_001246,26,52,79.85,4124.79,1,Month-to-month,Electronic check,No,0
CUST_001247,45,15,53.08,774.01,2,One year,Bank transfer,Fiber optic,0
CUST_001248,33,32,53.68,1859.66,4,One year,Bank transfer,DSL,1
CUST_001249,48,39,93.97,3641.04,1,Month-to-month,Electronic check,No,1
CUST_001250,21,32,91.33,3047.79,0,Month-to-month,Credit card,Fiber optic,0
CUST_001251,49,62,73.72,4513.85,3,Month-to-month,Credit card,Fiber optic,0
CUST_001252,57,14,98.19,1325.57,3,Month-to-month,Bank transfer,DSL,0
CUST_001253,18,4,95.29,429.31,1,One year,Electronic check,DSL,0
CUST_001254,50,1,22.6,179.41,3,Two year,Mailed check,Fiber optic,1
CUST_001255,63,6,62.58,354.28,2,Two year,Electronic check,DSL,1
CUST_001256,26,3,110.51,75.27,0,Month-to-month,Credit card,Fiber optic,0
CUST_001257,70,19,81.53,1392.69,0,Month-to-month,Mailed check,Fiber optic,0
CUST_001258,51,4,56.76,256.85,2,One year,Bank transfer,No,0
CUST_001259,34,0,45.37,0.0,2,Month-to-month,Bank transfer,DSL,0
CUST_001260,44,0,44.34,0.0,2,Month-to-month,Electronic check,Fiber optic,1
CUST_001261,53,42,50.98,2142.26,1,One year,Mailed check,DSL,0
CUST_001262,46,21,112.22,2111.74,3,One year,Mailed check,No,0
CUST_001263,53,10,33.67,298.68,1,Month-to-month,Mailed check,Fiber optic,1
CUST_001264,31,53,75.73,3897.18,2,Month-to-month,Credit card,DSL,1
CUST_001265,47,1,25.07,0.0,2,Two year,Electronic check,Fiber optic,0
CUST_001266,23,94,145.14,13562.82,2,One year,Mailed check,Fiber optic,1
CUST_001267,43,22,34.93,661.5,1,Two year,Electronic check,Fiber optic,0
CUST_001268,31,4,52.83,258.27,2,Two year,Electronic check,No,0
CUST_001269,33,27,90.83,2572.06,4,Two year,Bank transfer,No,0
CUST_001270,63,34,77.96,2614.07,1,Two year,Electronic check,DSL,1
CUST_001271,61,13,54.73,651.84,4,One year,Electronic check,Fiber optic,0
CUST_001272,54,47,71.02,3296.47,2,Month-to-month,Credit card,Fiber optic,0
CUST_001273,28,3,101.28,193.02,1,Month-to-month,Bank transfer,Fiber optic,0
CUST_001274,40,7,120.9,717.41,2,Month-to-month,Electronic check,No,1
CUST_001275,63,2,55.8,0.0,1,Month-to-month,Credit card,Fiber optic,0
CUST_001276,47,5,26.41,0.0,2,Month-to-month,Credit card,DSL,1
CUST_001277,79,6,26.66,323.14,2,Two year,Electronic check,Fiber optic,0
CUST_001278,50,59,125.42,7330.82,3,Month-to-month,Credit card,DSL,1
CUST_001279,47,1,75.74,0.0,4,One year,Mailed check,DSL,0
CUST_001280,40,13,104.86,1304.46,1,Two year,Credit card,Fiber optic,1
CUST_001281,47,18,98.75,1618.45,1,Month-to-month,Credit card,DSL,0
CUST_001282,42,54,137.75,7444.48,0,Month-to-month,Bank transfer,Fiber optic,0
CUST_001283,55,120,168.58,20225.06,0,Two year,Electronic check,No,0
CUST_001284,59,33,115.33,3811.57,2,Month-to-month,Credit card,No,1
CUST_001285,33,84,109.52,9195.52,2,Month-to-month,Mailed check,DSL,0
CUST_001286,25,37,69.31,2527.3,0,Month-to-month,Electronic check,Fiber optic,1
CUST_001287,18,79,110.2,8560.42,3,Month-to-month,Mailed check,Fiber optic,1
CUST_001288,52,29,84.71,2449.04,2,One year,Mailed check,Fiber optic,0
CUST_001289,28,1,81.53,183.42,1,One year,Credit card,DSL,0
CUST_001290,18,12,44.61,716.68,5,Month-to-month,Bank transfer,DSL,1
CUST_001291,50,24,97.56,2317.69,2,One year,Electronic check,Fiber optic,1
CUST_001292,80,10,70.66,693.64,1,Month-to-month,Electronic check,Fiber optic,1
CUST_001293,44,7,85.52,648.69,3,Month-to-month,Electronic check,Fiber optic,1
CUST_001294,57,20,53.96,1228.53,5,One year,Bank transfer,Fiber optic,0
CUST_001295,46,65,95.94,6187.44,2,One year,Bank transfer,No,0
CUST_001296,43,0,41.02,69.27,1,Month-to-month,Mailed check,No,1
CUST_001297,58,35,125.03,4293.79,2,One year,Mailed check,DSL,0
CUST_001298,40,30,83.8,2546.87,3,Two year,Electronic check,Fiber optic,0
CUST_001299,49,79,82.0,6574.91,1,Two year,Mailed check,Fiber optic,0
CUST_001300,49,64,56.12,3462.65,1,One year,Electronic check,DSL,0
CUST_001301,34,34,104.57,3503.0,0,Month-to-month,Electronic check,Fiber optic,1
CUST_001302,59,17,49.96,944.87,3,One year,Mailed check,DSL,0
CUST_001303,42,5,121.46,668.91,1,Month-to-month,Electronic check,DSL,1
CUST_001304,33,18,82.37,1586.26,2,Month-to-month,Credit card,DSL,0
CUST_001305,53,34,65.9,2325.37,2,Two year,Credit card,DSL,0
CUST_001306,31,54,112.77,6055.35,2,Two year,Bank transfer,Fiber optic,0
CUST_001307,45,37,66.02,2662.73,3,Month-to-month,Mailed check,DSL,0
CUST_001308,44,5,104.53,536.33,2,Month-to-month,Bank transfer,Fiber optic,0
CUST_001309,61,21,61.32,982.22,2,One year,Credit card,No,0
CUST_001310,52,9,123.32,1081.69,4,Two year,Electronic check,Fiber optic,0
CUST_001311,44,0,80.51,0.0,0,One year,Mailed check,No,0
CUST_001312,57,5,106.94,614.23,2,Two year,Bank transfer,DSL,0
CUST_001313,65,2,28.28,11.44,1,Two year,Bank transfer,DSL,0
CUST_001314,53,44,76.83,3490.41,2,One year,Bank transfer,No,0
CUST_001315,45,7,97.25,736.55,3,One year,Electronic check,No,1
CUST_001316,25,8,89.51,616.04,4,One year,Electronic check,DSL,1
CUST_001317,29,77,77.92,5986.13,0,One year,Mailed check,Fiber optic,0
CUST_001318,40,11,61.12,594.77,1,One year,Electronic check,Fiber optic,0
CUST_001319,35,0,46.34,18.48,1,One year,Electronic check,Fiber optic,1
CUST_001320,42,8,85.34,604.55,1,One year,Electronic check,Fiber optic,0
CUST_001321,45,3,55.96,175.31,4,One year,Electronic check,DSL,0
CUST_001322,52,2,51.91,76.58,3,One year,Electronic check,DSL,1
CUST_001323,43,1,41.24,26.02,2,Month-to-month,Bank transfer,DSL,0
CUST_001324,52,21,71.4,1704.55,3,One year,Mailed check,DSL,1
CUST_001325,45,5,42.05,174.2,3,Month-to-month,Bank transfer,DSL,0
CUST_001326,18,10,121.26,1019.13,3,Month-to-month,Electronic check,DSL,1
CUST_001327,30,47,58.95,2872.24,4,Two year,Electronic check,DSL,0
CUST_001328,42,13,117.83,1632.59,3,Month-to-month,Electronic check,DSL,1
CUST_001329,26,59,92.35,5250.6,3,One year,Credit card,Fiber optic,0
CUST_001330,53,16,65.79,982.5,3,One year,Electronic check,DSL,1
CUST_001331,67,12,49.13,633.16,3,One year,Electronic check,No,1
CUST_001332,63,33,100.08,3354.92,0,Month-to-month,Bank transfer,Fiber optic,1
CUST_001333,41,1,89.05,88.58,3,Month-to-month,Electronic check,No,1
CUST_001334,67,2,67.76,137.3,4,Month-to-month,Credit card,Fiber optic,0
CUST_001335,47,25,38.07,857.91,0,Month-to-month,Bank transfer,DSL,1
CUST_001336,39,16,119.85,1677.63,2,Month-to-month,Credit card,No,0
CUST_001337,35,37,136.53,5256.67,2,One year,Bank transfer,DSL,0
CUST_001338,40,59,92.6,5366.79,4,Month-to-month,Electronic check,DSL,1
CUST_001339,39,11,86.87,973.18,1,Two year,Electronic check,DSL,1
CUST_001340,47,21,75.53,1570.24,1,One year,Electronic check,Fiber optic,0
CUST_001341,47,16,60.19,1052.73,2,One year,Bank transfer,Fiber optic,0
CUST_001342,45,95,75.23,7158.52,2,One year,Bank transfer,DSL,0
CUST_001343,51,42,86.61,3652.83,1,Month-to-month,Credit card,Fiber optic,0
CUST_001344,62,58,130.84,7325.2,0,Month-to-month,Bank transfer,No,0
CUST_001345,59,7,25.2,93.09,0,Two year,Electronic check,Fiber optic,0
CUST_001346,22,35,95.71,3424.34,1,One year,Electronic check,DSL,1
CUST_001347,18,7,111.58,846.51,2,One year,Mailed check,DSL,0
CUST_001348,59,5,44.25,126.11,2,Two year,Electronic check,Fiber optic,0
CUST_001349,24,69,72.83,4867.16,1,One year,Bank transfer,DSL,1
CUST_001350,41,0,97.23,12.66,1,Month-to-month,Electronic check,Fiber optic,1
CUST_001351,27,80,85.51,6550.01,4,Month-to-month,Bank transfer,Fiber optic,1
CUST_001352,18,3,40.7,7.23,1,Month-to-month,Bank transfer,DSL,0
CUST_001353,53,41,78.3,3386.27,3,Two year,Bank transfer,Fiber optic,0
CUST_001354,56,7,62.75,583.76,4,Month-to-month,Credit card,No,0
CUST_001355,36,10,112.41,1172.83,1,Month-to-month,Bank transfer,Fiber optic,0
CUST_001356,18,5,84.34,452.46,0,Two year,Bank transfer,No,0
CUST_001357,36,21,71.1,1298.0,2,Month-to-month,Electronic check,Fiber optic,1
CUST_001358,50,10,78.44,710.32,0,Month-to-month,Credit card,Fiber optic,0
CUST_001359,22,25,127.9,3167.9,0,Two year,Electronic check,No,0
CUST_001360,47,0,31.32,0.0,3,One year,Mailed check,Fiber optic,1
CUST_001361,44,1,41.27,6.25,3,One year,Credit card,DSL,0
CUST_001362,53,2,117.25,364.43,0,Month-to-month,Electronic check,DSL,1
CUST_001363,46,13,122.23,1534.84,4,One year,Electronic check,No,0
CUST_001364,30,40,57.72,2274.57,2,Two year,Electronic check,Fiber optic,0
CUST_001365,62,52,60.51,3220.52,1,One year,Electronic check,Fiber optic,0
CUST_001366,42,6,65.11,248.7,1,One year,Bank transfer,Fiber optic,0
CUST_001367,44,20,34.97,615.42,0,Month-to-month,Electronic check,Fiber optic,0
CUST_001368,31,35,102.99,3530.89,2,Two year,Electronic check,Fiber optic,1
CUST_001369,38,8,31.75,259.56,2,One year,Credit card,Fiber optic,1
CUST_001370,31,12,31.8,347.14,2,Two year,Electronic check,No,1
CUST_001371,42,17,77.02,1277.98,4,Month-to-month,Electronic check,DSL,0
CUST_001372,70,3,117.28,285.35,0,One year,Electronic check,Fiber optic,0
CUST_001373,24,0,62.68,0.0,3,Two year,Electronic check,Fiber optic,0
CUST_001374,20,3,57.15,232.36,2,Month-to-month,Electronic check,DSL,1
CUST_001375,67,23,131.3,2986.02,0,Two year,Bank transfer,DSL,0
CUST_001376,41,1,73.7,135.6,2,Month-to-month,Electronic check,Fiber optic,1
CUST_001377,34,5,60.02,188.96,1,Month-to-month,Electronic check,DSL,0
CUST_001378,60,9,63.09,501.25,4,Two year,Bank transfer,Fiber optic,0
CUST_001379,35,1,40.0,17.88,0,Month-to-month,Electronic check,DSL,0
CUST_001380,72,5,73.72,355.82,2,One year,Mailed check,DSL,0
CUST_001381,55,58,92.89,5462.8,0,Month-to-month,Electronic check,No,1
CUST_001382,37,0,47.08,0.0,2,One year,Mailed check,DSL,0
CUST_001383,77,25,48.55,1288.52,2,One year,Electronic check,No,0
CUST_001384,35,11,56.62,660.36,2,Month-to-month,Bank transfer,Fiber optic,1
CUST_001385,56,26,83.87,2169.89,4,Month-to-month,Mailed check,DSL,1
CUST_001386,49,21,36.33,667.87,1,Two year,Bank transfer,Fiber optic,0
CUST_001387,64,6,38.37,305.93,2,Two year,Credit card,Fiber optic,0
CUST_001388,68,45,137.27,6084.32,2,Two year,Bank transfer,No,0
CUST_001389,45,16,82.29,1314.44,0,Month-to-month,Credit card,DSL,1
CUST_001390,33,41,46.84,1915.25,0,One year,Electronic check,Fiber optic,0
CUST_001391,51,12,95.31,1123.0,1,Two year,Credit card,Fiber optic,0
CUST_001392,34,100,76.18,7579.1,4,Month-to-month,Electronic check,Fiber optic,1
CUST_001393,75,35,111.39,3816.35,1,Two year,Electronic check,Fiber optic,0
CUST_001394,47,81,135.5,10813.5,1,Month-to-month,Mailed check,Fiber optic,1
CUST_001395,39,17,93.61,1731.71,1,One year,Bank transfer,Fiber optic,0
CUST_001396,47,15,100.72,1461.63,1,Month-to-month,Credit card,No,0
CUST_001397,24,33,45.3,1481.98,2,One year,Mailed check,No,0
CUST_001398,30,50,117.68,5870.48,3,Month-to-month,Electronic check,DSL,1
CUST_001399,63,79,73.17,5889.9,2,Month-to-month,Electronic check,Fiber optic,0
CUST_001400,35,9,58.45,719.37,0,Month-to-month,Mailed check,No,0
CUST_001401,29,38,133.27,5080.42,1,Month-to-month,Mailed check,No,1
CUST_001402,53,5,72.79,348.24,4,Month-to-month,Electronic check,DSL,1
CUST_001403,62,18,125.74,2151.02,2,Month-to-month,Credit card,No,1
CUST_001404,55,4,30.89,0.0,2,Two year,Electronic check,DSL,0
CUST_001405,59,10,72.76,550.16,1,Month-to-month,Mailed check,Fiber optic,0
CUST_001406,33,64,58.24,3647.79,0,Two year,Mailed check,Fiber optic,0
CUST_001407,23,3,84.52,44.48,1,Month-to-month,Credit card,No,1
CUST_001408,67,24,39.87,1064.78,1,Month-to-month,Bank transfer,No,0
CUST_001409,40,21,48.04,1051.08,3,Month-to-month,Electronic check,No,1
CUST_001410,41,3,47.38,116.99,0,Two year,Bank transfer,Fiber optic,0
CUST_001411,64,9,99.37,1005.31,3,Two year,Electronic check,DSL,0
CUST_001412,53,19,45.9,764.91,4,Month-to-month,Electronic check,DSL,1
CUST_001413,51,4,106.66,344.65,3,Month-to-month,Mailed check,DSL,1
CUST_001414,77,38,52.19,1789.86,2,One year,Credit card,DSL,0
CUST_001415,35,85,66.02,5689.51,1,Month-to-month,Credit card,No,1
CUST_001416,58,5,62.0,228.99,0,Two year,Mailed check,Fiber optic,0
CUST_001417,45,4,119.94,481.35,2,One year,Bank transfer,No,0
CUST_001418,49,14,38.03,632.74,1,Two year,Bank transfer,Fiber optic,1
CUST_001419,67,33,46.67,1677.26,1,Month-to-month,Bank transfer,No,0
CUST_001420,52,7,98.62,687.4,1,Month-to-month,Electronic check,No,1
CUST_001421,53,0,51.22,38.42,2,Two year,Mailed check,Fiber optic,1
CUST_001422,61,18,100.73,1722.72,1,Month-to-month,Electronic check,DSL,1
CUST_001423,39,75,77.5,5980.92,3,Month-to-month,Electronic check,DSL,0
CUST_001424,32,11,71.51,769.96,7,One year,Bank transfer,DSL,1
CUST_001425,29,13,53.03,697.41,2,Month-to-month,Electronic check,DSL,1
CUST_001426,18,83,106.65,8811.5,2,Two year,Electronic check,Fiber optic,0
CUST_001427,75,28,110.91,3225.4,2,Two year,Credit card,Fiber optic,0
CUST_001428,28,30,111.2,3355.99,3,Month-to-month,Bank transfer,DSL,0
CUST_001429,41,19,81.08,1616.56,4,Month-to-month,Mailed check,No,0
CUST_001430,40,88,156.84,13837.07,2,Month-to-month,Electronic check,No,1
CUST_001431,49,28,60.38,1668.55,4,Month-to-month,Mailed check,DSL,0
CUST_001432,57,54,71.03,3928.63,4,Month-to-month,Electronic check,DSL,1
CUST_001433,57,28,95.38,2705.19,2,Month-to-month,Bank transfer,DSL,1
CUST_001434,36,31,97.63,2930.42,2,Month-to-month,Electronic check,Fiber optic,0
CUST_001435,42,8,28.65,130.31,1,One year,Mailed check,No,0
CUST_001436,49,8,84.78,693.1,0,One year,Electronic check,Fiber optic,1
CUST_001437,41,36,75.44,2806.72,4,Two year,Bank transfer,Fiber optic,0
CUST_001438,69,8,98.74,953.9,0,Month-to-month,Credit card,DSL,0
CUST_001439,52,19,110.31,1918.18,3,One year,Mailed check,Fiber optic,0
CUST_001440,56,6,78.22,471.86,1,One year,Electronic check,DSL,1
CUST_001441,54,40,40.17,1655.78,1,Month-to-month,Credit card,Fiber optic,1
CUST_001442,62,2,84.64,198.84,1,One year,Mailed check,DSL,0
CUST_001443,47,42,115.89,4968.23,1,Month-to-month,Electronic check,DSL,0
CUST_001444,25,22,55.9,1295.32,0,Month-to-month,Electronic check,Fiber optic,0
CUST_001445,50,4,68.46,175.31,3,Month-to-month,Electronic check,DSL,0
CUST_001446,35,18,125.57,2158.83,0,Month-to-month,Electronic check,Fiber optic,0
CUST_001447,37,7,53.31,404.43,3,Month-to-month,Electronic check,Fiber optic,0
CUST_001448,53,9,46.82,520.39,5,Month-to-month,Credit card,No,0
CUST_001449,63,10,46.09,475.2,1,Month-to-month,Electronic check,No,0
CUST_001450,45,1,76.38,0.0,3,Month-to-month,Mailed check,Fiber optic,1
CUST_001451,49,102,165.98,16825.11,2,Month-to-month,Bank transfer,Fiber optic,0
CUST_001452,70,0,80.87,69.15,0,Month-to-month,Bank transfer,DSL,1
CUST_001453,48,26,63.33,1611.78,4,One year,Credit card,Fiber optic,1
CUST_001454,80,11,89.36,994.72,0,Month-to-month,Credit card,Fiber optic,1
CUST_001455,53,24,94.48,2374.16,3,Two year,Mailed check,DSL,0
CUST_001456,18,10,84.69,726.7,2,Month-to-month,Bank transfer,Fiber optic,0
CUST_001457,56,26,48.94,1231.08,1,Month-to-month,Mailed check,DSL,1
CUST_001458,50,31,98.96,3015.37,1,Month-to-month,Mailed check,No,0
CUST_001459,64,28,77.02,2192.0,3,One year,Electronic check,DSL,0
CUST_001460,55,2,22.86,123.01,2,One year,Bank transfer,Fiber optic,1
CUST_001461,42,25,86.48,2013.88,2,Two year,Electronic check,DSL,0
CUST_001462,26,7,122.43,856.43,1,Month-to-month,Electronic check,DSL,1
CUST_001463,41,0,54.97,86.93,3,Month-to-month,Electronic check,DSL,1
CUST_001464,32,12,122.56,1285.19,2,Two year,Bank transfer,Fiber optic,0
CUST_001465,36,13,36.12,463.13,0,One year,Electronic check,Fiber optic,1
CUST_001466,53,15,100.75,1389.6,0,Month-to-month,Bank transfer,Fiber optic,1
CUST_001467,70,29,45.93,1267.9,0,Two year,Credit card,Fiber optic,0
CUST_001468,50,8,51.36,160.35,1,One year,Electronic check,DSL,0
CUST_001469,27,9,81.58,873.53,0,Month-to-month,Bank transfer,DSL,0
CUST_001470,51,1,79.78,44.2,2,Month-to-month,Mailed check,DSL,0
CUST_001471,62,27,111.02,2916.85,2,Month-to-month,Bank transfer,Fiber optic,1
CUST_001472,35,20,91.53,1863.45,1,One year,Electronic check,DSL,0
CUST_001473,42,10,84.36,739.38,4,Month-to-month,Credit card,DSL,1
CUST_001474,45,29,125.74,3532.6,2,Month-to-month,Credit card,DSL,0
CUST_001475,33,18,74.22,1486.92,1,Month-to-month,Mailed check,Fiber optic,1
CUST_001476,54,15,50.03,931.26,1,Two year,Electronic check,Fiber optic,0
CUST_001477,43,17,44.68,700.33,2,Month-to-month,Bank transfer,Fiber optic,1
CUST_001478,51,24,72.0,1834.72,3,One year,Mailed check,Fiber optic,1
CUST_001479,31,25,103.78,2629.99,3,One year,Credit card,DSL,0
CUST_001480,38,8,28.25,84.65,1,One year,Bank transfer,Fiber optic,0
CUST_001481,55,3,34.41,10.4,0,One year,Bank transfer,DSL,0
CUST_001482,39,4,32.61,285.56,2,One year,Bank transfer,No,0
CUST_001483,70,24,90.53,2029.92,2,Month-to-month,Mailed check,DSL,1
CUST_001484,39,49,68.79,3598.64,0,Month-to-month,Credit card,No,0
CUST_001485,48,12,42.63,454.38,0,Month-to-month,Mailed check,DSL,0
CUST_001486,58,4,81.28,483.19,3,One year,Mailed check,Fiber optic,0
CUST_001487,23,33,112.63,3686.27,2,Month-to-month,Electronic check,No,0
CUST_001488,18,42,74.22,3197.04,4,Month-to-month,Electronic check,Fiber optic,1
CUST_001489,22,51,103.32,5408.85,2,One year,Electronic check,Fiber optic,1
CUST_001490,63,22,40.81,1036.87,1,Month-to-month,Bank transfer,DSL,0
CUST_001491,36,47,137.02,6381.46,3,One year,Bank transfer,Fiber optic,0
CUST_001492,80,0,53.69,0.0,1,Two year,Mailed check,Fiber optic,0
CUST_001493,36,2,120.75,233.38,2,One year,Credit card,Fiber optic,1
CUST_001494,47,2,118.86,107.67,3,Month-to-month,Bank transfer,DSL,1
CUST_001495,68,29,112.38,3283.01,0,One year,Electronic check,DSL,0
CUST_001496,75,1,22.51,0.0,3,Month-to-month,Mailed check,No,1
CUST_001497,75,16,82.35,1425.83,2,Month-to-month,Mailed check,No,0
CUST_001498,63,15,36.18,485.74,3,One year,Mailed check,No,1
CUST_001499,60,8,113.51,733.88,0,Month-to-month,Electronic check,Fiber optic,0
CUST_001500,53,49,123.46,6189.81,1,One year,Electronic check,No,0
CUST_001501,56,4,119.23,495.27,4,One year,Electronic check,DSL,0
CUST_001502,36,10,85.84,861.3,0,Month-to-month,Credit card,Fiber optic,0
CUST_001503,32,35,89.72,3249.54,4,Month-to-month,Mailed check,DSL,1
CUST_001504,44,0,71.9,87.16,1,Month-to-month,Mailed check,Fiber optic,1
CUST_001505,42,26,71.64,1786.58,3,Month-to-month,Bank transfer,DSL,1
CUST_001506,38,40,86.87,3429.78,1,Two year,Electronic check,DSL,0
CUST_001507,55,64,115.54,7283.35,2,Month-to-month,Bank transfer,DSL,0
CUST_001508,59,50,138.29,6768.29,4,One year,Bank transfer,DSL,0
CUST_001509,46,9,84.09,814.66,3,Two year,Electronic check,No,0
CUST_001510,67,21,116.21,2479.66,2,One year,Electronic check,Fiber optic,0
CUST_001511,27,1,106.78,182.86,4,Month-to-month,Mailed check,Fiber optic,0
CUST_001512,42,7,75.38,655.84,3,One year,Bank transfer,No,1
CUST_001513,34,2,55.75,188.94,1,Month-to-month,Bank transfer,Fiber optic,0
CUST_001514,18,9,88.46,882.46,3,One year,Credit card,Fiber optic,0
CUST_001515,43,49,89.09,4157.5,3,Two year,Credit card,Fiber optic,0
CUST_001516,43,10,33.14,300.74,2,Month-to-month,Mailed check,DSL,0
CUST_001517,67,19,67.28,1374.79,4,Month-to-month,Bank transfer,Fiber optic,1
CUST_001518,54,13,125.91,1519.97,2,One year,Credit card,Fiber optic,0
CUST_001519,29,14,31.85,455.08,2,Month-to-month,Bank transfer,DSL,0
CUST_001520,72,83,131.17,10938.78,3,Two year,Mailed check,DSL,0
CUST_001521,63,8,108.12,909.24,3,Two year,Mailed check,Fiber optic,0
CUST_001522,53,23,96.37,2253.45,3,One year,Mailed check,No,1
CUST_001523,41,13,83.47,1145.06,2,Month-to-month,Mailed check,Fiber optic,1
CUST_001524,30,1,91.26,109.33,2,Month-to-month,Mailed check,Fiber optic,1
CUST_001525,39,16,70.93,988.66,2,Month-to-month,Electronic check,No,1
CUST_001526,61,40,49.14,2016.14,4,Month-to-month,Mailed check,DSL,1
CUST_001527,73,2,117.24,262.95,2,Month-to-month,Credit card,DSL,1
CUST_001528,68,1,63.73,0.0,1,Month-to-month,Mailed check,Fiber optic,0
CUST_001529,37,4,88.54,492.13,1,One year,Electronic check,DSL,0
CUST_001530,28,34,90.13,3117.84,0,One year,Bank transfer,DSL,0
CUST_001531,47,30,40.47,1075.98,3,Two year,Bank transfer,No,1
CUST_001532,18,19,124.77,2289.0,2,Month-to-month,Bank transfer,DSL,1
CUST_001533,49,15,106.75,1544.9,7,Month-to-month,Bank transfer,Fiber optic,1
CUST_001534,42,52,60.91,3110.83,2,Month-to-month,Bank transfer,DSL,1
CUST_001535,38,34,135.16,4624.91,1,Two year,Bank transfer,DSL,0
CUST_001536,21,40,113.69,4449.97,1,Month-to-month,Credit card,DSL,0
CUST_001537,52,40,87.23,3602.1,2,Two year,Bank transfer,Fiber optic,0
CUST_001538,37,24,93.14,2339.87,1,Two year,Mailed check,Fiber optic,0
CUST_001539,27,14,37.67,589.36,2,Month-to-month,Electronic check,DSL,1
CUST_001540,18,48,100.04,4806.4,3,Month-to-month,Bank transfer,DSL,0
CUST_001541,44,62,58.37,3712.44,1,Month-to-month,Electronic check,Fiber optic,1
CUST_001542,71,0,74.49,0.0,2,Month-to-month,Credit card,DSL,0
CUST_001543,69,1,75.77,3.32,2,Month-to-month,Mailed check,DSL,1
CUST_001544,38,76,145.44,11172.75,2,Month-to-month,Credit card,No,0
CUST_001545,35,7,96.01,703.79,2,One year,Mailed check,DSL,0
CUST_001546,52,49,69.46,3334.9,2,Month-to-month,Mailed check,Fiber optic,1
CUST_001547,30,11,114.34,1215.99,3,Month-to-month,Mailed check,DSL,1
CUST_001548,49,3,78.82,162.83,2,One year,Electronic check,No,0
CUST_001549,56,2,81.64,365.49,1,Month-to-month,Electronic check,Fiber optic,1
CUST_001550,63,4,38.9,156.0,1,Month-to-month,Mailed check,Fiber optic,1
CUST_001551,43,6,108.78,668.44,4,Month-to-month,Credit card,Fiber optic,0
CUST_001552,41,16,121.1,2009.67,2,Month-to-month,Mailed check,Fiber optic,0
CUST_001553,31,29,112.0,3126.44,2,One year,Credit card,No,0
CUST_001554,32,103,165.58,17163.9,0,One year,Credit card,DSL,0
CUST_001555,41,13,56.73,676.71,2,Month-to-month,Electronic check,DSL,1
CUST_001556,50,17,114.61,2131.4,0,Month-to-month,Bank transfer,DSL,1
CUST_001557,58,17,77.39,1284.35,1,Month-to-month,Mailed check,Fiber optic,1
CUST_001558,32,18,45.39,920.81,2,Month-to-month,Electronic check,DSL,1
CUST_001559,67,17,95.38,1371.78,2,One year,Electronic check,Fiber optic,1
CUST_001560,40,0,88.41,0.0,3,Month-to-month,Electronic check,Fiber optic,1
CUST_001561,44,0,48.69,0.0,3,Month-to-month,Bank transfer,DSL,1
CUST_001562,33,2,23.75,0.0,1,Month-to-month,Mailed check,Fiber optic,0
CUST_001563,18,2,40.98,142.06,1,One year,Electronic check,Fiber optic,1
CUST_001564,58,29,74.48,2191.15,2,Month-to-month,Credit card,DSL,0
CUST_001565,56,5,39.26,97.2,5,Two year,Electronic check,DSL,1
CUST_001566,40,54,66.4,3584.17,0,Month-to-month,Bank transfer,Fiber optic,1
CUST_001567,46,63,90.64,5790.91,3,Month-to-month,Credit card,No,1
CUST_001568,52,89,160.68,14090.1,1,Two year,Bank transfer,DSL,0
CUST_001569,21,67,129.92,8577.58,4,One year,Mailed check,Fiber optic,1
CUST_001570,37,7,55.47,354.82,0,Month-to-month,Electronic check,No,1
CUST_001571,56,17,123.66,2104.6,2,One year,Mailed check,DSL,0
CUST_001572,26,4,86.56,340.4,0,Month-to-month,Mailed check,Fiber optic,1
CUST_001573,49,39,85.04,3405.68,1,One year,Bank transfer,DSL,1
CUST_001574,24,52,92.83,4874.88,1,Month-to-month,Bank transfer,DSL,0
CUST_001575,51,45,83.57,3830.51,0,Two year,Electronic check,DSL,0
CUST_001576,44,13,49.8,508.4,2,Month-to-month,Mailed check,Fiber optic,1
CUST_001577,20,34,75.66,2587.03,2,One year,Credit card,Fiber optic,0
CUST_001578,62,2,73.79,116.87,3,One year,Bank transfer,DSL,1
CUST_001579,33,0,72.8,146.21,0,Month-to-month,Mailed check,DSL,0
CUST_001580,32,33,112.67,3735.67,2,Two year,Credit card,Fiber optic,0
CUST_001581,48,13,62.38,744.03,3,Month-to-month,Credit card,DSL,1
CUST_001582,62,120,151.68,18286.83,2,Month-to-month,Electronic check,Fiber optic,0
CUST_001583,29,2,78.81,213.95,1,One year,Electronic check,Fiber optic,1
CUST_001584,45,46,139.18,6320.33,2,Two year,Credit card,No,0
CUST_001585,51,15,66.03,955.58,2,Month-to-month,Electronic check,DSL,0
CUST_001586,55,42,131.12,5473.96,2,Two year,Bank transfer,Fiber optic,0
CUST_001587,47,40,122.06,5005.32,1,Month-to-month,Electronic check,DSL,1
CUST_001588,39,59,113.27,6703.04,3,Two year,Electronic check,DSL,1
CUST_001589,32,8,89.45,788.29,5,One year,Mailed check,Fiber optic,1
CUST_001590,46,71,63.96,4492.19,3,Month-to-month,Electronic check,DSL,1
CUST_001591,28,3,116.52,383.05,3,Two year,Electronic check,DSL,0
CUST_001592,18,2,31.69,193.72,1,Month-to-month,Mailed check,DSL,1
CUST_001593,51,13,82.82,1040.6,2,One year,Electronic check,DSL,1
CUST_001594,58,42,74.01,3119.81,3,Two year,Electronic check,DSL,0
CUST_001595,18,15,70.49,920.95,3,Two year,Electronic check,No,1
CUST_001596,29,42,102.02,4208.21,2,One year,Mailed check,Fiber optic,0
CUST_001597,54,31,126.39,3884.49,3,Month-to-month,Credit card,DSL,0
CUST_001598,75,5,68.26,235.2,3,One year,Electronic check,DSL,1
CUST_001599,45,71,154.27,11085.58,5,One year,Bank transfer,Fiber optic,0
CUST_001600,34,1,79.78,0.0,1,Two year,Mailed check,DSL,0
CUST_001601,42,54,63.06,3483.67,6,Month-to-month,Electronic check,DSL,0
CUST_001602,65,8,43.0,362.69,3,Month-to-month,Electronic check,DSL,1
CUST_001603,35,16,99.61,1596.86,2,Month-to-month,Electronic check,DSL,1
CUST_001604,33,13,31.54,558.63,0,Month-to-month,Bank transfer,No,1
CUST_001605,37,4,70.03,54.08,1,Month-to-month,Credit card,Fiber optic,0
CUST_001606,30,10,39.82,378.6,3,Month-to-month,Mailed check,Fiber optic,1
CUST_001607,46,5,65.82,221.07,2,One year,Electronic check,Fiber optic,0
CUST_001608,69,5,97.49,291.32,0,Month-to-month,Electronic check,DSL,1
CUST_001609,49,4,67.88,152.05,2,One year,Credit card,Fiber optic,0
CUST_001610,41,16,44.35,711.25,1,Two year,Electronic check,Fiber optic,1
CUST_001611,40,38,64.19,2366.78,1,Month-to-month,Bank transfer,Fiber optic,0
CUST_001612,21,20,66.75,1424.74,1,Month-to-month,Electronic check,DSL,1
CUST_001613,58,53,53.46,2811.79,2,Month-to-month,Electronic check,Fiber optic,1
CUST_001614,43,24,90.43,2137.94,1,One year,Electronic check,Fiber optic,0
CUST_001615,42,28,94.75,2621.07,3,One year,Credit card,DSL,0
CUST_001616,80,26,39.22,1009.75,1,Month-to-month,Bank transfer,DSL,0
CUST_001617,49,14,67.23,899.39,1,One year,Electronic check,Fiber optic,0
CUST_001618,33,28,75.4,2026.08,4,Month-to-month,Electronic check,DSL,1
CUST_001619,38,1,53.88,152.8,1,Two year,Mailed check,Fiber optic,0
CUST_001620,62,47,99.27,4603.47,1,Month-to-month,Electronic check,Fiber optic,1
CUST_001621,46,36,72.6,2575.09,1,Two year,Mailed check,Fiber optic,0
CUST_001622,23,6,64.64,430.79,1,Month-to-month,Bank transfer,Fiber optic,0
CUST_001623,58,35,117.25,4135.71,2,Month-to-month,Mailed check,DSL,1
CUST_001624,34,0,36.21,0.0,3,One year,Credit card,Fiber optic,0
CUST_001625,73,5,84.41,497.56,1,Month-to-month,Bank transfer,No,0
CUST_001626,61,1,71.06,124.83,2,Month-to-month,Mailed check,DSL,1
CUST_001627,38,36,68.51,2484.06,3,One year,Bank transfer,Fiber optic,0
CUST_001628,64,33,109.25,3562.23,2,Month-to-month,Electronic check,Fiber optic,1
CUST_001629,46,40,95.12,3764.08,4,Month-to-month,Electronic check,DSL,1
CUST_001630,57,0,67.74,0.0,1,Month-to-month,Bank transfer,No,1
CUST_001631,52,16,94.77,1393.09,0,Two year,Electronic check,Fiber optic,1
CUST_001632,32,29,114.73,3323.22,1,Month-to-month,Electronic check,No,1
CUST_001633,35,4,119.27,566.28,1,One year,Mailed check,Fiber optic,0
CUST_001634,60,25,95.44,2473.51,2,Month-to-month,Credit card,DSL,1
CUST_001635,39,2,108.44,178.8,0,Month-to-month,Credit card,Fiber optic,1
CUST_001636,38,4,22.11,194.84,0,Month-to-month,Bank transfer,Fiber optic,1
CUST_001637,30,15,80.52,1398.44,0,Month-to-month,Credit card,DSL,1
CUST_001638,51,25,53.96,1317.5,1,Month-to-month,Bank transfer,Fiber optic,1
CUST_001639,75,3,30.92,161.91,3,Month-to-month,Electronic check,Fiber optic,1
CUST_001640,28,4,75.2,74.51,3,Month-to-month,Mailed check,DSL,1
CUST_001641,45,5,97.18,360.1,1,Month-to-month,Bank transfer,No,0
CUST_001642,66,6,64.23,394.48,2,One year,Electronic check,Fiber optic,1
CUST_001643,43,6,90.01,439.39,2,One year,Electronic check,Fiber optic,0
CUST_001644,51,12,74.97,1103.58,3,Month-to-month,Bank transfer,DSL,1
CUST_001645,29,25,76.21,1965.0,3,One year,Electronic check,No,1
CUST_001646,51,13,55.53,818.42,0,Two year,Credit card,Fiber optic,0
CUST_001647,42,35,75.76,2648.67,2,Two year,Mailed check,DSL,0
CUST_001648,59,30,69.98,1999.07,2,One year,Electronic check,Fiber optic,0
CUST_001649,62,3,86.12,206.48,4,Month-to-month,Electronic check,Fiber optic,1
CUST_001650,80,1,32.1,57.54,0,Month-to-month,Bank transfer,DSL,1
CUST_001651,53,50,54.26,2649.39,2,Month-to-month,Mailed check,No,1
CUST_001652,49,1,86.5,153.62,4,One year,Electronic check,No,1
CUST_001653,47,3,76.13,299.53,0,Month-to-month,Bank transfer,DSL,1
CUST_001654,39,0,63.02,0.5,1,Month-to-month,Mailed check,Fiber optic,0
CUST_001655,50,23,46.74,892.56,0,Two year,Bank transfer,DSL,0
CUST_001656,40,20,71.1,1593.53,4,Two year,Mailed check,DSL,0
CUST_001657,47,104,150.97,15679.94,1,Two year,Credit card,DSL,0
CUST_001658,64,52,134.96,7288.96,1,Month-to-month,Mailed check,DSL,0
CUST_001659,29,12,96.26,1220.35,1,Two year,Electronic check,Fiber optic,1
CUST_001660,62,11,31.49,325.41,0,One year,Bank transfer,Fiber optic,0
CUST_001661,64,8,91.04,773.11,2,One year,Bank transfer,DSL,0
CUST_001662,43,3,45.6,0.0,1,Month-to-month,Electronic check,DSL,1
CUST_001663,18,3,53.03,261.69,0,Two year,Bank transfer,DSL,0
CUST_001664,35,3,41.09,379.96,1,Month-to-month,Electronic check,Fiber optic,1
CUST_001665,64,2,98.58,0.0,3,Month-to-month,Credit card,Fiber optic,0
CUST_001666,44,6,87.86,498.42,0,Month-to-month,Mailed check,DSL,1
CUST_001667,30,8,85.18,670.93,4,One year,Electronic check,DSL,1
CUST_001668,37,78,125.8,9899.71,4,One year,Electronic check,DSL,0
CUST_001669,57,20,53.68,1284.14,3,Two year,Credit card,Fiber optic,0
CUST_001670,53,105,116.96,12319.55,1,Month-to-month,Credit card,Fiber optic,0
CUST_001671,41,11,88.83,1191.26,0,Month-to-month,Mailed check,Fiber optic,0
CUST_001672,39,14,90.66,1286.27,0,One year,Electronic check,Fiber optic,0
CUST_001673,39,9,103.69,978.31,4,Month-to-month,Mailed check,Fiber optic,1
CUST_001674,31,4,50.71,235.67,2,Month-to-month,Bank transfer,Fiber optic,0
CUST_001675,69,3,98.53,417.63,1,Month-to-month,Bank transfer,Fiber optic,1
CUST_001676,40,69,98.52,6755.54,1,One year,Credit card,DSL,0
CUST_001677,63,103,138.52,14349.11,2,One year,Bank transfer,No,0
CUST_001678,67,1,66.07,0.0,1,Month-to-month,Electronic check,DSL,1
CUST_001679,59,3,116.36,320.63,1,Month-to-month,Electronic check,No,1
CUST_001680,38,13,44.43,513.92,8,Month-to-month,Bank transfer,No,1
CUST_001681,51,4,89.5,366.8,4,One year,Electronic check,No,0
CUST_001682,44,10,82.65,794.93,0,One year,Credit card,DSL,0
CUST_001683,31,3,38.77,229.53,3,Two year,Electronic check,DSL,0
CUST_001684,49,14,33.6,382.54,2,Two year,Mailed check,No,0
CUST_001685,27,7,103.41,550.77,3,Two year,Electronic check,No,1
CUST_001686,62,10,40.75,271.72,6,Month-to-month,Electronic check,Fiber optic,1
CUST_001687,38,2,39.65,178.72,1,One year,Electronic check,Fiber optic,1
CUST_001688,48,13,124.34,1519.51,1,One year,Electronic check,No,1
CUST_001689,49,98,140.73,13830.94,1,One year,Electronic check,DSL,1
CUST_001690,41,9,49.55,416.46,2,Two year,Mailed check,No,0
CUST_001691,53,50,104.09,5287.17,5,Month-to-month,Electronic check,DSL,0
CUST_001692,37,44,95.41,4175.02,2,Month-to-month,Electronic check,DSL,0
CUST_001693,58,72,140.45,10388.64,3,Month-to-month,Mailed check,Fiber optic,1
CUST_001694,24,37,111.43,4312.8,2,Month-to-month,Credit card,Fiber optic,0
CUST_001695,46,25,115.67,2860.28,4,One year,Bank transfer,Fiber optic,0
CUST_001696,74,46,64.15,2905.72,6,Month-to-month,Credit card,DSL,0
CUST_001697,29,1,84.52,397.75,0,One year,Credit card,DSL,0
CUST_001698,34,14,31.02,326.45,3,Month-to-month,Electronic check,Fiber optic,1
CUST_001699,52,108,80.89,8731.06,0,Two year,Bank transfer,DSL,0
CUST_001700,47,35,108.85,3812.09,2,Two year,Electronic check,Fiber optic,0
CUST_001701,50,78,61.44,4792.24,0,One year,Credit card,No,0
CUST_001702,52,36,95.98,3281.28,1,Month-to-month,Electronic check,No,0
CUST_001703,54,49,128.54,6348.15,1,Month-to-month,Electronic check,DSL,1
CUST_001704,61,29,72.49,2005.3,1,One year,Credit card,DSL,0
CUST_001705,51,34,41.48,1554.06,4,Two year,Credit card,DSL,0
CUST_001706,41,17,99.88,1552.44,2,One year,Electronic check,Fiber optic,1
CUST_001707,55,61,143.47,8757.53,2,Two year,Electronic check,Fiber optic,0
CUST_001708,73,41,112.22,4379.29,6,One year,Bank transfer,DSL,0
CUST_001709,43,44,99.84,4177.73,1,One year,Electronic check,DSL,1
CUST_001710,30,26,56.0,1372.14,1,One year,Credit card,Fiber optic,0
CUST_001711,61,8,25.54,134.48,3,One year,Credit card,DSL,0
CUST_001712,43,0,89.47,146.57,4,One year,Electronic check,No,0
CUST_001713,18,65,75.6,4910.11,1,Month-to-month,Electronic check,Fiber optic,0
CUST_001714,57,21,116.32,2571.88,4,Two year,Electronic check,DSL,0
CUST_001715,36,8,70.64,527.11,1,Two year,Electronic check,DSL,0
CUST_001716,43,3,74.56,284.3,1,One year,Mailed check,DSL,0
CUST_001717,49,42,116.39,4815.99,4,One year,Bank transfer,No,0
CUST_001718,47,43,119.44,5056.7,2,Month-to-month,Mailed check,Fiber optic,1
CUST_001719,55,40,104.27,3988.52,0,Two year,Mailed check,DSL,0
CUST_001720,38,24,125.84,3053.81,3,Two year,Electronic check,No,0
CUST_001721,52,10,123.23,1258.51,5,One year,Electronic check,DSL,0
CUST_001722,41,8,118.69,1027.24,3,Month-to-month,Mailed check,Fiber optic,1
CUST_001723,56,0,102.42,21.49,1,One year,Credit card,Fiber optic,0
CUST_001724,54,43,112.06,5021.31,2,Month-to-month,Mailed check,No,1
CUST_001725,30,2,87.33,192.27,3,One year,Credit card,No,0
CUST_001726,61,23,41.88,1062.31,2,Two year,Electronic check,Fiber optic,0
CUST_001727,36,16,55.15,849.96,0,Month-to-month,Bank transfer,DSL,0
CUST_001728,57,17,29.07,403.32,3,Month-to-month,Electronic check,No,0
CUST_001729,50,62,64.74,4085.71,3,Month-to-month,Credit card,No,0
CUST_001730,72,0,63.92,0.0,2,Month-to-month,Credit card,Fiber optic,0
CUST_001731,41,35,52.15,1908.58,2,Month-to-month,Bank transfer,No,0
CUST_001732,39,1,110.67,145.96,3,One year,Mailed check,Fiber optic,0
CUST_001733,44,0,100.57,0.0,1,Two year,Mailed check,DSL,0
CUST_001734,40,13,33.66,545.03,6,Two year,Mailed check,DSL,0
CUST_001735,56,1,45.39,0.0,0,Month-to-month,Mailed check,Fiber optic,1
CUST_001736,20,37,120.41,4517.6,3,One year,Bank transfer,Fiber optic,0
CUST_001737,29,18,109.3,2095.64,2,Two year,Bank transfer,No,0
CUST_001738,28,0,114.55,0.0,4,One year,Electronic check,No,1
CUST_001739,59,0,119.75,115.6,5,Two year,Electronic check,DSL,0
CUST_001740,70,22,128.63,2869.56,0,Two year,Mailed check,No,0
CUST_001741,43,39,80.51,3225.23,1,Month-to-month,Bank transfer,No,1
CUST_001742,42,13,51.53,586.25,3,Two year,Electronic check,Fiber optic,0
CUST_001743,46,19,105.34,2022.91,0,One year,Electronic check,No,0
CUST_001744,62,38,68.93,2478.43,2,Month-to-month,Mailed check,DSL,1
CUST_001745,31,22,111.64,2627.21,5,One year,Mailed check,Fiber optic,0
CUST_001746,48,6,76.4,256.97,0,One year,Credit card,Fiber optic,1
CUST_001747,59,22,110.39,2393.16,0,One year,Bank transfer,DSL,1
CUST_001748,52,23,59.09,1265.85,1,Two year,Mailed check,DSL,0
CUST_001749,47,31,86.3,2742.85,7,Two year,Bank transfer,DSL,0
CUST_001750,60,23,87.9,2214.15,8,Two year,Bank transfer,No,0
CUST_001751,18,83,155.81,12997.79,4,Month-to-month,Mailed check,Fiber optic,1
CUST_001752,55,5,49.16,541.93,3,Two year,Electronic check,DSL,0
CUST_001753,35,72,149.67,10638.36,0,One year,Credit card,No,0
CUST_001754,18,18,109.49,1840.63,2,Two year,Credit card,No,0
CUST_001755,52,26,106.09,2669.01,3,One year,Electronic check,DSL,1
CUST_001756,65,2,99.69,211.5,3,Two year,Bank transfer,Fiber optic,0
CUST_001757,42,11,86.04,843.78,4,Month-to-month,Electronic check,DSL,0
CUST_001758,59,35,61.91,2091.61,2,Two year,Electronic check,Fiber optic,1
CUST_001759,69,29,53.45,1612.08,2,Month-to-month,Mailed check,No,1
CUST_001760,64,0,106.63,0.0,1,Two year,Mailed check,DSL,0
CUST_001761,69,18,101.51,1713.93,3,Two year,Mailed check,Fiber optic,0
CUST_001762,56,2,42.32,44.79,1,Month-to-month,Mailed check,Fiber optic,0
CUST_001763,46,120,141.51,16950.68,0,Two year,Electronic check,Fiber optic,0
CUST_001764,20,54,91.75,5055.75,0,Two year,Electronic check,DSL,0
CUST_001765,41,0,35.87,0.0,1,Two year,Bank transfer,DSL,0
CUST_001766,32,46,96.19,4352.51,1,Month-to-month,Electronic check,Fiber optic,1
CUST_001767,77,60,78.15,4747.28,1,One year,Mailed check,Fiber optic,1
CUST_001768,42,10,34.62,426.38,1,Month-to-month,Bank transfer,Fiber optic,1
CUST_001769,46,30,81.7,2593.75,2,Month-to-month,Bank transfer,DSL,0
CUST_001770,53,14,86.01,1251.06,5,One year,Mailed check,Fiber optic,0
CUST_001771,45,25,37.19,942.8,2,Month-to-month,Electronic check,No,0
CUST_001772,70,9,64.71,639.89,0,Two year,Credit card,DSL,0
CUST_001773,35,9,50.27,425.65,4,One year,Electronic check,DSL,0
CUST_001774,47,13,29.57,356.87,3,Month-to-month,Electronic check,DSL,0
CUST_001775,33,3,34.07,0.0,1,Month-to-month,Bank transfer,Fiber optic,1
CUST_001776,25,42,54.9,2395.29,4,Month-to-month,Bank transfer,Fiber optic,1
CUST_001777,35,10,43.29,454.02,0,Month-to-month,Credit card,DSL,0
CUST_001778,44,12,106.34,1353.76,1,One year,Electronic check,Fiber optic,0
CUST_001779,38,53,90.45,4512.23,1,Two year,Credit card,No,0
CUST_001780,34,16,42.71,678.63,2,One year,Bank transfer,Fiber optic,0
CUST_001781,23,18,39.03,616.95,4,One year,Mailed check,Fiber optic,0
CUST_001782,43,75,87.29,6697.19,3,Month-to-month,Electronic check,No,0
CUST_001783,22,52,125.8,6603.1,5,One year,Mailed check,Fiber optic,0
CUST_001784,56,4,58.45,257.21,0,One year,Electronic check,No,0
CUST_001785,46,15,43.49,609.15,2,One year,Credit card,DSL,0
CUST_001786,23,85,102.91,8787.21,5,One year,Bank transfer,DSL,0
CUST_001787,40,11,81.03,798.52,2,Month-to-month,Mailed check,No,1
CUST_001788,33,11,28.46,303.07,1,Month-to-month,Bank transfer,Fiber optic,0
CUST_001789,49,5,85.26,368.48,2,Month-to-month,Mailed check,DSL,1
CUST_001790,65,2,60.51,347.67,1,Two year,Electronic check,DSL,0
CUST_001791,18,32,36.97,1330.12,1,Month-to-month,Electronic check,No,0
CUST_001792,46,35,104.89,3777.42,0,Two year,Credit card,Fiber optic,0
CUST_001793,42,83,132.74,10868.29,1,Month-to-month,Credit card,Fiber optic,1
CUST_001794,55,35,100.38,3599.85,2,Month-to-month,Credit card,Fiber optic,0
CUST_001795,48,6,57.19,361.92,0,One year,Electronic check,DSL,0
CUST_001796,33,0,72.96,122.35,2,Month-to-month,Electronic check,DSL,1
CUST_001797,40,101,109.22,11063.03,5,Two year,Electronic check,DSL,0
CUST_001798,33,9,94.56,850.39,2,Two year,Bank transfer,DSL,0
CUST_001799,61,8,82.36,682.24,3,One year,Electronic check,No,0
CUST_001800,45,56,56.18,2965.51,1,Two year,Mailed check,Fiber optic,0
CUST_001801,73,21,94.81,1914.26,4,Two year,Electronic check,DSL,0
CUST_001802,44,5,91.22,493.45,1,One year,Credit card,Fiber optic,0
CUST_001803,34,52,83.07,4433.59,2,One year,Bank transfer,Fiber optic,0
CUST_001804,22,120,167.58,20054.38,0,Month-to-month,Bank transfer,Fiber optic,1
CUST_001805,18,2,105.3,206.52,2,One year,Bank transfer,Fiber optic,0
CUST_001806,21,47,61.02,2707.68,3,Month-to-month,Bank transfer,DSL,1
CUST_001807,49,11,115.93,1421.12,3,Month-to-month,Mailed check,DSL,1
CUST_001808,52,17,72.59,1345.36,2,Month-to-month,Electronic check,DSL,1
CUST_001809,21,59,121.87,7255.83,3,One year,Electronic check,DSL,0
CUST_001810,58,87,144.91,12647.82,4,Month-to-month,Electronic check,DSL,0
CUST_001811,37,7,74.01,673.33,2,Month-to-month,Bank transfer,Fiber optic,1
CUST_001812,47,5,62.41,231.55,3,One year,Mailed check,No,0
CUST_001813,69,2,112.55,133.77,2,One year,Mailed check,No,0
CUST_001814,58,19,52.59,1105.27,1,Month-to-month,Bank transfer,Fiber optic,0
CUST_001815,40,0,45.7,99.43,1,Two year,Electronic check,DSL,0
CUST_001816,31,12,62.16,626.59,0,Month-to-month,Mailed check,No,0
CUST_001817,18,1,106.45,53.31,1,Two year,Mailed check,No,1
CUST_001818,34,12,119.88,1607.46,0,Month-to-month,Electronic check,Fiber optic,1
CUST_001819,41,0,42.01,41.17,0,Month-to-month,Electronic check,Fiber optic,1
CUST_001820,30,43,127.89,5577.86,3,Two year,Electronic check,DSL,1
CUST_001821,43,5,48.32,125.7,2,Month-to-month,Bank transfer,No,1
CUST_001822,46,9,121.56,1159.74,4,Month-to-month,Electronic check,DSL,1
CUST_001823,41,48,103.74,4837.6,1,Month-to-month,Mailed check,DSL,1
CUST_001824,35,32,36.71,976.69,3,Month-to-month,Bank transfer,Fiber optic,0
CUST_001825,47,5,25.91,202.25,2,Two year,Credit card,DSL,0
CUST_001826,51,1,35.25,178.69,2,Two year,Bank transfer,Fiber optic,0
CUST_001827,28,30,53.76,1587.34,2,One year,Electronic check,Fiber optic,0
CUST_001828,66,11,102.26,1070.23,4,Two year,Electronic check,No,0
CUST_001829,43,34,59.28,2186.49,2,Two year,Electronic check,Fiber optic,0
CUST_001830,45,14,123.91,1715.32,4,One year,Electronic check,Fiber optic,0
CUST_001831,55,10,88.61,879.54,2,Month-to-month,Electronic check,Fiber optic,1
CUST_001832,48,14,96.25,1516.92,4,One year,Electronic check,DSL,0
CUST_001833,59,33,58.28,1887.94,2,Month-to-month,Electronic check,No,1
CUST_001834,49,55,136.77,7456.98,3,Month-to-month,Mailed check,Fiber optic,1
CUST_001835,35,1,87.28,168.83,3,One year,Bank transfer,Fiber optic,1
CUST_001836,50,17,114.94,1882.8,3,Month-to-month,Bank transfer,No,0
CUST_001837,27,0,115.65,0.0,5,Month-to-month,Mailed check,No,1
CUST_001838,46,15,40.06,469.05,1,One year,Bank transfer,No,0
CUST_001839,44,51,55.16,2831.63,4,Month-to-month,Mailed check,DSL,1
CUST_001840,41,10,105.34,1060.22,2,One year,Mailed check,No,0
CUST_001841,43,64,138.61,8968.01,2,Two year,Bank transfer,No,0
CUST_001842,18,23,89.88,2152.88,4,Month-to-month,Mailed check,Fiber optic,1
CUST_001843,36,65,89.1,5846.66,0,Month-to-month,Mailed check,Fiber optic,1
CUST_001844,46,33,101.76,3397.6,1,Two year,Electronic check,No,0
CUST_001845,47,2,51.57,95.81,2,One year,Mailed check,DSL,1
CUST_001846,29,6,46.84,341.99,1,Month-to-month,Bank transfer,DSL,1
CUST_001847,63,12,74.81,786.54,2,Month-to-month,Credit card,Fiber optic,1
CUST_001848,32,4,43.62,0.0,4,One year,Electronic check,No,0
CUST_001849,59,16,76.37,1338.12,4,One year,Mailed check,DSL,1
CUST_001850,51,15,123.16,1914.83,1,Month-to-month,Mailed check,Fiber optic,1
CUST_001851,35,75,141.48,10598.18,2,Month-to-month,Credit card,Fiber optic,0
CUST_001852,71,13,120.66,1676.08,2,One year,Electronic check,Fiber optic,1
CUST_001853,27,36,118.63,4197.63,2,One year,Electronic check,No,0
CUST_001854,58,68,89.48,6013.76,2,Month-to-month,Electronic check,DSL,0
CUST_001855,60,50,126.2,6225.81,1,Two year,Electronic check,DSL,0
CUST_001856,34,5,114.79,630.72,3,Month-to-month,Credit card,No,1
CUST_001857,65,16,122.7,1804.96,0,Month-to-month,Bank transfer,No,0
CUST_001858,41,10,93.32,856.5,5,Month-to-month,Mailed check,DSL,1
CUST_001859,49,12,47.14,594.61,2,Two year,Credit card,Fiber optic,0
CUST_001860,48,10,28.97,169.31,2,Two year,Electronic check,Fiber optic,0
CUST_001861,42,42,55.72,2274.21,1,Month-to-month,Credit card,Fiber optic,1
CUST_001862,57,14,123.55,1508.61,4,Month-to-month,Bank transfer,No,1
CUST_001863,56,17,74.71,1330.65,3,One year,Electronic check,Fiber optic,1
CUST_001864,18,97,154.0,14869.08,2,One year,Mailed check,Fiber optic,1
CUST_001865,64,1,67.0,0.0,1,Month-to-month,Bank transfer,DSL,1
CUST_001866,20,16,94.08,1375.81,1,Two year,Mailed check,DSL,0
CUST_001867,60,35,39.91,1355.17,2,One year,Credit card,No,0
CUST_001868,61,3,46.49,0.0,1,Month-to-month,Bank transfer,Fiber optic,0
CUST_001869,28,22,74.63,1836.03,1,Month-to-month,Bank transfer,DSL,0
CUST_001870,38,6,86.06,277.9,1,One year,Electronic check,DSL,0
CUST_001871,28,48,61.15,2890.24,3,One year,Electronic check,Fiber optic,0
CUST_001872,41,9,100.96,919.29,4,Month-to-month,Bank transfer,DSL,0
CUST_001873,40,9,60.94,470.93,1,One year,Bank transfer,DSL,0
CUST_001874,56,21,112.24,2378.33,3,Month-to-month,Electronic check,Fiber optic,1
CUST_001875,64,4,31.8,47.23,1,Month-to-month,Credit card,DSL,1
CUST_001876,65,8,91.98,888.81,3,One year,Credit card,No,0
CUST_001877,36,12,55.33,552.11,0,One year,Mailed check,No,0
CUST_001878,41,10,104.54,810.26,5,Two year,Bank transfer,Fiber optic,0
CUST_001879,19,17,68.72,1038.34,0,Month-to-month,Mailed check,Fiber optic,1
CUST_001880,32,21,97.03,2076.38,4,Month-to-month,Electronic check,No,1
CUST_001881,59,20,123.43,2456.82,1,Two year,Electronic check,DSL,0
CUST_001882,69,25,34.56,939.28,4,Month-to-month,Bank transfer,No,0
CUST_001883,26,8,25.11,251.07,5,One year,Mailed check,Fiber optic,0
CUST_001884,36,3,98.53,231.96,2,Month-to-month,Bank transfer,DSL,0
CUST_001885,44,34,101.64,3406.83,2,Two year,Bank transfer,DSL,0
CUST_001886,49,45,71.8,3192.38,1,One year,Mailed check,Fiber optic,0
CUST_001887,32,7,72.94,699.01,1,One year,Electronic check,No,1
CUST_001888,51,12,30.19,431.41,4,Two year,Bank transfer,DSL,0
CUST_001889,37,16,47.24,945.08,3,Two year,Mailed check,Fiber optic,1
CUST_001890,44,18,71.45,1370.17,1,Month-to-month,Electronic check,DSL,1
CUST_001891,53,25,115.9,2891.25,3,Month-to-month,Electronic check,DSL,1
CUST_001892,45,1,68.47,0.0,4,Month-to-month,Electronic check,DSL,1
CUST_001893,38,30,93.64,2829.24,1,Month-to-month,Electronic check,No,1
CUST_001894,43,1,107.88,101.79,1,Month-to-month,Electronic check,DSL,1
CUST_001895,43,15,58.38,866.36,2,Two year,Electronic check,Fiber optic,1
CUST_001896,39,42,111.07,4644.03,2,Month-to-month,Electronic check,DSL,1
CUST_001897,41,14,113.17,1379.09,1,Two year,Bank transfer,Fiber optic,0
CUST_001898,68,3,41.76,251.37,1,Month-to-month,Electronic check,Fiber optic,0
CUST_001899,53,100,105.65,10559.74,1,Month-to-month,Bank transfer,DSL,0
CUST_001900,40,52,143.98,7345.59,4,One year,Bank transfer,DSL,1
CUST_001901,55,35,135.82,4801.94,2,One year,Mailed check,DSL,0
CUST_001902,39,12,48.32,494.29,1,Month-to-month,Bank transfer,DSL,1
CUST_001903,62,4,28.64,170.79,3,One year,Electronic check,DSL,0
CUST_001904,50,68,81.09,5602.43,0,Two year,Electronic check,No,0
CUST_001905,43,18,68.77,1339.88,1,One year,Bank transfer,No,0
CUST_001906,51,45,86.6,3880.93,1,Month-to-month,Credit card,Fiber optic,1
CUST_001907,21,10,86.88,827.43,4,Month-to-month,Bank transfer,DSL,1
CUST_001908,28,9,114.45,967.5,2,Month-to-month,Mailed check,DSL,1
CUST_001909,27,101,103.53,10384.76,0,One year,Electronic check,Fiber optic,1
CUST_001910,47,17,113.5,1927.75,0,Two year,Mailed check,DSL,0
CUST_001911,70,3,30.85,71.61,1,Month-to-month,Bank transfer,Fiber optic,1
CUST_001912,78,5,26.69,50.91,1,One year,Electronic check,Fiber optic,0
CUST_001913,54,15,77.9,1054.19,2,Two year,Mailed check,No,1
CUST_001914,52,1,26.47,15.59,2,Month-to-month,Bank transfer,DSL,0
CUST_001915,18,14,66.25,884.07,4,One year,Electronic check,DSL,1
CUST_001916,36,13,116.18,1396.17,0,Month-to-month,Bank transfer,Fiber optic,1
CUST_001917,33,36,62.15,2320.4,0,Two year,Bank transfer,No,0
CUST_001918,35,10,95.6,1133.19,2,Month-to-month,Credit card,No,0
CUST_001919,42,97,98.74,9673.7,2,Month-to-month,Electronic check,DSL,1
CUST_001920,37,4,26.49,33.95,1,Month-to-month,Electronic check,Fiber optic,1
CUST_001921,18,21,86.17,1804.53,1,Month-to-month,Credit card,Fiber optic,1
CUST_001922,56,2,104.49,363.01,1,Two year,Electronic check,Fiber optic,0
CUST_001923,28,31,76.45,2252.48,5,One year,Mailed check,DSL,1
CUST_001924,48,120,141.73,17085.79,7,One year,Electronic check,DSL,0
CUST_001925,76,41,130.5,5205.79,3,One year,Bank transfer,DSL,0
CUST_001926,31,19,108.47,2229.32,2,Month-to-month,Electronic check,DSL,1
CUST_001927,18,15,46.89,660.28,1,Month-to-month,Electronic check,DSL,0
CUST_001928,40,43,114.84,5160.96,3,One year,Mailed check,Fiber optic,0
CUST_001929,61,65,102.69,6847.61,1,One year,Electronic check,Fiber optic,0
CUST_001930,74,108,148.6,16037.8,2,One year,Bank transfer,No,0
CUST_001931,26,12,75.45,833.48,4,One year,Bank transfer,Fiber optic,1
CUST_001932,52,112,88.8,9964.61,2,One year,Mailed check,Fiber optic,0
CUST_001933,38,4,78.99,297.95,1,Month-to-month,Bank transfer,DSL,1
CUST_001934,43,7,72.71,468.84,1,One year,Bank transfer,Fiber optic,0
CUST_001935,80,2,72.79,0.0,2,Month-to-month,Electronic check,No,1
CUST_001936,22,7,111.39,728.28,3,One year,Electronic check,Fiber optic,0
CUST_001937,48,35,126.98,4333.38,0,Month-to-month,Bank transfer,Fiber optic,0
CUST_001938,52,46,88.35,4119.44,3,Month-to-month,Bank transfer,Fiber optic,1
CUST_001939,61,36,83.57,3107.74,1,Month-to-month,Credit card,Fiber optic,0
CUST_001940,46,23,83.02,1983.5,0,Two year,Electronic check,Fiber optic,0
CUST_001941,49,17,80.46,1402.04,2,Month-to-month,Electronic check,DSL,1
CUST_001942,39,29,129.54,3671.33,2,Month-to-month,Mailed check,Fiber optic,1
CUST_001943,49,11,90.44,1015.38,0,One year,Electronic check,DSL,0
CUST_001944,39,44,69.75,3148.09,3,Month-to-month,Electronic check,DSL,1
CUST_001945,54,27,86.65,2281.03,0,Month-to-month,Bank transfer,No,1
CUST_001946,39,28,96.72,2720.12,3,Month-to-month,Electronic check,Fiber optic,1
CUST_001947,50,18,92.98,1659.04,2,Month-to-month,Electronic check,Fiber optic,1
CUST_001948,44,51,104.03,5471.53,0,One year,Bank transfer,Fiber optic,1
CUST_001949,61,6,40.77,329.8,2,Month-to-month,Electronic check,DSL,1
CUST_001950,44,11,28.86,378.37,2,Two year,Electronic check,Fiber optic,1
CUST_001951,18,36,71.78,2412.57,4,Month-to-month,Electronic check,DSL,1
CUST_001952,63,16,70.75,1149.32,3,Month-to-month,Mailed check,No,1
CUST_001953,31,52,52.18,2697.88,1,One year,Mailed check,Fiber optic,0
CUST_001954,35,10,106.5,1048.6,1,Two year,Electronic check,DSL,0
CUST_001955,36,11,59.91,502.64,3,Month-to-month,Electronic check,Fiber optic,1
CUST_001956,65,52,137.36,7034.11,2,One year,Mailed check,DSL,0
CUST_001957,18,14,42.44,587.37,3,One year,Bank transfer,Fiber optic,0
CUST_001958,80,17,34.19,692.73,0,Month-to-month,Credit card,Fiber optic,1
CUST_001959,60,9,72.73,595.53,3,One year,Electronic check,Fiber optic,0
CUST_001960,48,7,42.41,256.9,2,Month-to-month,Bank transfer,No,0
CUST_001961,44,25,126.24,3334.11,5,One year,Electronic check,DSL,0
CUST_001962,49,3,22.53,37.91,1,Two year,Electronic check,DSL,1
CUST_001963,52,50,86.26,4300.22,2,Month-to-month,Electronic check,Fiber optic,0
CUST_001964,54,36,130.67,4692.77,3,Month-to-month,Mailed check,Fiber optic,0
CUST_001965,53,5,60.94,170.16,3,One year,Bank transfer,No,0
CUST_001966,46,28,43.31,1269.89,7,Month-to-month,Electronic check,Fiber optic,1
CUST_001967,42,22,61.29,1283.08,0,Month-to-month,Credit card,Fiber optic,1
CUST_001968,42,4,71.8,284.2,4,Month-to-month,Electronic check,Fiber optic,1
CUST_001969,42,7,42.02,338.54,3,Month-to-month,Electronic check,DSL,1
CUST_001970,62,12,72.66,1066.13,4,One year,Mailed check,DSL,0
CUST_001971,53,28,117.63,3161.98,2,Month-to-month,Credit card,DSL,1
CUST_001972,18,24,119.26,2948.78,1,One year,Credit card,Fiber optic,0
CUST_001973,54,18,33.93,697.54,2,One year,Electronic check,No,0
CUST_001974,47,35,53.59,1811.84,1,One year,Electronic check,Fiber optic,0
CUST_001975,44,34,64.53,2253.94,0,One year,Mailed check,Fiber optic,1
CUST_001976,39,23,90.99,2257.04,2,Month-to-month,Bank transfer,DSL,0
CUST_001977,61,37,74.6,2683.68,2,Month-to-month,Bank transfer,DSL,0
CUST_001978,59,9,108.9,1004.28,2,Month-to-month,Electronic check,No,1
CUST_001979,33,51,117.17,6016.01,5,Month-to-month,Electronic check,DSL,1
CUST_001980,51,22,41.05,956.42,4,Two year,Electronic check,No,0
CUST_001981,30,41,102.96,4298.11,2,Two year,Bank transfer,DSL,0
CUST_001982,24,18,40.3,742.05,0,Month-to-month,Mailed check,Fiber optic,1
CUST_001983,35,5,48.0,291.36,4,Month-to-month,Credit card,No,0
CUST_001984,57,18,46.79,751.02,2,Month-to-month,Electronic check,Fiber optic,1
CUST_001985,59,11,42.81,487.27,3,Two year,Bank transfer,DSL,0
CUST_001986,52,28,95.64,2630.27,1,Month-to-month,Electronic check,DSL,0
CUST_001987,55,15,83.86,1134.92,4,One year,Bank transfer,DSL,1
CUST_001988,52,43,59.1,2490.51,4,Month-to-month,Credit card,DSL,1
CUST_001989,35,27,132.52,3604.91,3,Two year,Electronic check,Fiber optic,0
CUST_001990,51,27,75.68,2087.04,2,Two year,Electronic check,Fiber optic,0
CUST_001991,57,5,32.21,34.19,0,One year,Electronic check,No,1
CUST_001992,56,99,81.56,7980.37,4,One year,Credit card,DSL,0
CUST_001993,62,44,100.39,4489.6,2,Month-to-month,Electronic check,No,1
CUST_001994,55,37,136.41,5097.87,2,One year,Electronic check,Fiber optic,1
CUST_001995,50,9,81.7,823.97,2,Month-to-month,Credit card,DSL,1
CUST_001996,61,18,123.9,2367.06,4,One year,Bank transfer,DSL,1
CUST_001997,44,3,65.91,251.53,2,Two year,Bank transfer,Fiber optic,0
CUST_001998,31,18,72.58,1265.03,3,Two year,Bank transfer,DSL,0
CUST_001999,42,3,71.5,225.99,2,One year,Mailed check,DSL,0
CUST_002000,33,19,99.24,2051.6,2,Two year,Credit card,DSL,0
CUST_002001,34,25,69.26,2007.98,5,One year,Mailed check,Fiber optic,0
CUST_002002,42,11,111.89,1277.08,1,Month-to-month,Bank transfer,DSL,1
CUST_002003,33,16,30.93,548.41,3,One year,Electronic check,DSL,1
CUST_002004,40,50,88.98,4521.39,1,Two year,Credit card,DSL,1
CUST_002005,18,2,72.1,146.58,2,Month-to-month,Credit card,DSL,1
CUST_002006,48,37,99.2,3786.9,1,One year,Electronic check,DSL,0
CUST_002007,45,4,49.61,299.23,2,Two year,Electronic check,Fiber optic,0
CUST_002008,32,0,62.75,35.44,3,Month-to-month,Bank transfer,DSL,0
CUST_002009,54,4,70.45,250.01,6,One year,Electronic check,DSL,0
CUST_002010,59,34,105.69,3441.42,0,Month-to-month,Electronic check,DSL,1
CUST_002011,20,12,103.35,1313.49,2,One year,Mailed check,DSL,1
CUST_002012,33,49,118.28,5817.14,1,One year,Electronic check,Fiber optic,1
CUST_002013,33,17,62.66,991.41,6,Month-to-month,Credit card,Fiber optic,0
CUST_002014,30,0,119.95,0.0,2,Month-to-month,Credit card,Fiber optic,0
CUST_002015,57,30,119.87,3662.14,2,Two year,Credit card,No,0
CUST_002016,42,2,47.0,0.0,1,Month-to-month,Electronic check,DSL,0
CUST_002017,41,37,58.01,2176.36,4,Two year,Electronic check,DSL,0
CUST_002018,18,4,53.4,297.96,0,Month-to-month,Mailed check,Fiber optic,1
CUST_002019,54,10,70.23,757.33,3,Two year,Bank transfer,DSL,0
CUST_002020,26,34,122.08,4111.64,2,Month-to-month,Electronic check,Fiber optic,1
CUST_002021,45,74,134.84,9852.94,3,Month-to-month,Electronic check,No,1
CUST_002022,49,11,110.62,1275.57,2,Month-to-month,Mailed check,Fiber optic,1
CUST_002023,65,42,68.2,2984.27,4,Month-to-month,Mailed check,DSL,1
CUST_002024,25,5,81.85,351.96,1,Month-to-month,Mailed check,Fiber optic,0
CUST_002025,18,39,67.82,2695.86,0,Month-to-month,Mailed check,DSL,0
CUST_002026,47,25,43.4,1243.21,3,Month-to-month,Bank transfer,Fiber optic,1
CUST_002027,72,5,90.92,488.48,2,Month-to-month,Bank transfer,DSL,1
CUST_002028,63,8,38.3,266.71,0,Month-to-month,Mailed check,DSL,1
CUST_002029,48,3,88.27,368.89,1,Two year,Bank transfer,DSL,0
CUST_002030,37,11,90.3,919.5,1,One year,Electronic check,DSL,1
CUST_002031,57,5,103.52,387.81,3,Two year,Credit card,Fiber optic,0
CUST_002032,30,24,45.96,1184.16,2,Month-to-month,Mailed check,DSL,1
CUST_002033,52,120,158.35,18961.15,2,Month-to-month,Electronic check,DSL,1
CUST_002034,52,0,119.93,0.0,1,Month-to-month,Mailed check,DSL,0
CUST_002035,60,18,114.1,1991.18,1,Month-to-month,Electronic check,Fiber optic,1
CUST_002036,80,20,105.18,2056.34,2,One year,Electronic check,DSL,0
CUST_002037,50,58,115.22,6822.86,1,Month-to-month,Electronic check,Fiber optic,1
CUST_002038,37,16,70.18,1289.1,0,Month-to-month,Bank transfer,DSL,0
CUST_002039,44,18,102.05,2016.4,4,Month-to-month,Credit card,DSL,1
CUST_002040,18,15,99.92,1607.78,4,Two year,Bank transfer,Fiber optic,1
CUST_002041,34,7,86.65,653.18,4,Two year,Mailed check,Fiber optic,0
CUST_002042,38,1,100.13,0.0,2,Month-to-month,Bank transfer,No,0
CUST_002043,37,12,70.88,831.76,2,One year,Credit card,DSL,0
CUST_002044,47,1,32.63,248.3,1,Month-to-month,Electronic check,No,1
CUST_002045,32,19,85.41,1579.17,4,Month-to-month,Mailed check,Fiber optic,1
CUST_002046,61,8,50.5,555.45,2,One year,Electronic check,No,0
CUST_002047,45,18,67.44,1219.48,4,Month-to-month,Electronic check,Fiber optic,1
CUST_002048,44,3,23.24,0.0,2,Month-to-month,Electronic check,Fiber optic,1
CUST_002049,40,64,90.28,5841.91,1,Month-to-month,Electronic check,Fiber optic,0
CUST_002050,47,53,127.38,6877.77,6,One year,Credit card,DSL,0
CUST_002051,57,5,76.77,378.96,3,Month-to-month,Bank transfer,No,1
CUST_002052,31,10,25.98,383.11,4,One year,Electronic check,Fiber optic,0
CUST_002053,35,22,77.98,1548.87,0,One year,Electronic check,No,0
CUST_002054,40,2,50.15,0.0,5,One year,Mailed check,DSL,0
CUST_002055,24,10,72.76,748.04,2,Month-to-month,Bank transfer,No,1
CUST_002056,32,6,63.47,428.53,1,Month-to-month,Bank transfer,No,1
CUST_002057,37,59,142.7,8554.84,5,Month-to-month,Electronic check,DSL,1
CUST_002058,58,45,46.62,2161.69,2,Month-to-month,Bank transfer,DSL,0
CUST_002059,48,20,98.36,1847.81,0,One year,Credit card,Fiber optic,0
CUST_002060,47,17,113.6,1952.55,2,One year,Electronic check,Fiber optic,0
CUST_002061,57,64,147.92,9527.2,0,Month-to-month,Bank transfer,Fiber optic,1
CUST_002062,42,64,69.76,4277.45,3,One year,Electronic check,No,0
CUST_002063,50,83,114.63,9509.97,1,One year,Electronic check,Fiber optic,0
CUST_002064,43,3,25.86,44.02,0,Month-to-month,Mailed check,DSL,0
CUST_002065,48,4,71.92,222.2,2,One year,Mailed check,No,1
CUST_002066,36,27,46.05,1293.11,0,Two year,Mailed check,Fiber optic,0
CUST_002067,18,18,112.79,1915.25,0,Month-to-month,Credit card,Fiber optic,0
CUST_002068,42,0,31.39,41.69,2,One year,Electronic check,Fiber optic,0
CUST_002069,66,1,71.83,127.78,0,Month-to-month,Bank transfer,No,0
CUST_002070,58,52,98.11,5210.08,4,Month-to-month,Mailed check,No,0
CUST_002071,59,48,141.17,6663.58,2,Two year,Credit card,DSL,0
CUST_002072,63,10,90.5,754.46,3,Two year,Electronic check,DSL,0
CUST_002073,46,53,75.28,4017.94,4,Month-to-month,Electronic check,DSL,1
CUST_002074,47,21,54.58,1117.55,4,One year,Credit card,No,0
CUST_002075,35,39,52.32,2330.93,4,One year,Mailed check,Fiber optic,0
CUST_002076,40,13,102.15,1373.82,1,Month-to-month,Credit card,DSL,0
CUST_002077,54,2,90.08,185.97,2,Month-to-month,Mailed check,Fiber optic,1
CUST_002078,63,13,87.49,1120.06,0,Two year,Bank transfer,Fiber optic,0
CUST_002079,42,14,31.08,313.37,1,Two year,Bank transfer,DSL,0
CUST_002080,38,19,105.78,2066.26,3,One year,Credit card,DSL,0
CUST_002081,45,2,85.19,162.46,0,Month-to-month,Electronic check,DSL,1
CUST_002082,54,114,173.39,19758.5,1,Two year,Electronic check,Fiber optic,0
CUST_002083,23,6,81.72,499.77,3,Two year,Mailed check,Fiber optic,1
CUST_002084,18,5,52.9,286.6,2,One year,Electronic check,Fiber optic,1
CUST_002085,36,17,66.65,959.16,1,Month-to-month,Bank transfer,Fiber optic,0
CUST_002086,26,18,46.58,922.22,1,Month-to-month,Credit card,Fiber optic,1
CUST_002087,37,13,98.79,1199.64,1,Two year,Bank transfer,Fiber optic,0
CUST_002088,42,35,108.27,3775.72,0,Month-to-month,Electronic check,No,1
CUST_002089,38,17,48.57,954.2,1,Month-to-month,Bank transfer,Fiber optic,0
CUST_002090,66,22,46.85,1208.62,2,Two year,Bank transfer,DSL,0
CUST_002091,49,30,42.7,1110.97,0,Month-to-month,Electronic check,No,1
CUST_002092,49,0,111.2,3.02,2,Two year,Mailed check,DSL,0
CUST_002093,54,20,53.31,1093.43,2,One year,Credit card,DSL,0
CUST_002094,27,51,79.92,3924.98,1,One year,Electronic check,No,0
CUST_002095,60,0,48.05,80.26,2,One year,Bank transfer,No,1
CUST_002096,43,12,67.36,819.98,4,Month-to-month,Electronic check,Fiber optic,0
CUST_002097,55,62,122.4,7608.52,0,One year,Bank transfer,DSL,0
CUST_002098,28,10,112.06,1028.84,3,One year,Electronic check,Fiber optic,1
CUST_002099,21,14,45.26,674.93,2,One year,Bank transfer,No,0
CUST_002100,57,95,136.14,13017.24,2,Month-to-month,Mailed check,No,0
CUST_002101,50,5,57.76,301.51,4,Two year,Mailed check,No,0
CUST_002102,31,1,118.55,67.16,3,Month-to-month,Electronic check,DSL,1
CUST_002103,31,47,73.39,3405.81,2,Month-to-month,Mailed check,No,0
CUST_002104,61,48,44.72,2168.57,5,Month-to-month,Bank transfer,Fiber optic,0
CUST_002105,27,15,79.06,1190.84,1,Two year,Mailed check,No,0
CUST_002106,69,17,43.57,831.23,0,Month-to-month,Bank transfer,Fiber optic,0
CUST_002107,31,43,45.95,1927.8,1,Two year,Electronic check,DSL,0
CUST_002108,54,32,105.83,3264.62,3,Month-to-month,Mailed check,Fiber optic,1
CUST_002109,40,7,96.73,713.02,0,Month-to-month,Bank transfer,DSL,0
CUST_002110,54,0,66.07,0.0,0,Month-to-month,Mailed check,DSL,0
CUST_002111,36,15,95.19,1506.2,1,Two year,Mailed check,No,0
CUST_002112,42,47,97.32,4574.98,1,One year,Electronic check,No,1
CUST_002113,45,54,109.98,6004.41,1,Two year,Bank transfer,Fiber optic,0
CUST_002114,29,75,117.17,8686.35,0,Month-to-month,Electronic check,DSL,1
CUST_002115,56,50,111.58,5593.45,1,Two year,Mailed check,DSL,0
CUST_002116,37,20,49.96,929.33,1,Month-to-month,Electronic check,DSL,0
CUST_002117,41,14,53.87,632.15,3,One year,Electronic check,Fiber optic,1
CUST_002118,30,35,81.5,2766.26,1,Month-to-month,Electronic check,DSL,0
CUST_002119,18,32,80.61,2525.16,3,Two year,Mailed check,No,0
CUST_002120,42,18,106.44,2040.41,1,Two year,Credit card,Fiber optic,0
CUST_002121,80,2,57.74,58.38,0,One year,Bank transfer,Fiber optic,1
CUST_002122,56,62,67.25,4042.38,0,Month-to-month,Bank transfer,No,0
CUST_002123,44,14,52.15,743.2,3,One year,Electronic check,DSL,0
CUST_002124,41,10,46.47,467.65,1,Two year,Electronic check,No,0
CUST_002125,45,23,104.67,2358.11,3,One year,Mailed check,No,1
CUST_002126,53,26,80.03,2064.76,2,Two year,Credit card,Fiber optic,0
CUST_002127,27,5,93.36,564.44,3,One year,Bank transfer,DSL,0
CUST_002128,61,43,83.12,3641.32,2,One year,Mailed check,DSL,0
CUST_002129,55,8,112.97,962.21,1,One year,Electronic check,DSL,1
CUST_002130,55,4,120.35,363.04,1,Month-to-month,Bank transfer,DSL,1
CUST_002131,51,12,92.98,1404.47,4,One year,Credit card,Fiber optic,0
CUST_002132,45,31,121.88,3883.44,2,One year,Mailed check,DSL,0
CUST_002133,55,80,110.79,8915.17,6,One year,Electronic check,DSL,0
CUST_002134,53,39,132.96,5069.09,3,Two year,Electronic check,DSL,0
CUST_002135,39,67,136.66,9250.9,4,Month-to-month,Bank transfer,Fiber optic,1
CUST_002136,36,3,120.68,311.92,2,Month-to-month,Mailed check,DSL,1
CUST_002137,46,1,82.81,63.38,5,Month-to-month,Bank transfer,DSL,1
CUST_002138,68,19,107.42,1872.91,2,One year,Mailed check,DSL,1
CUST_002139,26,8,78.29,502.15,3,Month-to-month,Credit card,DSL,0
CUST_002140,22,42,66.91,2854.16,4,One year,Electronic check,Fiber optic,0
CUST_002141,47,26,68.48,1880.99,2,One year,Mailed check,Fiber optic,0
CUST_002142,45,84,151.4,12786.14,0,One year,Electronic check,Fiber optic,0
CUST_002143,47,7,29.09,268.75,0,One year,Bank transfer,Fiber optic,1
CUST_002144,48,15,86.65,1293.24,2,One year,Electronic check,DSL,0
CUST_002145,41,16,65.25,1003.3,2,One year,Bank transfer,DSL,0
CUST_002146,67,6,61.67,398.91,1,One year,Electronic check,Fiber optic,0
CUST_002147,20,21,118.96,2580.24,3,One year,Credit card,Fiber optic,1
CUST_002148,32,14,112.38,1573.84,2,Two year,Credit card,DSL,0
CUST_002149,43,14,86.88,1337.4,1,One year,Mailed check,DSL,0
CUST_002150,20,10,52.29,501.41,4,Month-to-month,Mailed check,DSL,1
CUST_002151,42,0,67.55,0.0,0,Month-to-month,Bank transfer,Fiber optic,1
CUST_002152,69,17,69.33,1177.56,0,Month-to-month,Credit card,Fiber optic,1
CUST_002153,45,9,59.86,549.35,1,Month-to-month,Mailed check,DSL,0
CUST_002154,48,0,30.28,0.0,4,Month-to-month,Electronic check,Fiber optic,1
CUST_002155,26,8,78.31,754.56,1,Month-to-month,Mailed check,DSL,0
CUST_002156,35,7,53.68,456.31,3,Month-to-month,Mailed check,Fiber optic,1
CUST_002157,39,11,91.58,864.29,0,Month-to-month,Bank transfer,DSL,0
CUST_002158,40,3,53.42,313.7,4,One year,Electronic check,Fiber optic,0
CUST_002159,64,17,71.62,943.34,0,Two year,Credit card,Fiber optic,0
CUST_002160,53,28,39.24,1313.71,3,Month-to-month,Bank transfer,DSL,1
CUST_002161,28,23,130.75,2978.61,2,Month-to-month,Electronic check,No,0
CUST_002162,48,39,90.26,3501.22,1,Month-to-month,Mailed check,Fiber optic,0
CUST_002163,52,14,29.42,405.93,0,Month-to-month,Mailed check,DSL,0
CUST_002164,62,17,82.62,1443.11,1,Month-to-month,Electronic check,DSL,1
CUST_002165,68,39,126.54,4934.85,2,Month-to-month,Bank transfer,No,0
CUST_002166,29,13,103.76,1335.48,2,Two year,Bank transfer,DSL,0
CUST_002167,32,29,104.59,3164.02,5,One year,Electronic check,DSL,1
CUST_002168,26,13,40.45,582.36,3,Month-to-month,Bank transfer,Fiber optic,1
CUST_002169,41,12,91.77,1005.4,3,Month-to-month,Electronic check,DSL,0
CUST_002170,51,34,113.63,3937.48,1,One year,Credit card,DSL,0
CUST_002171,59,4,79.24,369.38,1,One year,Electronic check,Fiber optic,1
CUST_002172,43,9,113.77,969.45,0,Month-to-month,Electronic check,No,0
CUST_002173,40,6,50.7,383.41,5,Month-to-month,Credit card,No,1
CUST_002174,47,10,49.21,476.39,2,Month-to-month,Mailed check,Fiber optic,0
CUST_002175,32,6,109.96,637.57,1,Month-to-month,Credit card,Fiber optic,0
CUST_002176,76,20,92.54,1825.91,1,Month-to-month,Electronic check,DSL,1
CUST_002177,20,38,39.14,1244.69,5,One year,Electronic check,Fiber optic,0
CUST_002178,47,37,73.81,2678.42,2,One year,Electronic check,No,0
CUST_002179,75,10,110.79,1179.17,3,Month-to-month,Credit card,No,1
CUST_002180,45,107,76.23,8154.58,1,Two year,Electronic check,DSL,0
CUST_002181,42,21,30.82,518.8,3,One year,Bank transfer,No,0
CUST_002182,39,12,54.13,745.97,6,Two year,Mailed check,DSL,0
CUST_002183,42,43,132.9,5684.84,5,Two year,Credit card,DSL,0
CUST_002184,65,31,125.65,3772.92,2,Two year,Electronic check,DSL,1
CUST_002185,18,33,88.38,3137.02,3,Month-to-month,Electronic check,DSL,1
CUST_002186,68,5,77.82,283.8,1,Month-to-month,Bank transfer,DSL,1
CUST_002187,23,15,60.7,998.46,3,Month-to-month,Mailed check,DSL,1
CUST_002188,41,47,67.87,3113.13,4,Month-to-month,Mailed check,Fiber optic,0
CUST_002189,38,16,109.52,1765.94,2,Month-to-month,Electronic check,Fiber optic,1
CUST_002190,53,27,44.13,1101.28,0,Month-to-month,Credit card,Fiber optic,0
CUST_002191,21,21,79.24,1540.01,2,Two year,Electronic check,DSL,1
CUST_002192,51,44,105.44,4691.57,0,One year,Electronic check,No,0
CUST_002193,75,8,34.37,315.47,2,Two year,Electronic check,DSL,0
CUST_002194,24,20,81.96,1753.68,1,Month-to-month,Electronic check,Fiber optic,0
CUST_002195,47,3,79.25,234.32,3,Month-to-month,Credit card,Fiber optic,0
CUST_002196,35,28,108.25,3253.02,1,Month-to-month,Bank transfer,DSL,1
CUST_002197,51,31,58.98,1855.33,6,Month-to-month,Electronic check,Fiber optic,1
CUST_002198,45,1,49.83,106.51,1,Month-to-month,Bank transfer,DSL,1
CUST_002199,35,27,90.45,2306.36,3,Two year,Bank transfer,DSL,0
CUST_002200,52,12,124.31,1430.34,5,Month-to-month,Mailed check,No,1
CUST_002201,72,3,43.25,181.72,1,Month-to-month,Electronic check,Fiber optic,1
CUST_002202,42,13,125.09,1617.75,0,Month-to-month,Bank transfer,DSL,1
CUST_002203,55,5,93.93,488.44,1,Two year,Bank transfer,DSL,0
CUST_002204,25,12,108.61,1221.65,1,One year,Mailed check,No,1
CUST_002205,30,11,34.46,391.3,2,One year,Mailed check,DSL,0
CUST_002206,52,32,66.04,2125.2,0,Month-to-month,Bank transfer,No,1
CUST_002207,67,35,43.27,1396.53,2,One year,Electronic check,DSL,1
CUST_002208,50,22,68.15,1563.66,1,One year,Electronic check,No,0
CUST_002209,40,0,118.13,0.0,1,Month-to-month,Bank transfer,Fiber optic,1
CUST_002210,44,64,62.53,4020.17,3,One year,Bank transfer,Fiber optic,0
CUST_002211,26,27,89.74,2599.47,1,One year,Credit card,DSL,0
CUST_002212,54,0,20.61,68.06,1,Month-to-month,Electronic check,Fiber optic,0
CUST_002213,58,41,111.77,4649.93,2,Month-to-month,Electronic check,Fiber optic,1
CUST_002214,38,5,42.22,121.35,1,Month-to-month,Mailed check,Fiber optic,0
CUST_002215,37,20,42.96,1036.08,1,One year,Mailed check,Fiber optic,0
CUST_002216,48,15,61.2,1055.7,3,One year,Credit card,DSL,0
CUST_002217,38,13,103.6,1262.5,3,One year,Credit card,Fiber optic,0
CUST_002218,44,52,56.66,2898.91,2,Month-to-month,Mailed check,DSL,0
CUST_002219,76,13,49.48,768.76,1,Month-to-month,Mailed check,Fiber optic,1
CUST_002220,41,1,21.35,200.96,0,Month-to-month,Mailed check,No,1
CUST_002221,39,70,151.84,10502.44,2,One year,Bank transfer,DSL,0
CUST_002222,35,60,109.21,6452.5,1,Two year,Mailed check,DSL,1
CUST_002223,56,27,105.49,2833.85,2,Month-to-month,Electronic check,DSL,1
CUST_002224,42,15,92.64,1172.47,3,Month-to-month,Bank transfer,No,1
CUST_002225,35,2,35.44,72.78,6,Two year,Credit card,Fiber optic,0
CUST_002226,64,37,97.99,3744.35,0,Month-to-month,Bank transfer,DSL,0
CUST_002227,66,1,33.64,0.0,1,One year,Electronic check,DSL,1
CUST_002228,35,1,60.62,73.33,2,Month-to-month,Bank transfer,Fiber optic,1
CUST_002229,18,18,85.9,1487.96,1,One year,Credit card,Fiber optic,0
CUST_002230,60,4,77.89,475.55,1,Month-to-month,Bank transfer,DSL,0
CUST_002231,34,0,31.91,0.0,5,Month-to-month,Electronic check,Fiber optic,0
CUST_002232,56,13,29.94,541.17,1,Two year,Electronic check,No,1
CUST_002233,18,3,101.32,244.22,3,Month-to-month,Mailed check,Fiber optic,1
CUST_002234,58,4,94.59,455.49,2,Month-to-month,Mailed check,DSL,1
CUST_002235,26,1,28.68,53.88,2,Two year,Credit card,No,0
CUST_002236,55,5,35.24,162.38,1,Month-to-month,Bank transfer,DSL,0
CUST_002237,45,30,124.26,3648.7,2,One year,Electronic check,Fiber optic,0
CUST_002238,30,39,116.41,4572.41,0,One year,Bank transfer,Fiber optic,1
CUST_002239,38,14,126.62,1728.57,0,Two year,Electronic check,Fiber optic,1
CUST_002240,55,16,53.4,785.4,2,One year,Electronic check,Fiber optic,1
CUST_002241,46,0,68.78,147.27,2,Two year,Bank transfer,Fiber optic,0
CUST_002242,53,1,44.15,98.9,2,One year,Electronic check,DSL,0
CUST_002243,74,7,85.78,664.82,2,Month-to-month,Electronic check,Fiber optic,1
CUST_002244,21,18,40.54,690.59,0,One year,Mailed check,DSL,0
CUST_002245,69,32,48.72,1540.58,2,One year,Bank transfer,Fiber optic,0
CUST_002246,46,22,38.19,815.3,2,Month-to-month,Bank transfer,DSL,0
CUST_002247,31,11,94.86,1077.17,1,Month-to-month,Electronic check,DSL,0
CUST_002248,25,3,70.91,276.9,2,One year,Mailed check,Fiber optic,1
CUST_002249,42,36,99.77,3588.81,3,Two year,Mailed check,DSL,0
CUST_002250,58,10,112.93,1050.04,5,One year,Electronic check,No,0
CUST_002251,43,31,109.53,3471.58,5,One year,Electronic check,DSL,1
CUST_002252,67,17,74.67,1272.77,3,Month-to-month,Mailed check,DSL,0
CUST_002253,23,32,134.44,4157.86,1,Month-to-month,Electronic check,Fiber optic,0
CUST_002254,44,57,94.13,5151.63,2,One year,Mailed check,DSL,0
CUST_002255,26,60,61.25,3704.49,1,Month-to-month,Bank transfer,No,1
CUST_002256,50,18,128.27,2225.83,3,One year,Mailed check,DSL,0
CUST_002257,58,17,30.78,566.4,1,Month-to-month,Bank transfer,Fiber optic,1
CUST_002258,38,7,78.49,471.86,2,Month-to-month,Bank transfer,DSL,1
CUST_002259,18,65,83.41,5434.94,0,Month-to-month,Electronic check,DSL,1
CUST_002260,47,14,77.36,1045.13,3,Month-to-month,Electronic check,Fiber optic,1
CUST_002261,51,3,77.37,407.31,1,One year,Bank transfer,Fiber optic,0
CUST_002262,51,13,50.51,751.66,1,Month-to-month,Electronic check,DSL,0
CUST_002263,63,3,77.19,366.29,1,Month-to-month,Electronic check,No,0
CUST_002264,28,16,103.61,1660.1,1,Month-to-month,Bank transfer,DSL,1
CUST_002265,55,19,56.15,1149.1,1,One year,Electronic check,Fiber optic,1
CUST_002266,62,9,62.84,574.75,3,Month-to-month,Mailed check,Fiber optic,0
CUST_002267,18,1,47.32,194.28,3,One year,Electronic check,DSL,1
CUST_002268,49,68,136.06,9244.55,3,Month-to-month,Mailed check,Fiber optic,1
CUST_002269,37,35,110.0,3710.19,1,Month-to-month,Credit card,DSL,1
CUST_002270,43,43,128.62,5330.78,0,One year,Credit card,No,0
CUST_002271,50,10,42.0,586.88,4,Month-to-month,Credit card,No,1
CUST_002272,37,34,44.36,1556.02,1,Month-to-month,Mailed check,Fiber optic,0
CUST_002273,34,15,39.44,646.0,4,Two year,Electronic check,Fiber optic,0
CUST_002274,45,5,38.6,341.97,2,Two year,Mailed check,No,0
CUST_002275,28,3,74.81,59.25,1,Month-to-month,Electronic check,Fiber optic,0
CUST_002276,28,10,122.09,1185.05,4,Month-to-month,Electronic check,DSL,1
CUST_002277,55,3,57.22,148.06,4,One year,Electronic check,DSL,1
CUST_002278,27,120,175.85,21176.33,4,One year,Mailed check,Fiber optic,0
CUST_002279,54,1,24.32,0.0,4,One year,Electronic check,DSL,0
CUST_002280,51,13,119.19,1429.3,1,One year,Credit card,No,0
CUST_002281,19,14,45.12,510.58,1,One year,Mailed check,Fiber optic,0
CUST_002282,34,8,115.25,1036.92,4,Two year,Electronic check,No,1
CUST_002283,62,20,35.62,638.2,1,Two year,Mailed check,DSL,0
CUST_002284,30,3,116.32,293.76,1,Month-to-month,Mailed check,Fiber optic,1
CUST_002285,38,36,58.08,2154.32,1,Month-to-month,Bank transfer,Fiber optic,1
CUST_002286,51,9,54.77,423.05,1,Month-to-month,Electronic check,Fiber optic,1
CUST_002287,56,21,79.59,1500.98,4,Month-to-month,Mailed check,No,1
CUST_002288,41,30,73.07,2033.99,2,Two year,Bank transfer,Fiber optic,1
CUST_002289,36,52,112.75,5857.46,2,Month-to-month,Mailed check,Fiber optic,1
CUST_002290,66,43,138.98,6025.91,0,One year,Mailed check,Fiber optic,1
CUST_002291,71,22,91.64,1995.91,6,Two year,Electronic check,Fiber optic,0
CUST_002292,59,11,97.65,1117.18,2,Month-to-month,Bank transfer,Fiber optic,1
CUST_002293,46,16,36.8,427.52,3,Two year,Electronic check,DSL,1
CUST_002294,32,35,100.28,3355.31,2,One year,Credit card,DSL,0
CUST_002295,32,50,90.38,4744.64,2,Month-to-month,Electronic check,No,1
CUST_002296,52,2,109.58,342.43,3,Month-to-month,Electronic check,DSL,1
CUST_002297,51,11,64.32,784.43,4,Month-to-month,Mailed check,DSL,1
CUST_002298,66,35,105.45,3624.62,1,Month-to-month,Mailed check,DSL,1
CUST_002299,54,13,49.32,617.3,2,One year,Electronic check,Fiber optic,0
CUST_002300,22,9,50.44,453.77,1,Two year,Bank transfer,No,0
CUST_002301,60,12,63.61,894.78,2,Month-to-month,Mailed check,No,0
CUST_002302,30,22,61.41,1391.22,1,Month-to-month,Mailed check,Fiber optic,1
CUST_002303,39,120,105.39,12699.14,3,Month-to-month,Bank transfer,No,0
CUST_002304,48,16,32.97,510.7,3,Two year,Electronic check,Fiber optic,0
CUST_002305,74,5,106.17,610.14,2,One year,Credit card,DSL,0
CUST_002306,80,4,28.43,143.95,3,Month-to-month,Bank transfer,DSL,0
CUST_002307,54,1,109.24,113.64,2,Two year,Bank transfer,DSL,0
CUST_002308,42,19,42.05,724.58,2,Two year,Mailed check,No,0
CUST_002309,53,18,35.53,628.11,1,Month-to-month,Bank transfer,No,1
CUST_002310,58,5,78.8,286.05,3,Month-to-month,Bank transfer,DSL,0
CUST_002311,40,28,84.24,2354.82,1,Month-to-month,Mailed check,Fiber optic,1
CUST_002312,71,32,85.12,2732.84,3,Month-to-month,Bank transfer,No,0
CUST_002313,48,7,80.95,326.2,0,Month-to-month,Mailed check,No,0
CUST_002314,52,10,53.71,514.02,3,Month-to-month,Electronic check,Fiber optic,1
CUST_002315,54,111,141.79,15621.65,4,Two year,Credit card,Fiber optic,0
CUST_002316,51,11,75.74,883.01,1,Month-to-month,Mailed check,No,1
CUST_002317,57,34,70.47,2459.84,0,Month-to-month,Mailed check,DSL,0
CUST_002318,35,14,109.65,1492.47,1,Month-to-month,Mailed check,No,0
CUST_002319,36,37,111.27,4171.97,3,Month-to-month,Electronic check,DSL,1
CUST_002320,28,35,76.86,2749.24,4,One year,Bank transfer,No,1
CUST_002321,51,26,117.76,3038.83,2,Month-to-month,Bank transfer,DSL,0
CUST_002322,56,46,135.03,6364.62,0,Two year,Bank transfer,No,0
CUST_002323,51,67,107.19,7109.0,4,Month-to-month,Mailed check,DSL,1
CUST_002324,70,20,51.5,1177.04,3,Month-to-month,Bank transfer,No,1
CUST_002325,44,6,114.58,664.96,2,One year,Bank transfer,DSL,0
CUST_002326,55,12,44.95,455.04,3,Two year,Electronic check,DSL,0
CUST_002327,28,34,41.84,1387.48,1,Two year,Electronic check,No,0
CUST_002328,39,25,65.25,1521.28,1,One year,Credit card,Fiber optic,0
CUST_002329,55,4,94.7,457.24,1,Two year,Electronic check,No,0
CUST_002330,57,1,112.83,0.0,2,Two year,Credit card,Fiber optic,0
CUST_002331,40,27,97.23,2764.13,3,Month-to-month,Bank transfer,DSL,1
CUST_002332,43,6,118.18,615.52,2,Two year,Bank transfer,DSL,0
CUST_002333,22,16,37.24,679.46,2,Month-to-month,Electronic check,No,1
CUST_002334,39,32,42.08,1348.83,3,Month-to-month,Mailed check,DSL,0
CUST_002335,58,19,89.92,1735.55,3,Month-to-month,Electronic check,Fiber optic,1
CUST_002336,53,2,117.61,176.22,3,One year,Electronic check,Fiber optic,0
CUST_002337,52,4,72.27,324.37,4,One year,Bank transfer,Fiber optic,0
CUST_002338,45,5,27.65,151.76,1,One year,Electronic check,No,1
CUST_002339,45,7,45.62,173.56,1,Month-to-month,Mailed check,Fiber optic,1
CUST_002340,35,20,54.48,993.34,2,Month-to-month,Mailed check,Fiber optic,0
CUST_002341,55,16,61.79,934.48,1,Month-to-month,Credit card,No,0
CUST_002342,51,5,26.86,58.8,0,Month-to-month,Credit card,DSL,1
CUST_002343,52,1,110.99,236.27,0,One year,Mailed check,DSL,0
CUST_002344,37,4,73.56,294.93,3,Month-to-month,Bank transfer,Fiber optic,0
CUST_002345,18,99,136.59,13444.85,0,Month-to-month,Bank transfer,No,1
CUST_002346,61,15,34.22,464.18,1,Month-to-month,Electronic check,Fiber optic,1
CUST_002347,37,48,49.41,2321.31,2,One year,Credit card,No,0
CUST_002348,32,45,101.15,4522.8,2,Month-to-month,Bank transfer,No,0
CUST_002349,55,17,117.23,1885.37,2,Month-to-month,Bank transfer,No,0
CUST_002350,39,29,87.35,2451.7,2,Month-to-month,Bank transfer,DSL,1
CUST_002351,60,5,110.28,628.07,1,Two year,Electronic check,DSL,1
CUST_002352,54,27,114.6,3112.71,1,Two year,Electronic check,DSL,0
CUST_002353,55,7,31.09,202.36,5,One year,Electronic check,DSL,0
CUST_002354,24,42,61.2,2570.48,2,One year,Bank transfer,Fiber optic,1
CUST_002355,63,2,86.77,168.99,2,Month-to-month,Mailed check,Fiber optic,1
CUST_002356,48,35,81.85,2843.84,4,Month-to-month,Mailed check,Fiber optic,0
CUST_002357,39,2,50.07,151.85,2,One year,Electronic check,Fiber optic,1
CUST_002358,47,51,87.36,4499.85,0,One year,Bank transfer,DSL,0
CUST_002359,18,8,68.52,390.98,1,Month-to-month,Mailed check,DSL,1
CUST_002360,51,25,123.56,3075.72,1,Month-to-month,Bank transfer,DSL,1
CUST_002361,29,16,38.35,462.95,1,Month-to-month,Electronic check,Fiber optic,1
CUST_002362,24,10,52.97,593.29,0,One year,Mailed check,Fiber optic,0
CUST_002363,22,24,85.76,2134.92,3,One year,Electronic check,No,0
CUST_002364,61,70,124.83,8676.93,2,Two year,Bank transfer,DSL,0
CUST_002365,35,1,83.56,71.89,2,One year,Electronic check,DSL,1
CUST_002366,68,60,144.16,8438.71,2,Month-to-month,Electronic check,DSL,1
CUST_002367,36,22,110.56,2529.62,3,Two year,Credit card,DSL,1
CUST_002368,19,39,95.21,3784.07,1,Month-to-month,Electronic check,DSL,0
CUST_002369,28,11,46.97,631.66,6,Two year,Electronic check,DSL,0
CUST_002370,63,15,72.59,1237.47,2,Month-to-month,Electronic check,Fiber optic,1
CUST_002371,42,48,113.34,5317.82,2,Month-to-month,Bank transfer,DSL,1
CUST_002372,36,12,109.8,1406.36,0,One year,Bank transfer,Fiber optic,0
CUST_002373,47,18,124.97,2397.46,3,Month-to-month,Credit card,Fiber optic,0
CUST_002374,52,0,80.55,0.0,1,Two year,Bank transfer,DSL,0
CUST_002375,61,4,74.69,281.65,2,One year,Electronic check,Fiber optic,0
CUST_002376,66,24,33.77,774.12,2,Month-to-month,Electronic check,DSL,1
CUST_002377,39,30,42.21,1351.84,1,Month-to-month,Bank transfer,No,0
CUST_002378,25,20,45.61,672.82,1,One year,Credit card,DSL,1
CUST_002379,38,3,26.98,262.52,4,Month-to-month,Credit card,Fiber optic,0
CUST_002380,48,14,67.09,927.95,4,Month-to-month,Bank transfer,DSL,1
CUST_002381,30,10,58.69,678.49,5,One year,Bank transfer,DSL,0
CUST_002382,30,16,91.74,1461.74,5,Month-to-month,Bank transfer,No,0
CUST_002383,50,49,98.07,4854.47,0,Month-to-month,Bank transfer,Fiber optic,1
CUST_002384,44,35,97.1,3166.26,2,Month-to-month,Electronic check,Fiber optic,1
CUST_002385,45,2,68.2,97.91,1,Month-to-month,Electronic check,Fiber optic,1
CUST_002386,33,53,74.27,4021.28,2,Month-to-month,Mailed check,Fiber optic,1
CUST_002387,41,15,122.78,1870.61,3,Month-to-month,Bank transfer,Fiber optic,1
CUST_002388,31,32,44.64,1264.83,2,Month-to-month,Mailed check,Fiber optic,0
CUST_002389,58,3,115.39,352.31,4,Month-to-month,Mailed check,Fiber optic,0
CUST_002390,60,26,64.12,1585.34,1,Two year,Mailed check,Fiber optic,0
CUST_002391,18,6,74.27,355.05,1,One year,Mailed check,Fiber optic,1
CUST_002392,31,13,37.38,333.93,1,Month-to-month,Electronic check,Fiber optic,1
CUST_002393,22,0,27.09,61.87,4,Month-to-month,Credit card,Fiber optic,1
CUST_002394,35,3,64.45,304.67,2,Two year,Credit card,DSL,0
CUST_002395,43,2,95.17,402.35,2,Month-to-month,Electronic check,Fiber optic,1
CUST_002396,23,6,49.94,152.21,4,Two year,Mailed check,Fiber optic,0
CUST_002397,31,2,77.23,231.21,3,One year,Bank transfer,DSL,0
CUST_002398,29,28,61.87,1815.54,1,Month-to-month,Bank transfer,Fiber optic,1
CUST_002399,48,0,58.86,0.0,0,Two year,Mailed check,No,0
CUST_002400,46,23,122.14,2717.57,3,One year,Bank transfer,Fiber optic,0
CUST_002401,34,3,107.08,212.68,1,One year,Bank transfer,DSL,0
CUST_002402,47,69,106.1,7268.29,4,Month-to-month,Electronic check,Fiber optic,1
CUST_002403,36,64,75.81,4872.14,0,Month-to-month,Bank transfer,DSL,1
CUST_002404,40,6,42.32,389.92,3,Month-to-month,Electronic check,Fiber optic,1
CUST_002405,70,22,126.41,2891.53,2,Month-to-month,Mailed check,Fiber optic,1
CUST_002406,65,0,40.27,0.0,3,Month-to-month,Bank transfer,Fiber optic,1
CUST_002407,25,64,132.82,8421.39,1,Month-to-month,Electronic check,DSL,1
CUST_002408,57,17,65.4,1241.71,3,Two year,Electronic check,No,1
CUST_002409,57,1,119.07,45.96,2,Month-to-month,Bank transfer,DSL,0
CUST_002410,27,10,61.82,612.46,2,One year,Mailed check,DSL,1
CUST_002411,57,1,55.65,0.0,1,Two year,Electronic check,No,0
CUST_002412,68,11,89.25,1097.01,1,Month-to-month,Mailed check,DSL,1
CUST_002413,28,26,129.15,3166.67,2,Month-to-month,Bank transfer,Fiber optic,0
CUST_002414,31,15,125.12,1712.53,0,One year,Mailed check,Fiber optic,0
CUST_002415,60,11,96.22,1163.51,1,One year,Bank transfer,DSL,0
CUST_002416,49,3,96.96,482.89,1,Month-to-month,Mailed check,DSL,0
CUST_002417,53,6,79.34,446.98,2,Month-to-month,Credit card,Fiber optic,0
CUST_002418,50,2,96.58,188.47,3,Month-to-month,Electronic check,DSL,1
CUST_002419,50,39,125.48,4984.47,1,One year,Electronic check,DSL,1
CUST_002420,25,3,70.11,239.27,1,Month-to-month,Bank transfer,Fiber optic,0
CUST_002421,60,21,92.49,1904.89,1,One year,Electronic check,Fiber optic,0
CUST_002422,62,10,78.73,738.77,2,Month-to-month,Credit card,DSL,0
CUST_002423,41,6,79.25,318.8,2,One year,Bank transfer,DSL,0
CUST_002424,44,24,121.0,2927.41,1,One year,Bank transfer,DSL,1
CUST_002425,22,14,62.56,866.67,5,One year,Mailed check,Fiber optic,1
CUST_002426,52,12,46.82,518.04,2,Month-to-month,Bank transfer,DSL,1
CUST_002427,53,21,76.13,1498.51,2,Two year,Mailed check,DSL,0
CUST_002428,44,16,48.81,690.88,4,One year,Mailed check,No,1
CUST_002429,61,8,73.84,652.56,1,Two year,Bank transfer,DSL,0
CUST_002430,39,19,119.85,2365.33,4,One year,Credit card,DSL,0
CUST_002431,53,26,94.74,2430.62,0,Month-to-month,Electronic check,Fiber optic,1
CUST_002432,29,0,105.54,0.0,4,One year,Electronic check,DSL,1
CUST_002433,44,15,44.12,576.42,2,Month-to-month,Bank transfer,DSL,1
CUST_002434,42,1,110.59,204.27,1,Month-to-month,Electronic check,DSL,1
CUST_002435,48,4,82.18,331.81,3,Month-to-month,Bank transfer,DSL,0
CUST_002436,39,19,32.68,657.63,1,Two year,Electronic check,DSL,0
CUST_002437,43,48,107.31,5186.82,1,Two year,Bank transfer,DSL,0
CUST_002438,57,51,140.64,7141.85,1,Two year,Mailed check,Fiber optic,1
CUST_002439,38,1,28.42,0.0,0,Two year,Electronic check,DSL,0
CUST_002440,20,13,84.75,1002.08,2,Two year,Credit card,Fiber optic,0
CUST_002441,71,20,121.55,2543.75,2,One year,Bank transfer,Fiber optic,0
CUST_002442,65,3,22.47,0.0,0,Month-to-month,Bank transfer,No,1
CUST_002443,25,34,100.09,3362.07,2,One year,Bank transfer,Fiber optic,0
CUST_002444,55,32,83.49,2558.25,0,Month-to-month,Electronic check,No,0
CUST_002445,37,56,82.7,4509.53,4,Month-to-month,Mailed check,Fiber optic,0
CUST_002446,48,0,82.75,0.0,3,One year,Bank transfer,Fiber optic,0
CUST_002447,49,5,27.77,307.69,2,Month-to-month,Electronic check,Fiber optic,1
CUST_002448,41,42,116.31,4950.67,2,Month-to-month,Bank transfer,Fiber optic,1
CUST_002449,33,26,33.45,816.97,1,One year,Credit card,Fiber optic,0
CUST_002450,34,53,77.19,4199.55,2,Month-to-month,Bank transfer,DSL,0
CUST_002451,31,1,70.9,55.67,0,Month-to-month,Mailed check,DSL,1
CUST_002452,32,21,68.2,1567.68,1,Month-to-month,Electronic check,No,1
CUST_002453,43,20,60.75,1436.12,1,One year,Bank transfer,DSL,1
CUST_002454,34,0,103.08,102.82,2,Month-to-month,Bank transfer,Fiber optic,1
CUST_002455,55,17,121.98,2083.17,2,One year,Bank transfer,No,0
CUST_002456,67,22,118.37,2674.1,2,Two year,Bank transfer,DSL,0
CUST_002457,36,5,74.74,375.22,5,Two year,Electronic check,Fiber optic,0
CUST_002458,48,7,111.92,599.82,0,Two year,Mailed check,No,0
CUST_002459,52,24,124.09,2912.61,3,Two year,Mailed check,Fiber optic,0
CUST_002460,52,15,68.42,931.2,1,Month-to-month,Electronic check,Fiber optic,1
CUST_002461,46,46,71.34,3214.17,1,One year,Electronic check,DSL,0
CUST_002462,56,10,34.83,527.63,0,Month-to-month,Electronic check,Fiber optic,0
CUST_002463,52,7,71.41,612.08,2,Month-to-month,Electronic check,Fiber optic,1
CUST_002464,26,100,164.63,16507.06,0,One year,Electronic check,No,0
CUST_002465,58,58,105.09,6176.5,4,Month-to-month,Mailed check,No,0
CUST_002466,58,0,86.76,0.0,1,Month-to-month,Mailed check,Fiber optic,1
CUST_002467,33,35,48.79,1780.41,2,One year,Electronic check,Fiber optic,0
CUST_002468,45,2,35.35,164.67,4,Month-to-month,Credit card,Fiber optic,1
CUST_002469,55,0,66.45,0.0,2,Month-to-month,Mailed check,DSL,0
CUST_002470,41,7,118.63,906.91,1,Two year,Bank transfer,Fiber optic,1
CUST_002471,61,7,59.58,274.64,2,Month-to-month,Electronic check,Fiber optic,1
CUST_002472,80,41,128.25,5061.18,0,One year,Mailed check,DSL,0
CUST_002473,33,29,46.53,1481.97,0,Month-to-month,Mailed check,No,0
CUST_002474,24,95,129.2,12173.46,3,Two year,Electronic check,Fiber optic,0
CUST_002475,49,29,94.56,2670.68,1,Month-to-month,Electronic check,Fiber optic,0
CUST_002476,55,13,112.49,1561.3,1,Month-to-month,Electronic check,No,0
CUST_002477,41,28,34.33,930.76,3,Month-to-month,Mailed check,DSL,0
CUST_002478,66,120,98.99,11861.16,1,Two year,Electronic check,DSL,0
CUST_002479,24,29,56.47,1617.39,2,Month-to-month,Electronic check,DSL,0
CUST_002480,55,34,132.0,4522.64,0,One year,Bank transfer,DSL,0
CUST_002481,35,66,68.37,4489.74,2,Month-to-month,Electronic check,No,0
CUST_002482,70,2,24.7,60.81,3,Two year,Electronic check,Fiber optic,0
CUST_002483,74,29,87.95,2500.08,2,Month-to-month,Electronic check,Fiber optic,0
CUST_002484,33,45,95.36,4326.2,1,Month-to-month,Credit card,Fiber optic,1
CUST_002485,36,74,141.4,10495.33,4,One year,Electronic check,DSL,0
CUST_002486,57,5,117.39,776.72,1,One year,Mailed check,Fiber optic,0
CUST_002487,39,16,81.85,1271.55,1,One year,Mailed check,DSL,0
CUST_002488,44,27,126.5,3397.07,4,Month-to-month,Credit card,DSL,0
CUST_002489,45,6,95.52,596.98,1,One year,Credit card,Fiber optic,1
CUST_002490,18,22,57.46,1360.47,1,Month-to-month,Electronic check,No,0
CUST_002491,44,7,116.34,705.24,1,Two year,Electronic check,Fiber optic,0
CUST_002492,34,9,91.24,831.56,0,Month-to-month,Mailed check,Fiber optic,1
CUST_002493,37,13,67.91,632.04,3,Month-to-month,Electronic check,No,1
CUST_002494,66,18,97.02,1719.28,0,Two year,Credit card,DSL,0
CUST_002495,26,14,67.13,1047.11,3,Month-to-month,Bank transfer,Fiber optic,0
CUST_002496,57,16,39.42,558.08,1,Two year,Credit card,DSL,0
CUST_002497,40,8,95.9,784.87,4,One year,Mailed check,No,1
CUST_002498,40,4,104.41,364.74,2,One year,Mailed check,DSL,1
CUST_002499,56,1,93.38,7.44,0,Month-to-month,Mailed check,Fiber optic,0
CUST_002500,50,5,45.41,324.21,0,One year,Electronic check,DSL,1
CUST_002501,53,20,125.66,2408.74,0,Month-to-month,Mailed check,DSL,0
CUST_002502,59,37,41.03,1547.24,2,One year,Credit card,DSL,0
CUST_002503,40,4,55.27,251.91,2,Month-to-month,Bank transfer,DSL,1
CUST_002504,35,2,47.01,8.84,0,Month-to-month,Electronic check,No,0
CUST_002505,28,33,41.31,1378.89,0,Month-to-month,Bank transfer,Fiber optic,0
CUST_002506,32,8,64.57,423.09,3,Two year,Electronic check,No,0
CUST_002507,80,72,118.31,8570.61,3,One year,Mailed check,DSL,0
CUST_002508,63,30,123.26,3566.16,2,One year,Bank transfer,No,0
CUST_002509,24,9,123.47,1077.26,3,Month-to-month,Electronic check,Fiber optic,0
CUST_002510,25,8,104.81,813.19,1,Month-to-month,Electronic check,No,1
CUST_002511,52,17,75.37,1392.55,3,Month-to-month,Electronic check,Fiber optic,1
CUST_002512,53,1,92.87,106.87,3,Month-to-month,Credit card,Fiber optic,0
CUST_002513,53,3,105.86,413.09,1,Two year,Electronic check,No,0
CUST_002514,41,4,68.53,329.59,4,Month-to-month,Mailed check,DSL,0
CUST_002515,43,35,116.01,4115.02,0,Month-to-month,Electronic check,Fiber optic,1
CUST_002516,49,17,76.77,1271.82,3,Two year,Mailed check,Fiber optic,0
CUST_002517,46,0,58.65,102.09,1,Two year,Electronic check,Fiber optic,1
CUST_002518,18,26,85.61,2190.22,2,One year,Bank transfer,DSL,1
CUST_002519,41,13,94.09,1050.13,2,Month-to-month,Bank transfer,Fiber optic,0
CUST_002520,32,17,101.19,1698.72,3,Month-to-month,Electronic check,DSL,1
CUST_002521,47,5,58.17,336.22,2,Month-to-month,Credit card,No,1
CUST_002522,80,19,86.63,1485.35,2,One year,Credit card,No,0
CUST_002523,50,92,156.99,14354.3,3,Month-to-month,Electronic check,Fiber optic,0
CUST_002524,40,1,118.13,0.0,1,Month-to-month,Electronic check,No,1
CUST_002525,58,8,46.72,452.47,2,Month-to-month,Mailed check,DSL,0
CUST_002526,52,6,42.28,420.98,2,One year,Bank transfer,DSL,0
CUST_002527,51,6,90.67,523.04,0,Month-to-month,Electronic check,Fiber optic,1
CUST_002528,54,11,66.97,789.81,3,Month-to-month,Bank transfer,Fiber optic,0
CUST_002529,75,40,42.42,1747.44,1,One year,Electronic check,DSL,0
CUST_002530,28,58,83.69,5009.18,1,Month-to-month,Mailed check,No,0
CUST_002531,52,5,103.17,450.62,1,Month-to-month,Mailed check,DSL,0
CUST_002532,31,18,108.74,1935.38,2,Month-to-month,Bank transfer,No,0
CUST_002533,53,24,81.47,1921.17,4,One year,Credit card,DSL,1
CUST_002534,31,17,75.76,1295.42,5,Two year,Electronic check,DSL,0
CUST_002535,38,13,84.45,1348.29,1,Two year,Electronic check,Fiber optic,1
CUST_002536,40,5,44.44,225.28,1,One year,Mailed check,DSL,1
CUST_002537,59,16,80.6,1204.2,1,Two year,Mailed check,No,0
CUST_002538,58,12,27.1,209.81,3,Month-to-month,Bank transfer,Fiber optic,0
CUST_002539,26,38,86.56,3414.39,4,One year,Electronic check,Fiber optic,1
CUST_002540,45,34,70.61,2314.65,2,One year,Bank transfer,Fiber optic,0
CUST_002541,34,3,88.99,333.32,1,Month-to-month,Electronic check,Fiber optic,1
CUST_002542,26,2,84.84,101.7,3,Month-to-month,Credit card,No,1
CUST_002543,41,57,86.58,4808.6,1,Two year,Electronic check,DSL,1
CUST_002544,40,18,29.73,595.61,1,One year,Mailed check,Fiber optic,0
CUST_002545,80,46,68.23,3075.38,3,Month-to-month,Electronic check,No,0
CUST_002546,51,1,83.83,126.38,1,One year,Mailed check,DSL,0
CUST_002547,24,17,35.74,657.46,4,One year,Mailed check,DSL,0
CUST_002548,36,18,39.76,770.38,0,Two year,Bank transfer,No,0
CUST_002549,60,47,108.2,5058.75,3,One year,Electronic check,No,1
CUST_002550,76,2,96.58,261.77,3,One year,Mailed check,DSL,0
CUST_002551,21,6,55.15,238.68,0,Two year,Bank transfer,Fiber optic,0
CUST_002552,18,12,74.97,654.2,4,One year,Mailed check,Fiber optic,1
CUST_002553,73,48,138.57,6722.1,2,Two year,Bank transfer,Fiber optic,0
CUST_002554,50,67,148.05,9936.2,4,Month-to-month,Credit card,No,1
CUST_002555,31,118,109.75,12889.52,4,One year,Electronic check,Fiber optic,0
CUST_002556,53,76,139.0,10416.79,0,One year,Bank transfer,DSL,0
CUST_002557,18,0,79.39,0.0,3,One year,Electronic check,No,0
CUST_002558,45,1,118.05,123.22,1,Month-to-month,Mailed check,DSL,0
CUST_002559,49,3,69.26,372.66,3,Two year,Bank transfer,Fiber optic,0
CUST_002560,58,10,102.47,1010.85,4,Month-to-month,Electronic check,Fiber optic,1
CUST_002561,29,42,117.81,4912.04,0,Month-to-month,Electronic check,No,1
CUST_002562,46,53,96.24,5098.46,2,One year,Credit card,No,0
CUST_002563,31,4,101.56,624.17,3,One year,Electronic check,No,1
CUST_002564,48,23,57.6,1400.08,1,Month-to-month,Electronic check,Fiber optic,0
CUST_002565,31,59,61.73,3548.44,0,Two year,Bank transfer,Fiber optic,0
CUST_002566,38,14,69.52,976.04,3,Month-to-month,Mailed check,DSL,1
CUST_002567,30,2,115.36,263.97,1,Month-to-month,Bank transfer,DSL,1
CUST_002568,54,14,77.07,973.41,3,Month-to-month,Electronic check,DSL,1
CUST_002569,57,11,89.03,1055.2,3,Two year,Electronic check,Fiber optic,1
CUST_002570,41,20,92.42,1766.54,1,Month-to-month,Electronic check,Fiber optic,1
CUST_002571,45,13,39.76,365.75,0,Month-to-month,Electronic check,DSL,1
CUST_002572,23,0,59.03,7.61,2,One year,Electronic check,DSL,1
CUST_002573,40,120,150.69,18075.05,4,Month-to-month,Electronic check,Fiber optic,0
CUST_002574,44,18,126.2,2271.48,2,Two year,Bank transfer,No,0
CUST_002575,80,15,44.3,588.06,3,Two year,Mailed check,DSL,0
CUST_002576,28,74,98.04,7192.76,1,Month-to-month,Electronic check,Fiber optic,0
CUST_002577,66,4,31.51,238.88,1,One year,Electronic check,DSL,0
CUST_002578,59,5,46.74,277.8,1,Month-to-month,Credit card,DSL,1
CUST_002579,49,39,77.18,2914.19,1,Month-to-month,Electronic check,No,0
CUST_002580,71,7,77.56,347.88,1,Month-to-month,Credit card,DSL,1
CUST_002581,50,38,62.06,2266.71,2,One year,Bank transfer,DSL,0
CUST_002582,50,7,46.26,339.52,3,One year,Bank transfer,DSL,0
CUST_002583,44,0,97.78,0.0,4,One year,Bank transfer,Fiber optic,0
CUST_002584,63,17,124.76,2050.03,3,Month-to-month,Mailed check,DSL,0
CUST_002585,61,5,54.86,215.39,2,Month-to-month,Mailed check,DSL,0
CUST_002586,35,34,105.8,3589.9,4,Two year,Bank transfer,No,0
CUST_002587,25,24,57.81,1465.86,0,Month-to-month,Bank transfer,DSL,0
CUST_002588,41,61,143.3,8740.97,1,One year,Mailed check,No,0
CUST_002589,32,36,105.29,3796.64,2,One year,Bank transfer,DSL,0
CUST_002590,44,4,102.27,386.58,3,Month-to-month,Bank transfer,DSL,1
CUST_002591,63,38,43.94,1619.61,3,Two year,Electronic check,Fiber optic,0
CUST_002592,38,24,91.85,2293.84,1,One year,Bank transfer,DSL,1
CUST_002593,44,26,85.76,2304.03,2,One year,Mailed check,DSL,0
CUST_002594,45,42,70.3,3157.12,2,Month-to-month,Electronic check,Fiber optic,0
CUST_002595,57,20,56.24,1185.92,3,One year,Bank transfer,DSL,1
CUST_002596,18,15,85.5,1232.7,0,Two year,Mailed check,No,0
CUST_002597,35,24,102.65,2373.1,0,One year,Electronic check,DSL,1
CUST_002598,48,8,27.32,313.83,3,One year,Electronic check,Fiber optic,0
CUST_002599,63,4,78.74,233.46,3,One year,Electronic check,DSL,1
CUST_002600,37,23,48.55,1197.53,3,Two year,Bank transfer,DSL,0
CUST_002601,18,6,37.04,146.23,2,Month-to-month,Electronic check,No,1
CUST_002602,54,1,82.81,117.73,3,One year,Mailed check,Fiber optic,0
CUST_002603,35,0,51.09,0.0,2,One year,Electronic check,No,0
CUST_002604,27,22,75.09,1729.93,1,One year,Electronic check,DSL,0
CUST_002605,35,10,61.0,486.63,2,Month-to-month,Bank transfer,DSL,1
CUST_002606,42,33,101.33,3371.31,1,Two year,Credit card,Fiber optic,0
CUST_002607,35,11,72.51,777.85,1,Two year,Mailed check,Fiber optic,1
CUST_002608,18,15,123.85,1867.87,5,One year,Credit card,DSL,1
CUST_002609,58,12,61.24,695.28,0,One year,Credit card,DSL,0
CUST_002610,64,25,106.53,2621.28,2,Month-to-month,Electronic check,DSL,1
CUST_002611,54,10,50.73,522.77,2,Month-to-month,Bank transfer,Fiber optic,1
CUST_002612,27,79,110.38,8619.44,0,One year,Bank transfer,DSL,0
CUST_002613,41,66,108.26,7044.16,1,One year,Mailed check,DSL,0
CUST_002614,44,45,75.41,3357.64,3,Month-to-month,Bank transfer,DSL,1
CUST_002615,53,60,97.18,5790.94,2,Month-to-month,Bank transfer,DSL,0
CUST_002616,55,14,54.93,668.45,2,Month-to-month,Electronic check,Fiber optic,0
CUST_002617,33,18,29.6,625.22,0,One year,Bank transfer,Fiber optic,1
CUST_002618,46,32,57.56,1808.63,2,Month-to-month,Mailed check,DSL,1
CUST_002619,51,28,104.01,2889.51,2,Month-to-month,Bank transfer,DSL,0
CUST_002620,66,53,123.6,6417.85,0,Month-to-month,Electronic check,Fiber optic,1
CUST_002621,55,30,63.02,2097.77,2,Two year,Electronic check,DSL,0
CUST_002622,56,120,120.8,14739.22,1,Month-to-month,Bank transfer,DSL,0
CUST_002623,46,10,28.74,209.33,3,One year,Mailed check,DSL,0
CUST_002624,66,42,64.71,2840.27,2,Month-to-month,Electronic check,DSL,1
CUST_002625,51,28,111.92,3124.63,0,One year,Electronic check,DSL,0
CUST_002626,32,28,94.6,2809.14,2,One year,Electronic check,DSL,0
CUST_002627,66,9,45.08,439.32,1,Month-to-month,Electronic check,Fiber optic,0
CUST_002628,55,36,63.74,2304.77,4,Month-to-month,Credit card,DSL,0
CUST_002629,38,55,129.18,6854.98,2,One year,Bank transfer,DSL,0
CUST_002630,37,5,43.41,129.18,2,Month-to-month,Electronic check,DSL,1
CUST_002631,49,23,64.92,1495.11,3,Month-to-month,Bank transfer,DSL,1
CUST_002632,51,11,91.94,1031.16,5,Two year,Mailed check,No,1
CUST_002633,47,109,130.61,14115.14,0,One year,Electronic check,DSL,0
CUST_002634,49,15,73.59,1030.93,2,Month-to-month,Bank transfer,Fiber optic,0
CUST_002635,70,6,112.97,733.19,2,One year,Electronic check,Fiber optic,0
CUST_002636,61,11,47.47,383.86,1,Two year,Bank transfer,DSL,0
CUST_002637,47,25,106.64,2679.42,0,Month-to-month,Credit card,Fiber optic,1
CUST_002638,59,1,36.41,160.2,4,Two year,Credit card,Fiber optic,1
CUST_002639,29,22,92.57,2075.16,1,One year,Bank transfer,Fiber optic,1
CUST_002640,50,64,139.06,8933.54,2,One year,Credit card,DSL,0
CUST_002641,72,45,88.29,3771.04,6,Two year,Bank transfer,No,1
CUST_002642,41,1,92.93,10.74,0,Month-to-month,Bank transfer,DSL,0
CUST_002643,32,120,162.04,19650.14,0,Month-to-month,Electronic check,DSL,0
CUST_002644,35,28,47.6,1272.96,0,Month-to-month,Electronic check,Fiber optic,0
CUST_002645,28,4,92.58,496.78,3,One year,Bank transfer,DSL,0
CUST_002646,33,0,111.98,0.0,2,Month-to-month,Credit card,Fiber optic,1
CUST_002647,39,4,79.64,290.77,4,Month-to-month,Bank transfer,Fiber optic,1
CUST_002648,23,43,60.11,2636.38,0,One year,Mailed check,DSL,0
CUST_002649,45,0,32.69,10.07,3,Month-to-month,Electronic check,DSL,1
CUST_002650,58,6,48.97,331.99,0,Month-to-month,Credit card,Fiber optic,0
CUST_002651,31,33,46.85,1464.25,4,Month-to-month,Bank transfer,Fiber optic,0
CUST_002652,67,21,81.84,1605.0,1,Two year,Mailed check,DSL,0
CUST_002653,52,36,44.97,1530.35,1,Two year,Credit card,Fiber optic,0
CUST_002654,60,32,58.34,1813.66,2,One year,Credit card,Fiber optic,0
CUST_002655,35,1,64.49,41.56,4,Month-to-month,Mailed check,Fiber optic,1
CUST_002656,57,53,93.89,5079.98,2,Month-to-month,Mailed check,DSL,1
CUST_002657,28,6,79.54,485.97,2,Month-to-month,Electronic check,Fiber optic,0
CUST_002658,58,19,100.06,1949.63,5,Two year,Credit card,DSL,0
CUST_002659,47,24,36.72,895.51,3,One year,Electronic check,Fiber optic,0
CUST_002660,53,4,30.06,8.7,1,Month-to-month,Credit card,DSL,0
CUST_002661,27,89,70.59,6283.87,2,Month-to-month,Electronic check,DSL,1
CUST_002662,31,16,70.32,1138.12,5,One year,Credit card,Fiber optic,0
CUST_002663,53,1,24.68,100.68,3,One year,Mailed check,DSL,0
CUST_002664,30,66,127.61,8315.28,0,Two year,Mailed check,DSL,1
CUST_002665,51,21,52.8,904.76,1,Month-to-month,Electronic check,Fiber optic,0
CUST_002666,24,28,127.92,3599.42,3,Two year,Mailed check,DSL,0
CUST_002667,57,17,77.14,1346.77,5,Month-to-month,Mailed check,DSL,1
CUST_002668,26,43,86.13,3685.76,5,Month-to-month,Electronic check,Fiber optic,0
CUST_002669,53,0,98.05,2.8,0,Month-to-month,Bank transfer,DSL,0
CUST_002670,54,7,94.82,751.59,1,Month-to-month,Bank transfer,DSL,1
CUST_002671,34,15,88.23,1277.58,4,Month-to-month,Electronic check,DSL,1
CUST_002672,53,1,114.01,86.15,2,Month-to-month,Mailed check,DSL,1
CUST_002673,48,29,76.73,2232.96,2,Two year,Electronic check,Fiber optic,0
CUST_002674,36,12,106.85,1160.26,0,Month-to-month,Credit card,No,0
CUST_002675,29,7,61.51,415.38,1,Month-to-month,Electronic check,Fiber optic,1
CUST_002676,18,0,103.83,0.0,2,Month-to-month,Electronic check,DSL,1
CUST_002677,50,30,60.95,1992.13,1,Two year,Credit card,Fiber optic,0
CUST_002678,21,43,70.43,2998.54,1,Month-to-month,Mailed check,DSL,0
CUST_002679,46,12,93.79,1145.44,5,Month-to-month,Electronic check,No,1
CUST_002680,41,19,50.77,1056.52,1,Two year,Bank transfer,Fiber optic,0
CUST_002681,55,6,45.92,191.74,1,One year,Bank transfer,No,1
CUST_002682,40,23,62.03,1564.18,0,Month-to-month,Mailed check,Fiber optic,1
CUST_002683,40,0,87.89,176.39,0,Month-to-month,Electronic check,No,1
CUST_002684,55,16,116.94,1868.13,3,Month-to-month,Mailed check,DSL,0
CUST_002685,50,24,99.46,2333.02,0,One year,Credit card,No,0
CUST_002686,49,60,132.78,8129.6,3,One year,Mailed check,DSL,1
CUST_002687,52,11,79.86,957.98,2,Month-to-month,Mailed check,No,1
CUST_002688,21,34,43.89,1500.54,1,Two year,Bank transfer,DSL,0
CUST_002689,56,21,40.55,994.16,0,Month-to-month,Electronic check,Fiber optic,0
CUST_002690,54,62,106.44,6731.33,3,Month-to-month,Electronic check,Fiber optic,1
CUST_002691,29,12,58.78,671.74,1,Month-to-month,Electronic check,Fiber optic,1
CUST_002692,41,9,46.56,443.88,1,Month-to-month,Bank transfer,Fiber optic,0
CUST_002693,44,52,92.63,4874.22,3,Month-to-month,Bank transfer,DSL,0
CUST_002694,42,1,87.15,90.02,2,Two year,Bank transfer,DSL,1
CUST_002695,50,3,60.0,40.91,1,Month-to-month,Mailed check,Fiber optic,0
CUST_002696,66,2,101.25,108.68,1,One year,Electronic check,No,0
CUST_002697,61,44,115.85,4961.68,1,Month-to-month,Electronic check,Fiber optic,1
CUST_002698,25,0,93.49,49.29,1,Month-to-month,Credit card,Fiber optic,1
CUST_002699,54,47,142.02,6556.46,0,One year,Electronic check,Fiber optic,1
CUST_002700,64,14,56.52,810.56,1,One year,Mailed check,Fiber optic,1
CUST_002701,50,0,84.47,183.19,2,Month-to-month,Electronic check,No,1
CUST_002702,61,12,111.55,1481.35,1,Two year,Electronic check,DSL,1
CUST_002703,75,4,79.95,136.07,3,One year,Electronic check,DSL,0
CUST_002704,60,23,110.45,2412.48,2,Month-to-month,Credit card,DSL,1
CUST_002705,48,27,74.95,1945.87,3,One year,Electronic check,Fiber optic,1
CUST_002706,60,16,87.05,1275.88,1,Month-to-month,Electronic check,DSL,1
CUST_002707,47,0,25.57,0.0,1,Month-to-month,Mailed check,No,0
CUST_002708,45,25,131.08,3275.83,2,One year,Mailed check,DSL,1
CUST_002709,39,44,122.0,5438.59,1,One year,Credit card,Fiber optic,1
CUST_002710,68,30,121.88,3751.83,0,Month-to-month,Electronic check,DSL,0
CUST_002711,32,42,110.43,4590.59,2,Two year,Bank transfer,Fiber optic,0
CUST_002712,67,5,41.11,178.33,2,One year,Bank transfer,DSL,0
CUST_002713,52,52,49.1,2588.92,1,One year,Mailed check,DSL,0
CUST_002714,24,9,110.97,987.84,2,Two year,Electronic check,Fiber optic,1
CUST_002715,50,0,59.63,81.06,3,Two year,Electronic check,Fiber optic,0
CUST_002716,18,44,68.39,3052.04,5,Month-to-month,Electronic check,No,1
CUST_002717,54,68,110.17,7453.75,1,One year,Electronic check,DSL,0
CUST_002718,58,25,74.59,1679.08,3,Two year,Electronic check,Fiber optic,0
CUST_002719,36,6,88.17,678.9,3,One year,Credit card,DSL,1
CUST_002720,46,6,71.38,359.67,0,One year,Mailed check,DSL,0
CUST_002721,74,15,97.22,1494.11,1,Month-to-month,Mailed check,Fiber optic,1
CUST_002722,37,54,132.34,6954.83,1,Two year,Bank transfer,Fiber optic,0
CUST_002723,29,3,41.06,122.04,4,One year,Electronic check,DSL,0
CUST_002724,67,41,73.44,3021.2,2,Two year,Mailed check,No,0
CUST_002725,74,8,67.68,556.31,1,One year,Electronic check,DSL,1
CUST_002726,45,39,135.71,5593.91,1,Two year,Credit card,Fiber optic,1
CUST_002727,60,60,86.53,5128.89,2,Month-to-month,Mailed check,DSL,0
CUST_002728,65,13,64.61,922.0,2,Two year,Electronic check,No,0
CUST_002729,33,10,90.35,955.8,1,Two year,Mailed check,DSL,0
CUST_002730,37,38,80.92,3007.09,2,Two year,Electronic check,DSL,1
CUST_002731,63,18,124.12,2314.77,5,One year,Bank transfer,No,0
CUST_002732,70,27,122.95,3303.13,1,Two year,Credit card,DSL,0
CUST_002733,53,23,82.84,1992.86,3,Month-to-month,Credit card,No,0
CUST_002734,31,3,85.98,454.03,1,Month-to-month,Mailed check,Fiber optic,1
CUST_002735,74,44,47.8,2118.41,1,Two year,Bank transfer,DSL,0
CUST_002736,37,5,92.07,432.25,3,One year,Electronic check,DSL,1
CUST_002737,39,64,122.72,7959.24,1,Month-to-month,Electronic check,Fiber optic,1
CUST_002738,50,6,58.92,493.18,1,Month-to-month,Bank transfer,DSL,0
CUST_002739,68,31,57.47,1693.19,1,One year,Bank transfer,Fiber optic,1
CUST_002740,57,8,115.51,878.77,2,One year,Credit card,DSL,1
CUST_002741,51,9,67.17,672.08,1,Month-to-month,Credit card,No,0
CUST_002742,51,8,89.37,701.76,2,Month-to-month,Electronic check,DSL,1
CUST_002743,45,33,39.83,1219.05,3,Two year,Electronic check,DSL,0
CUST_002744,53,19,70.91,1401.3,1,Two year,Mailed check,Fiber optic,0
CUST_002745,18,51,127.23,6555.67,1,One year,Bank transfer,No,0
CUST_002746,40,8,62.76,468.62,3,One year,Electronic check,DSL,0
CUST_002747,48,28,94.32,2646.99,1,Month-to-month,Mailed check,No,0
CUST_002748,27,33,57.49,1839.37,2,One year,Electronic check,DSL,0
CUST_002749,50,3,63.15,79.93,3,Month-to-month,Mailed check,DSL,0
CUST_002750,41,12,118.76,1375.46,2,Month-to-month,Electronic check,DSL,1
CUST_002751,71,15,84.15,1269.57,6,One year,Mailed check,Fiber optic,0
CUST_002752,68,10,115.19,1004.42,1,Month-to-month,Electronic check,DSL,1
CUST_002753,38,9,114.7,989.92,2,Month-to-month,Mailed check,No,1
CUST_002754,42,27,127.91,3462.48,1,Two year,Credit card,Fiber optic,0
CUST_002755,43,5,112.04,679.66,2,Month-to-month,Electronic check,No,1
CUST_002756,38,29,34.83,978.76,2,Month-to-month,Bank transfer,DSL,0
CUST_002757,47,65,145.9,9359.01,4,One year,Bank transfer,No,0
CUST_002758,33,19,43.25,800.71,2,Month-to-month,Credit card,Fiber optic,1
CUST_002759,28,22,34.99,713.18,0,One year,Electronic check,Fiber optic,1
CUST_002760,54,1,26.04,81.26,4,Month-to-month,Electronic check,Fiber optic,1
CUST_002761,54,47,78.39,3650.62,3,One year,Credit card,No,1
CUST_002762,32,8,86.08,417.59,3,Two year,Mailed check,DSL,0
CUST_002763,58,22,71.23,1936.25,4,One year,Electronic check,DSL,0
CUST_002764,35,92,68.56,6321.34,1,Month-to-month,Credit card,DSL,0
CUST_002765,48,21,78.15,1650.03,3,One year,Electronic check,No,0
CUST_002766,57,30,79.21,2222.25,2,Month-to-month,Mailed check,DSL,1
CUST_002767,44,14,102.68,1291.13,1,One year,Bank transfer,No,0
CUST_002768,51,1,48.46,39.27,2,One year,Bank transfer,DSL,0
CUST_002769,37,38,60.75,2342.24,3,Two year,Electronic check,Fiber optic,0
CUST_002770,42,0,45.59,70.21,1,One year,Electronic check,Fiber optic,0
CUST_002771,41,28,64.37,1826.22,3,Month-to-month,Credit card,No,0
CUST_002772,33,0,79.92,0.0,4,One year,Mailed check,Fiber optic,0
CUST_002773,42,47,90.65,4010.22,0,One year,Bank transfer,DSL,0
CUST_002774,21,4,55.69,212.74,2,Two year,Mailed check,Fiber optic,0
CUST_002775,37,17,65.93,1067.44,2,Month-to-month,Bank transfer,Fiber optic,0
CUST_002776,40,21,67.59,1293.18,1,Two year,Electronic check,DSL,0
CUST_002777,41,14,124.24,1822.18,3,Month-to-month,Electronic check,Fiber optic,1
CUST_002778,41,10,48.3,325.44,1,One year,Credit card,No,0
CUST_002779,44,15,109.31,1701.29,1,Month-to-month,Electronic check,DSL,1
CUST_002780,52,8,94.82,617.55,0,One year,Credit card,No,0
CUST_002781,58,13,27.06,365.15,1,One year,Credit card,DSL,0
CUST_002782,35,10,124.32,1336.57,1,One year,Bank transfer,Fiber optic,1
CUST_002783,26,20,105.64,2079.09,2,One year,Mailed check,DSL,0
CUST_002784,29,6,91.24,716.46,2,One year,Electronic check,Fiber optic,0
CUST_002785,37,107,114.03,12393.26,2,One year,Bank transfer,Fiber optic,0
CUST_002786,39,16,83.52,1360.04,2,One year,Bank transfer,DSL,0
CUST_002787,33,5,47.83,293.27,1,Two year,Bank transfer,Fiber optic,0
CUST_002788,25,15,31.05,571.8,1,Month-to-month,Electronic check,DSL,1
CUST_002789,38,48,127.6,6179.35,4,Month-to-month,Mailed check,DSL,1
CUST_002790,47,0,109.65,43.72,5,Two year,Mailed check,Fiber optic,1
CUST_002791,53,27,49.75,1290.76,3,Two year,Bank transfer,Fiber optic,0
CUST_002792,36,19,108.21,1887.17,3,One year,Bank transfer,DSL,0
CUST_002793,38,4,96.12,245.45,0,Month-to-month,Bank transfer,No,0
CUST_002794,31,40,57.84,2551.74,1,Two year,Electronic check,DSL,0
CUST_002795,44,11,67.68,776.76,3,One year,Electronic check,DSL,1
CUST_002796,32,8,66.28,505.64,1,Two year,Electronic check,DSL,0
CUST_002797,53,42,117.0,5040.18,1,Month-to-month,Electronic check,DSL,1
CUST_002798,18,24,115.77,2703.44,1,Month-to-month,Mailed check,DSL,1
CUST_002799,39,54,56.48,3108.1,1,One year,Electronic check,No,1
CUST_002800,49,23,87.8,2027.05,2,Two year,Electronic check,DSL,1
CUST_002801,47,32,112.17,3635.6,4,Two year,Electronic check,DSL,1
CUST_002802,80,43,120.12,5131.48,2,Month-to-month,Mailed check,Fiber optic,0
CUST_002803,50,1,35.3,0.0,1,Month-to-month,Credit card,Fiber optic,1
CUST_002804,29,35,90.05,3069.48,1,Month-to-month,Credit card,Fiber optic,1
CUST_002805,43,22,116.76,2490.24,3,Two year,Electronic check,Fiber optic,0
CUST_002806,18,1,52.35,52.05,2,Month-to-month,Bank transfer,Fiber optic,1
CUST_002807,43,17,71.01,1051.59,2,Two year,Mailed check,No,0
CUST_002808,32,2,101.44,78.13,4,Month-to-month,Bank transfer,DSL,0
CUST_002809,58,31,44.43,1390.94,2,Month-to-month,Mailed check,Fiber optic,0
CUST_002810,36,18,114.95,2056.32,2,One year,Credit card,No,0
CUST_002811,43,73,87.62,6414.97,2,Month-to-month,Mailed check,No,1
CUST_002812,35,4,22.15,84.08,1,Month-to-month,Electronic check,DSL,0
CUST_002813,71,22,54.42,1449.05,1,Two year,Bank transfer,No,0
CUST_002814,40,5,31.45,169.92,1,Month-to-month,Mailed check,Fiber optic,1
CUST_002815,72,22,40.24,847.34,3,One year,Electronic check,Fiber optic,0
CUST_002816,57,30,104.28,3138.62,1,Month-to-month,Mailed check,DSL,1
CUST_002817,52,30,56.4,1793.92,3,Month-to-month,Bank transfer,Fiber optic,0
CUST_002818,50,40,133.47,5334.01,0,One year,Electronic check,DSL,1
CUST_002819,50,46,94.64,4422.12,1,Month-to-month,Credit card,Fiber optic,0
CUST_002820,18,1,66.51,106.11,2,Month-to-month,Bank transfer,Fiber optic,1
CUST_002821,40,10,68.43,655.24,1,One year,Mailed check,DSL,0
CUST_002822,57,27,102.76,2785.57,3,Month-to-month,Electronic check,DSL,1
CUST_002823,44,16,73.23,1331.51,3,Month-to-month,Mailed check,DSL,1
CUST_002824,23,5,35.36,201.11,0,Month-to-month,Mailed check,Fiber optic,0
CUST_002825,44,19,117.52,2134.23,1,Two year,Bank transfer,Fiber optic,0
CUST_002826,70,12,68.84,794.12,2,One year,Electronic check,Fiber optic,0
CUST_002827,63,11,32.9,150.48,2,One year,Bank transfer,No,0
CUST_002828,44,39,92.44,3618.77,2,Month-to-month,Mailed check,Fiber optic,0
CUST_002829,59,12,90.73,1220.02,2,Month-to-month,Mailed check,Fiber optic,1
CUST_002830,39,0,47.56,0.0,4,Month-to-month,Electronic check,Fiber optic,1
CUST_002831,19,1,100.53,115.51,3,One year,Mailed check,Fiber optic,0
CUST_002832,31,46,109.98,5157.51,4,One year,Mailed check,No,0
CUST_002833,68,77,123.53,9621.24,4,Month-to-month,Credit card,No,1
CUST_002834,40,27,75.58,2168.71,2,One year,Mailed check,Fiber optic,0
CUST_002835,41,10,121.19,1025.09,0,Month-to-month,Bank transfer,Fiber optic,1
CUST_002836,40,66,80.42,5358.14,0,Month-to-month,Mailed check,Fiber optic,0
CUST_002837,73,26,90.77,2209.48,3,One year,Electronic check,Fiber optic,0
CUST_002838,69,44,72.91,3108.01,1,One year,Electronic check,DSL,0
CUST_002839,78,34,111.48,3872.45,3,Month-to-month,Bank transfer,No,0
CUST_002840,42,11,30.28,348.88,2,Two year,Mailed check,Fiber optic,0
CUST_002841,49,15,32.09,553.97,1,Month-to-month,Credit card,No,0
CUST_002842,22,4,103.09,319.43,3,Two year,Credit card,Fiber optic,0
CUST_002843,67,8,67.43,686.77,3,One year,Electronic check,DSL,1
CUST_002844,27,36,72.12,2665.08,4,Month-to-month,Electronic check,DSL,1
CUST_002845,48,53,107.25,5773.32,1,Month-to-month,Electronic check,DSL,1
CUST_002846,28,30,105.19,3047.68,3,Two year,Electronic check,DSL,0
CUST_002847,36,15,47.62,831.44,2,Month-to-month,Bank transfer,No,1
CUST_002848,32,2,39.54,47.47,2,One year,Electronic check,Fiber optic,0
CUST_002849,35,1,116.32,55.19,2,Month-to-month,Credit card,No,1
CUST_002850,36,11,84.47,991.68,4,Two year,Mailed check,DSL,1
CUST_002851,36,14,66.01,982.48,2,Month-to-month,Electronic check,DSL,0
CUST_002852,57,22,111.14,2360.49,2,One year,Mailed check,Fiber optic,0
CUST_002853,28,0,72.52,205.63,4,Month-to-month,Bank transfer,No,1
CUST_002854,48,109,98.67,10936.06,5,One year,Bank transfer,DSL,0
CUST_002855,63,10,45.67,517.24,1,Month-to-month,Electronic check,Fiber optic,1
CUST_002856,37,45,82.19,3741.41,1,Month-to-month,Credit card,DSL,1
CUST_002857,34,18,114.99,2102.79,1,Month-to-month,Mailed check,DSL,1
CUST_002858,41,3,27.64,0.0,5,Two year,Bank transfer,Fiber optic,0
CUST_002859,62,38,60.85,2323.68,2,Month-to-month,Electronic check,DSL,1
CUST_002860,47,29,123.82,3600.59,3,Two year,Bank transfer,DSL,0
CUST_002861,37,17,40.67,633.85,1,Month-to-month,Mailed check,DSL,1
CUST_002862,52,17,91.46,1523.93,3,Month-to-month,Bank transfer,Fiber optic,1
CUST_002863,28,2,42.35,0.0,3,Month-to-month,Mailed check,Fiber optic,1
CUST_002864,55,25,93.09,2217.44,8,One year,Mailed check,Fiber optic,1
CUST_002865,51,58,87.31,5156.19,4,One year,Credit card,Fiber optic,0
CUST_002866,40,2,31.17,235.46,3,One year,Mailed check,DSL,0
CUST_002867,32,7,81.75,477.89,3,Month-to-month,Electronic check,DSL,1
CUST_002868,31,55,115.8,6387.52,3,Month-to-month,Bank transfer,DSL,1
CUST_002869,53,8,92.03,846.06,3,Month-to-month,Mailed check,Fiber optic,0
CUST_002870,63,25,96.2,2353.06,3,One year,Mailed check,No,0
CUST_002871,35,18,79.02,1490.03,5,Month-to-month,Bank transfer,DSL,0
CUST_002872,51,21,82.45,1728.01,0,One year,Mailed check,DSL,0
CUST_002873,18,12,89.56,1193.81,2,Month-to-month,Bank transfer,DSL,0
CUST_002874,36,8,93.03,615.96,1,One year,Credit card,No,0
CUST_002875,44,1,85.99,0.0,2,Month-to-month,Electronic check,DSL,1
CUST_002876,31,32,94.69,3058.18,4,Two year,Electronic check,Fiber optic,0
CUST_002877,30,32,51.58,1660.31,2,One year,Credit card,DSL,0
CUST_002878,34,26,54.06,1399.97,2,Month-to-month,Bank transfer,Fiber optic,1
CUST_002879,49,24,58.02,1450.12,2,One year,Electronic check,DSL,0
CUST_002880,42,6,114.97,596.73,3,One year,Electronic check,No,1
CUST_002881,18,0,95.94,0.0,2,One year,Bank transfer,DSL,1
CUST_002882,18,39,94.79,3646.67,3,Month-to-month,Mailed check,Fiber optic,0
CUST_002883,35,16,53.21,812.46,3,Two year,Credit card,Fiber optic,0
CUST_002884,51,8,35.09,252.34,1,Month-to-month,Credit card,Fiber optic,0
CUST_002885,18,2,110.88,348.66,0,Month-to-month,Electronic check,No,1
CUST_002886,37,1,109.77,186.81,0,Month-to-month,Credit card,Fiber optic,1
CUST_002887,37,10,36.07,414.02,1,Month-to-month,Bank transfer,DSL,0
CUST_002888,65,39,119.22,4671.84,2,Month-to-month,Bank transfer,Fiber optic,0
CUST_002889,39,60,94.66,5636.45,1,One year,Bank transfer,Fiber optic,0
CUST_002890,50,54,79.4,4202.03,2,Month-to-month,Electronic check,DSL,1
CUST_002891,47,60,123.91,7314.91,1,One year,Mailed check,DSL,1
CUST_002892,18,57,109.93,6196.73,0,Month-to-month,Mailed check,No,0
CUST_002893,56,17,106.5,1806.26,2,Month-to-month,Credit card,Fiber optic,0
CUST_002894,48,5,29.93,34.17,1,Month-to-month,Mailed check,DSL,1
CUST_002895,52,38,70.86,2709.58,2,One year,Electronic check,Fiber optic,1
CUST_002896,80,5,54.43,252.71,1,One year,Bank transfer,Fiber optic,0
CUST_002897,18,7,56.48,355.6,1,One year,Electronic check,DSL,0
CUST_002898,70,6,73.25,555.64,1,Two year,Credit card,Fiber optic,0
CUST_002899,40,17,56.8,719.56,4,Month-to-month,Mailed check,No,0
CUST_002900,49,9,68.94,582.07,3,Month-to-month,Credit card,Fiber optic,1
CUST_002901,44,4,58.78,0.0,0,Month-to-month,Electronic check,DSL,1
CUST_002902,38,14,100.53,1431.27,1,One year,Mailed check,DSL,0
CUST_002903,36,49,104.85,5213.87,3,Month-to-month,Electronic check,DSL,1
CUST_002904,49,20,95.36,1772.15,2,One year,Bank transfer,DSL,0
CUST_002905,22,50,66.06,3180.61,2,Two year,Mailed check,DSL,0
CUST_002906,56,5,55.05,105.42,4,One year,Mailed check,No,0
CUST_002907,38,4,24.12,102.83,0,Two year,Mailed check,DSL,0
CUST_002908,28,20,40.84,782.67,3,One year,Electronic check,DSL,0
CUST_002909,38,14,53.51,721.21,1,Two year,Electronic check,DSL,0
CUST_002910,63,25,39.05,939.36,2,Two year,Credit card,Fiber optic,0
CUST_002911,36,37,98.76,3556.88,7,One year,Bank transfer,DSL,1
CUST_002912,50,33,136.31,4611.52,2,One year,Bank transfer,Fiber optic,0
CUST_002913,34,68,64.08,4384.78,3,Month-to-month,Electronic check,DSL,0
CUST_002914,56,12,108.12,1179.01,3,One year,Electronic check,DSL,1
CUST_002915,55,5,34.38,101.85,1,Month-to-month,Electronic check,DSL,1
CUST_002916,72,19,96.49,1746.13,4,Two year,Mailed check,Fiber optic,1
CUST_002917,42,2,85.32,311.22,2,Two year,Mailed check,DSL,0
CUST_002918,55,8,114.27,985.3,1,Two year,Electronic check,DSL,0
CUST_002919,46,5,33.89,156.82,4,Month-to-month,Electronic check,DSL,0
CUST_002920,64,12,57.54,861.26,4,Month-to-month,Mailed check,No,0
CUST_002921,34,2,30.08,205.36,1,Month-to-month,Bank transfer,Fiber optic,1
CUST_002922,56,0,60.74,0.0,2,Two year,Bank transfer,No,0
CUST_002923,42,25,123.66,3050.43,1,Two year,Bank transfer,No,0
CUST_002924,44,22,109.15,2365.11,0,Month-to-month,Electronic check,Fiber optic,1
CUST_002925,46,29,106.79,3001.64,1,One year,Mailed check,Fiber optic,1
CUST_002926,48,25,85.8,2318.47,1,Month-to-month,Electronic check,No,1
CUST_002927,43,2,109.35,118.06,2,One year,Mailed check,No,1
CUST_002928,48,8,68.94,638.38,3,Month-to-month,Mailed check,Fiber optic,1
CUST_002929,68,3,36.47,178.46,3,Month-to-month,Electronic check,No,1
CUST_002930,59,44,125.76,5502.89,0,Month-to-month,Mailed check,Fiber optic,0
CUST_002931,58,32,63.96,2227.85,1,Month-to-month,Mailed check,DSL,0
CUST_002932,38,5,27.86,0.0,1,Two year,Bank transfer,DSL,0
CUST_002933,31,10,37.6,368.07,3,One year,Electronic check,Fiber optic,1
CUST_002934,59,81,121.41,9784.97,2,One year,Electronic check,No,0
CUST_002935,58,21,91.21,2011.43,0,Two year,Bank transfer,No,0
CUST_002936,67,38,65.02,2506.05,0,Month-to-month,Electronic check,DSL,1
CUST_002937,35,7,96.22,500.8,2,Month-to-month,Electronic check,Fiber optic,0
CUST_002938,41,5,99.86,623.27,2,Month-to-month,Mailed check,Fiber optic,1
CUST_002939,20,36,130.05,4730.36,1,Month-to-month,Bank transfer,DSL,1
CUST_002940,39,27,91.99,2380.28,2,One year,Mailed check,Fiber optic,0
CUST_002941,59,27,111.44,2973.98,1,Two year,Mailed check,Fiber optic,0
CUST_002942,38,19,104.81,1861.4,0,Two year,Electronic check,No,0
CUST_002943,54,19,55.28,1033.25,1,Month-to-month,Bank transfer,DSL,1
CUST_002944,42,31,66.52,2077.21,1,Month-to-month,Electronic check,DSL,1
CUST_002945,49,7,71.35,465.97,1,One year,Bank transfer,Fiber optic,0
CUST_002946,27,10,26.9,223.99,3,Month-to-month,Mailed check,DSL,1
CUST_002947,46,49,74.24,3476.48,5,Month-to-month,Mailed check,DSL,1
CUST_002948,18,8,71.39,604.83,0,One year,Mailed check,No,0
CUST_002949,42,18,39.81,524.08,0,One year,Electronic check,DSL,0
CUST_002950,20,29,47.13,1369.81,2,One year,Electronic check,No,0
CUST_002951,63,120,126.32,14978.93,2,Two year,Mailed check,DSL,0
CUST_002952,56,13,99.6,1299.81,3,One year,Bank transfer,Fiber optic,0
CUST_002953,52,13,109.87,1427.76,1,Month-to-month,Credit card,DSL,0
CUST_002954,67,44,96.63,4292.12,4,Two year,Mailed check,Fiber optic,0
CUST_002955,30,39,86.97,3478.25,2,One year,Electronic check,DSL,0
CUST_002956,71,31,73.93,2396.53,0,One year,Credit card,Fiber optic,0
CUST_002957,58,14,46.29,487.12,4,Month-to-month,Mailed check,DSL,0
CUST_002958,41,9,39.16,346.59,3,Month-to-month,Electronic check,Fiber optic,1
CUST_002959,62,22,110.19,2625.27,3,Month-to-month,Credit card,Fiber optic,0
CUST_002960,28,50,91.5,4586.94,0,Two year,Electronic check,DSL,0
CUST_002961,32,51,124.53,6268.0,4,Two year,Bank transfer,DSL,0
CUST_002962,35,2,91.41,174.85,5,Month-to-month,Electronic check,DSL,1
CUST_002963,37,13,45.89,558.2,2,Month-to-month,Bank transfer,Fiber optic,1
CUST_002964,29,14,78.03,974.78,1,Month-to-month,Credit card,Fiber optic,0
CUST_002965,63,91,109.9,10087.96,3,One year,Credit card,Fiber optic,0
CUST_002966,41,27,75.89,2107.39,3,Month-to-month,Electronic check,DSL,0
CUST_002967,50,12,80.26,829.63,4,Month-to-month,Bank transfer,No,0
CUST_002968,36,0,118.21,0.0,2,One year,Bank transfer,Fiber optic,0
CUST_002969,18,19,110.79,2048.36,2,Month-to-month,Bank transfer,DSL,0
CUST_002970,49,2,111.37,62.58,2,Month-to-month,Electronic check,DSL,0
CUST_002971,18,43,44.46,1770.47,0,One year,Mailed check,DSL,1
CUST_002972,43,33,50.53,1541.01,3,One year,Electronic check,No,1
CUST_002973,24,14,35.48,490.83,5,Two year,Bank transfer,Fiber optic,1
CUST_002974,74,13,52.82,640.91,2,Month-to-month,Bank transfer,DSL,1
CUST_002975,58,54,91.19,4828.3,4,Two year,Electronic check,Fiber optic,0
CUST_002976,46,8,88.21,666.45,1,One year,Mailed check,Fiber optic,0
CUST_002977,63,6,73.08,513.25,1,Month-to-month,Electronic check,Fiber optic,1
CUST_002978,32,67,143.82,9671.5,2,Month-to-month,Electronic check,No,0
CUST_002979,53,39,133.49,5306.13,4,One year,Bank transfer,Fiber optic,1
CUST_002980,47,41,56.85,2308.1,1,One year,Bank transfer,DSL,0
CUST_002981,48,5,107.79,699.21,4,Two year,Credit card,DSL,0
CUST_002982,64,3,69.67,243.82,3,Month-to-month,Bank transfer,No,0
CUST_002983,55,0,65.33,0.0,0,One year,Bank transfer,DSL,1
CUST_002984,49,6,101.49,618.26,2,One year,Mailed check,Fiber optic,1
CUST_002985,20,35,46.81,1513.68,1,Two year,Credit card,DSL,0
CUST_002986,30,6,111.25,636.88,4,One year,Bank transfer,No,1
CUST_002987,43,31,102.59,3223.17,1,Month-to-month,Electronic check,DSL,1
CUST_002988,46,6,110.53,724.32,2,Two year,Mailed check,DSL,0
CUST_002989,28,12,125.45,1464.36,2,Two year,Electronic check,Fiber optic,0
CUST_002990,80,98,120.8,12111.83,3,Month-to-month,Electronic check,Fiber optic,0
CUST_002991,67,6,32.33,176.74,5,Month-to-month,Credit card,DSL,0
CUST_002992,54,11,42.15,295.84,3,Two year,Electronic check,Fiber optic,0
CUST_002993,46,8,56.36,572.22,1,Month-to-month,Electronic check,No,0
CUST_002994,41,2,31.36,123.42,3,Month-to-month,Electronic check,DSL,1
CUST_002995,30,16,109.53,1775.72,1,One year,Bank transfer,DSL,1
CUST_002996,46,11,55.19,560.56,1,Month-to-month,Electronic check,Fiber optic,1
CUST_002997,48,28,131.59,3723.82,3,Two year,Electronic check,DSL,1
CUST_002998,26,40,110.26,4572.27,1,Month-to-month,Credit card,DSL,0
CUST_002999,50,18,46.34,854.34,3,Month-to-month,Credit card,Fiber optic,0
CUST_003000,42,0,67.6,0.0,0,Month-to-month,Mailed check,Fiber optic,0
CUST_003001,18,23,78.19,1453.0,1,Month-to-month,Electronic check,DSL,1
CUST_003002,32,1,69.75,108.21,3,Month-to-month,Bank transfer,DSL,1
CUST_003003,38,22,84.57,1761.93,0,Two year,Credit card,Fiber optic,0
CUST_003004,73,27,36.62,978.7,5,Month-to-month,Credit card,No,0
CUST_003005,53,5,91.13,374.74,1,One year,Electronic check,Fiber optic,0
CUST_003006,24,41,89.22,3569.9,4,One year,Bank transfer,DSL,0
CUST_003007,52,58,128.1,7353.07,0,One year,Mailed check,No,0
CUST_003008,21,40,121.53,4793.91,1,One year,Electronic check,Fiber optic,1
CUST_003009,61,8,47.05,454.05,1,One year,Bank transfer,DSL,0
CUST_003010,37,21,35.34,799.55,0,Month-to-month,Bank transfer,Fiber optic,0
CUST_003011,43,59,119.82,6948.78,5,Month-to-month,Credit card,No,0
CUST_003012,64,9,122.28,993.31,3,One year,Electronic check,Fiber optic,1
CUST_003013,25,41,85.17,3529.71,3,Two year,Electronic check,Fiber optic,0
CUST_003014,24,0,45.96,105.25,3,Month-to-month,Bank transfer,DSL,0
CUST_003015,36,0,35.67,103.71,1,Month-to-month,Mailed check,DSL,0
CUST_003016,60,34,65.74,2135.02,1,One year,Mailed check,Fiber optic,0
CUST_003017,22,34,69.79,2471.86,4,Month-to-month,Bank transfer,Fiber optic,1
CUST_003018,18,37,80.89,2815.21,2,Two year,Mailed check,Fiber optic,0
CUST_003019,38,63,117.04,7353.28,1,Month-to-month,Electronic check,DSL,1
CUST_003020,53,3,48.82,195.15,2,Month-to-month,Bank transfer,Fiber optic,0
CUST_003021,63,6,28.1,0.0,1,Month-to-month,Electronic check,DSL,0
CUST_003022,38,56,85.33,4987.65,2,One year,Credit card,DSL,0
CUST_003023,38,4,107.56,562.92,2,One year,Bank transfer,Fiber optic,0
CUST_003024,62,27,83.34,2314.75,1,Two year,Bank transfer,Fiber optic,0
CUST_003025,18,18,125.48,2162.11,2,One year,Credit card,No,0
CUST_003026,39,2,71.36,135.91,1,Month-to-month,Electronic check,DSL,1
CUST_003027,47,8,51.59,491.76,2,Month-to-month,Electronic check,Fiber optic,0
CUST_003028,51,17,47.83,700.87,5,One year,Bank transfer,DSL,1
CUST_003029,37,45,111.95,5019.81,1,Month-to-month,Credit card,DSL,1
CUST_003030,45,29,88.14,2647.04,1,Month-to-month,Electronic check,Fiber optic,1
CUST_003031,18,23,91.9,1964.24,3,Month-to-month,Credit card,Fiber optic,0
CUST_003032,35,16,103.51,1689.45,4,Month-to-month,Mailed check,DSL,1
CUST_003033,51,8,96.59,597.25,2,Month-to-month,Mailed check,Fiber optic,1
CUST_003034,30,3,25.84,0.0,1,One year,Credit card,No,0
CUST_003035,45,12,106.26,1224.63,3,One year,Electronic check,Fiber optic,1
CUST_003036,51,0,73.27,51.36,0,Two year,Mailed check,No,0
CUST_003037,39,5,61.67,238.28,3,One year,Electronic check,No,1
CUST_003038,47,13,80.25,1055.83,4,One year,Electronic check,Fiber optic,0
CUST_003039,30,13,87.75,1071.96,1,Month-to-month,Mailed check,DSL,1
CUST_003040,41,1,35.45,0.0,3,One year,Electronic check,DSL,1
CUST_003041,54,21,72.24,1642.14,4,One year,Mailed check,Fiber optic,0
CUST_003042,47,19,63.06,1083.09,3,Month-to-month,Mailed check,DSL,1
CUST_003043,36,1,55.54,131.46,2,Month-to-month,Mailed check,Fiber optic,1
CUST_003044,48,68,63.13,4292.97,2,Month-to-month,Electronic check,No,1
CUST_003045,55,2,36.98,16.41,0,Month-to-month,Electronic check,No,1
CUST_003046,18,46,59.18,2600.68,2,One year,Electronic check,Fiber optic,0
CUST_003047,62,0,57.32,0.0,2,One year,Electronic check,Fiber optic,0
CUST_003048,39,51,134.95,6808.54,2,One year,Electronic check,No,1
CUST_003049,51,0,40.6,0.0,3,One year,Electronic check,DSL,1
CUST_003050,62,34,78.62,2733.41,2,One year,Electronic check,Fiber optic,1
CUST_003051,24,10,56.16,531.59,5,Month-to-month,Mailed check,Fiber optic,1
CUST_003052,34,32,114.74,3648.3,5,One year,Electronic check,Fiber optic,1
CUST_003053,40,12,31.01,363.75,1,One year,Electronic check,No,0
CUST_003054,33,1,40.15,87.83,3,Month-to-month,Mailed check,DSL,0
CUST_003055,71,35,58.56,2114.23,1,One year,Electronic check,Fiber optic,0
CUST_003056,32,1,119.8,0.0,2,One year,Electronic check,DSL,1
CUST_003057,36,61,107.58,6534.02,3,One year,Bank transfer,Fiber optic,0
CUST_003058,48,1,34.4,157.14,1,Month-to-month,Electronic check,DSL,1
CUST_003059,26,15,54.72,689.19,2,Two year,Electronic check,Fiber optic,1
CUST_003060,39,30,51.78,1560.9,0,Month-to-month,Electronic check,DSL,1
CUST_003061,49,11,37.96,400.48,2,One year,Credit card,Fiber optic,0
CUST_003062,40,5,102.22,454.42,2,Month-to-month,Electronic check,Fiber optic,1
CUST_003063,43,34,86.58,3102.64,1,One year,Credit card,Fiber optic,0
CUST_003064,37,36,101.12,3644.04,1,Month-to-month,Electronic check,DSL,1
CUST_003065,22,61,83.63,5252.25,3,Month-to-month,Credit card,No,1
CUST_003066,49,11,80.87,890.13,1,One year,Mailed check,No,1
CUST_003067,71,16,53.76,906.14,3,Two year,Bank transfer,Fiber optic,0
CUST_003068,45,10,55.8,500.31,2,Two year,Electronic check,DSL,0
CUST_003069,48,7,88.72,564.46,2,Two year,Credit card,Fiber optic,0
CUST_003070,55,33,51.54,1741.59,1,One year,Mailed check,Fiber optic,1
CUST_003071,25,9,86.22,818.77,2,One year,Bank transfer,Fiber optic,0
CUST_003072,70,13,111.72,1512.2,0,Month-to-month,Mailed check,No,0
CUST_003073,48,12,38.04,494.18,1,Month-to-month,Electronic check,No,0
CUST_003074,69,29,124.25,3469.5,0,Month-to-month,Bank transfer,Fiber optic,0
CUST_003075,34,59,57.44,3308.59,0,Month-to-month,Electronic check,Fiber optic,1
CUST_003076,72,26,67.89,1850.16,1,Month-to-month,Electronic check,DSL,1
CUST_003077,56,15,88.55,1132.42,2,One year,Bank transfer,DSL,1
CUST_003078,53,36,93.94,3411.15,0,One year,Electronic check,DSL,0
CUST_003079,48,24,41.64,988.15,3,Month-to-month,Credit card,DSL,0
CUST_003080,41,1,100.39,185.35,2,Month-to-month,Electronic check,Fiber optic,1
CUST_003081,63,2,118.32,278.29,3,Month-to-month,Bank transfer,Fiber optic,0
CUST_003082,47,0,38.12,0.0,0,Two year,Bank transfer,Fiber optic,0
CUST_003083,18,14,116.51,1560.25,2,Two year,Bank transfer,DSL,0
CUST_003084,28,41,96.18,3891.14,1,Month-to-month,Mailed check,DSL,0
CUST_003085,42,9,118.09,1120.85,3,One year,Mailed check,Fiber optic,1
CUST_003086,49,11,43.11,243.97,1,Month-to-month,Credit card,DSL,0
CUST_003087,44,57,127.7,7294.76,2,Month-to-month,Bank transfer,DSL,1
CUST_003088,63,43,47.48,1953.26,3,One year,Mailed check,No,0
CUST_003089,18,26,121.32,3173.39,4,One year,Electronic check,Fiber optic,0
CUST_003090,47,7,90.92,670.86,1,Month-to-month,Credit card,No,0
CUST_003091,18,2,58.03,0.0,0,Month-to-month,Bank transfer,DSL,0
CUST_003092,56,0,39.05,0.0,2,Month-to-month,Electronic check,No,1
CUST_003093,43,2,102.65,220.86,2,One year,Electronic check,Fiber optic,1
CUST_003094,51,8,84.32,683.39,1,Two year,Mailed check,Fiber optic,0
CUST_003095,32,19,65.54,1233.07,0,One year,Mailed check,No,0
CUST_003096,64,1,64.88,0.0,5,One year,Mailed check,Fiber optic,1
CUST_003097,60,3,104.15,205.6,3,Month-to-month,Mailed check,DSL,0
CUST_003098,53,4,55.89,85.77,0,One year,Electronic check,No,1
CUST_003099,43,23,40.46,986.06,5,One year,Electronic check,No,1
CUST_003100,53,22,122.13,2675.26,3,Two year,Mailed check,Fiber optic,0
CUST_003101,34,19,68.23,1291.28,1,Month-to-month,Electronic check,DSL,0
CUST_003102,57,6,57.84,176.48,1,One year,Mailed check,No,1
CUST_003103,69,11,45.94,501.98,2,Month-to-month,Electronic check,Fiber optic,1
CUST_003104,61,2,110.74,284.85,4,Month-to-month,Electronic check,DSL,1
CUST_003105,34,6,44.75,84.32,1,Two year,Electronic check,No,0
CUST_003106,50,54,110.67,5922.49,0,One year,Electronic check,DSL,0
CUST_003107,25,93,154.58,14218.58,0,One year,Electronic check,DSL,0
CUST_003108,53,25,35.99,857.76,3,Month-to-month,Mailed check,Fiber optic,1
CUST_003109,51,59,132.38,7720.27,1,One year,Electronic check,DSL,0
CUST_003110,18,24,73.06,1791.53,4,Month-to-month,Credit card,Fiber optic,0
CUST_003111,27,0,85.8,16.92,1,Month-to-month,Mailed check,DSL,1
CUST_003112,40,120,117.24,14198.01,3,Month-to-month,Mailed check,Fiber optic,0
CUST_003113,40,2,90.55,175.7,2,Two year,Electronic check,DSL,0
CUST_003114,26,27,58.93,1624.95,1,Month-to-month,Credit card,No,1
CUST_003115,50,6,25.19,95.39,0,Two year,Bank transfer,Fiber optic,0
CUST_003116,48,11,120.28,1212.76,1,Two year,Electronic check,DSL,1
CUST_003117,42,24,33.64,890.76,0,Month-to-month,Bank transfer,Fiber optic,0
CUST_003118,33,13,108.91,1540.15,3,Two year,Electronic check,DSL,0
CUST_003119,60,6,39.91,310.05,1,Two year,Mailed check,Fiber optic,0
CUST_003120,69,9,63.72,586.62,1,One year,Credit card,DSL,0
CUST_003121,37,10,107.25,975.08,1,Month-to-month,Credit card,Fiber optic,1
CUST_003122,35,76,78.59,6087.25,0,Month-to-month,Electronic check,No,1
CUST_003123,52,38,125.57,4829.64,2,Month-to-month,Credit card,Fiber optic,1
CUST_003124,39,14,76.78,1277.35,2,Month-to-month,Electronic check,Fiber optic,1
CUST_003125,42,5,59.12,180.13,2,One year,Credit card,No,0
CUST_003126,56,39,105.74,4210.26,0,One year,Bank transfer,Fiber optic,0
CUST_003127,18,4,56.14,279.47,4,One year,Credit card,No,1
CUST_003128,64,5,57.23,251.94,4,Month-to-month,Mailed check,Fiber optic,1
CUST_003129,46,10,98.35,1119.91,2,Month-to-month,Credit card,Fiber optic,0
CUST_003130,38,50,75.98,3839.4,2,Two year,Bank transfer,DSL,0
CUST_003131,43,3,41.58,31.04,3,One year,Electronic check,Fiber optic,0
CUST_003132,44,3,102.26,294.96,2,Two year,Electronic check,DSL,1
CUST_003133,19,16,108.54,1641.71,1,Month-to-month,Mailed check,DSL,0
CUST_003134,67,7,73.26,465.96,0,Two year,Mailed check,DSL,0
CUST_003135,45,20,82.67,1723.69,4,One year,Electronic check,Fiber optic,0
CUST_003136,51,14,96.61,1451.43,1,Month-to-month,Mailed check,Fiber optic,1
CUST_003137,59,13,77.43,1028.68,2,One year,Electronic check,Fiber optic,0
CUST_003138,29,2,62.7,50.4,2,Two year,Mailed check,Fiber optic,0
CUST_003139,52,3,120.99,401.13,2,Month-to-month,Bank transfer,No,1
CUST_003140,40,41,55.26,2338.17,2,One year,Mailed check,DSL,0
CUST_003141,57,52,105.27,5276.97,2,Two year,Electronic check,DSL,1
CUST_003142,18,6,111.59,681.17,3,Two year,Electronic check,DSL,1
CUST_003143,43,2,89.72,160.42,2,One year,Electronic check,DSL,0
CUST_003144,35,1,108.59,203.96,1,Month-to-month,Electronic check,Fiber optic,0
CUST_003145,51,22,64.63,1460.51,4,Month-to-month,Electronic check,DSL,1
CUST_003146,52,30,62.2,1914.41,4,One year,Bank transfer,Fiber optic,0
CUST_003147,34,11,110.63,1168.71,1,Month-to-month,Electronic check,Fiber optic,1
CUST_003148,34,27,72.91,1968.77,1,Two year,Electronic check,Fiber optic,0
CUST_003149,43,29,105.47,3152.95,3,One year,Bank transfer,Fiber optic,0
CUST_003150,31,65,67.27,4366.38,5,Month-to-month,Electronic check,Fiber optic,1
CUST_003151,57,1,96.08,113.55,3,Month-to-month,Electronic check,Fiber optic,1
CUST_003152,39,5,77.4,233.4,2,Month-to-month,Mailed check,Fiber optic,1
CUST_003153,18,1,47.36,40.51,2,One year,Mailed check,Fiber optic,0
CUST_003154,39,48,93.45,4284.42,4,Month-to-month,Electronic check,Fiber optic,0
CUST_003155,29,37,108.19,3951.58,1,Month-to-month,Mailed check,No,0
CUST_003156,20,20,31.19,630.12,1,One year,Bank transfer,No,0
CUST_003157,26,2,84.75,246.2,2,Month-to-month,Mailed check,Fiber optic,1
CUST_003158,46,7,77.66,443.7,4,One year,Credit card,Fiber optic,0
CUST_003159,64,8,46.03,405.6,0,Month-to-month,Credit card,DSL,1
CUST_003160,49,19,104.8,2138.01,2,Two year,Mailed check,Fiber optic,0
CUST_003161,35,7,53.85,312.85,2,Month-to-month,Credit card,Fiber optic,1
CUST_003162,51,1,48.19,0.0,3,Month-to-month,Bank transfer,No,0
CUST_003163,38,31,82.62,2590.26,3,One year,Mailed check,DSL,0
CUST_003164,34,8,91.61,613.72,2,Month-to-month,Credit card,DSL,0
CUST_003165,27,14,119.88,1596.48,0,Month-to-month,Credit card,Fiber optic,0
CUST_003166,18,3,35.64,199.24,3,One year,Credit card,Fiber optic,0
CUST_003167,39,38,78.65,3176.27,4,Month-to-month,Bank transfer,Fiber optic,0
CUST_003168,47,20,36.7,633.91,4,Month-to-month,Mailed check,DSL,0
CUST_003169,43,55,123.36,6710.79,4,Month-to-month,Electronic check,Fiber optic,1
CUST_003170,38,16,72.77,1120.39,0,Month-to-month,Mailed check,Fiber optic,1
CUST_003171,30,68,124.69,8424.34,2,One year,Bank transfer,DSL,0
CUST_003172,54,53,78.72,4365.46,1,Month-to-month,Electronic check,No,1
CUST_003173,25,20,114.43,2235.58,3,Month-to-month,Electronic check,Fiber optic,1
CUST_003174,56,65,105.98,6850.11,5,Month-to-month,Mailed check,No,0
CUST_003175,29,9,118.86,1231.36,0,Month-to-month,Bank transfer,Fiber optic,0
CUST_003176,33,10,32.88,386.48,1,Month-to-month,Bank transfer,Fiber optic,1
CUST_003177,22,1,71.93,170.52,2,Month-to-month,Mailed check,No,0
CUST_003178,37,21,107.15,2159.44,3,Month-to-month,Credit card,DSL,1
CUST_003179,59,30,95.02,2797.44,1,Month-to-month,Mailed check,No,0
CUST_003180,52,35,39.82,1289.71,3,One year,Bank transfer,DSL,0
CUST_003181,59,3,118.73,436.33,2,Two year,Bank transfer,DSL,0
CUST_003182,52,14,56.83,918.09,3,Two year,Credit card,Fiber optic,0
CUST_003183,28,4,46.93,127.73,2,Month-to-month,Bank transfer,DSL,1
CUST_003184,40,26,81.57,2084.29,2,Month-to-month,Credit card,No,0
CUST_003185,33,4,76.22,272.81,5,Month-to-month,Mailed check,No,1
CUST_003186,64,56,124.63,6824.49,1,Month-to-month,Electronic check,DSL,0
CUST_003187,27,6,62.33,306.58,2,One year,Bank transfer,No,0
CUST_003188,58,8,68.0,621.29,1,Two year,Credit card,DSL,0
CUST_003189,58,45,96.0,4232.28,3,Two year,Electronic check,Fiber optic,0
CUST_003190,72,14,66.44,939.44,1,One year,Electronic check,DSL,0
CUST_003191,38,0,111.45,0.0,3,Month-to-month,Bank transfer,DSL,1
CUST_003192,55,16,113.13,1795.6,4,Month-to-month,Bank transfer,DSL,1
CUST_003193,79,2,66.5,76.66,5,Month-to-month,Bank transfer,DSL,0
CUST_003194,35,101,70.52,7000.3,3,One year,Mailed check,DSL,0
CUST_003195,21,21,120.59,2611.5,2,One year,Mailed check,Fiber optic,1
CUST_003196,18,7,35.93,336.2,1,One year,Bank transfer,Fiber optic,0
CUST_003197,55,19,53.95,928.12,1,Two year,Mailed check,DSL,0
CUST_003198,18,1,35.74,14.12,2,One year,Mailed check,Fiber optic,1
CUST_003199,39,38,56.98,2169.73,2,Month-to-month,Bank transfer,DSL,1
CUST_003200,51,62,131.29,7958.36,3,Month-to-month,Electronic check,DSL,0
CUST_003201,47,49,102.45,4880.35,1,Month-to-month,Mailed check,DSL,1
CUST_003202,51,10,120.61,1334.72,1,Month-to-month,Electronic check,Fiber optic,1
CUST_003203,48,9,47.65,322.3,2,Month-to-month,Electronic check,DSL,1
CUST_003204,64,0,68.56,125.82,0,One year,Bank transfer,Fiber optic,0
CUST_003205,30,25,130.24,3121.53,1,One year,Mailed check,DSL,0
CUST_003206,34,18,111.64,2075.48,2,One year,Credit card,DSL,0
CUST_003207,33,14,99.86,1366.93,2,One year,Mailed check,DSL,0
CUST_003208,57,57,67.4,3824.58,4,Month-to-month,Electronic check,No,1
CUST_003209,58,4,98.94,581.36,1,One year,Mailed check,Fiber optic,1
CUST_003210,51,0,54.76,0.0,4,One year,Electronic check,No,1
CUST_003211,62,1,73.55,133.03,1,Month-to-month,Credit card,DSL,1
CUST_003212,27,6,83.92,558.85,2,Month-to-month,Mailed check,DSL,0
CUST_003213,70,0,80.94,335.46,3,One year,Mailed check,Fiber optic,0
CUST_003214,67,16,100.65,1502.72,4,Two year,Mailed check,DSL,0
CUST_003215,56,9,90.67,753.43,0,Month-to-month,Mailed check,DSL,1
CUST_003216,71,4,28.84,196.94,4,Two year,Electronic check,No,0
CUST_003217,20,33,82.23,2693.72,3,Month-to-month,Mailed check,DSL,0
CUST_003218,37,5,88.9,398.21,5,One year,Bank transfer,Fiber optic,0
CUST_003219,33,27,63.1,1799.43,2,Two year,Mailed check,No,0
CUST_003220,55,10,56.31,536.4,3,Month-to-month,Mailed check,DSL,0
CUST_003221,29,17,40.96,607.08,2,Month-to-month,Bank transfer,Fiber optic,0
CUST_003222,56,65,94.36,6206.12,2,Month-to-month,Mailed check,No,1
CUST_003223,65,0,118.68,37.53,1,Month-to-month,Mailed check,Fiber optic,1
CUST_003224,55,16,56.53,873.23,2,Two year,Electronic check,DSL,1
CUST_003225,49,46,96.14,4386.58,0,Month-to-month,Mailed check,Fiber optic,0
CUST_003226,30,21,104.82,2109.81,1,Two year,Electronic check,DSL,1
CUST_003227,32,7,24.85,246.46,2,One year,Mailed check,Fiber optic,1
CUST_003228,63,12,116.04,1356.52,0,Month-to-month,Bank transfer,DSL,0
CUST_003229,56,27,72.16,1871.2,3,Month-to-month,Electronic check,DSL,1
CUST_003230,44,53,133.41,6942.26,0,One year,Bank transfer,DSL,1
CUST_003231,38,1,24.39,63.61,2,One year,Mailed check,DSL,0
CUST_003232,18,1,35.07,0.0,4,Month-to-month,Electronic check,DSL,0
CUST_003233,28,9,56.75,309.51,2,Two year,Credit card,Fiber optic,0
CUST_003234,73,6,57.55,224.95,0,Month-to-month,Electronic check,No,1
CUST_003235,25,7,108.28,734.6,0,One year,Electronic check,DSL,1
CUST_003236,47,6,24.12,124.17,2,One year,Mailed check,DSL,0
CUST_003237,60,5,86.61,408.7,2,Two year,Credit card,Fiber optic,0
CUST_003238,26,3,34.63,65.62,1,Month-to-month,Mailed check,DSL,1
CUST_003239,47,65,134.82,8615.82,0,Month-to-month,Credit card,Fiber optic,0
CUST_003240,59,3,99.36,210.62,5,Month-to-month,Mailed check,Fiber optic,0
CUST_003241,45,5,72.49,480.84,3,Month-to-month,Electronic check,DSL,1
CUST_003242,80,6,44.27,369.24,0,One year,Mailed check,No,0
CUST_003243,19,64,115.45,7446.57,2,Month-to-month,Electronic check,DSL,1
CUST_003244,60,33,52.13,1769.1,2,One year,Electronic check,No,1
CUST_003245,42,37,57.5,2218.06,0,One year,Electronic check,DSL,1
CUST_003246,56,2,83.67,55.26,2,Month-to-month,Electronic check,DSL,1
CUST_003247,51,43,140.62,6050.08,4,One year,Electronic check,DSL,1
CUST_003248,34,12,115.11,1269.25,6,One year,Mailed check,Fiber optic,0
CUST_003249,48,7,82.81,469.38,2,Month-to-month,Electronic check,DSL,1
CUST_003250,18,20,83.85,1713.88,1,Month-to-month,Electronic check,No,0
CUST_003251,54,41,140.34,5848.55,3,Month-to-month,Electronic check,DSL,1
CUST_003252,49,36,92.74,3319.24,3,Two year,Credit card,Fiber optic,0
CUST_003253,54,52,88.01,4741.51,2,Month-to-month,Mailed check,DSL,1
CUST_003254,60,63,142.46,8995.88,0,Two year,Mailed check,No,0
CUST_003255,50,6,46.42,200.83,3,One year,Mailed check,Fiber optic,1
CUST_003256,47,13,36.25,362.61,1,Month-to-month,Mailed check,No,0
CUST_003257,31,0,83.41,101.81,0,One year,Electronic check,Fiber optic,1
CUST_003258,34,50,54.58,2742.09,1,One year,Mailed check,DSL,0
CUST_003259,62,4,59.31,304.86,2,Month-to-month,Bank transfer,Fiber optic,0
CUST_003260,66,47,85.86,3769.52,3,Month-to-month,Mailed check,DSL,1
CUST_003261,41,9,79.25,737.75,4,Month-to-month,Credit card,DSL,1
CUST_003262,45,11,124.67,1320.15,2,Month-to-month,Electronic check,No,1
CUST_003263,31,0,42.1,0.0,1,One year,Bank transfer,Fiber optic,1
CUST_003264,62,9,62.08,552.41,5,One year,Bank transfer,No,1
CUST_003265,54,52,59.22,3188.83,1,One year,Bank transfer,Fiber optic,1
CUST_003266,74,0,80.76,226.62,3,Month-to-month,Mailed check,DSL,0
CUST_003267,31,12,98.77,1209.42,2,Month-to-month,Electronic check,No,1
CUST_003268,39,0,68.21,0.0,2,One year,Bank transfer,Fiber optic,0
CUST_003269,48,11,50.08,473.96,4,One year,Mailed check,DSL,0
CUST_003270,54,4,84.09,432.67,1,One year,Electronic check,DSL,0
CUST_003271,41,6,76.92,361.81,1,Month-to-month,Electronic check,DSL,1
CUST_003272,31,50,62.12,3168.17,2,Month-to-month,Mailed check,DSL,1
CUST_003273,58,13,67.07,901.25,1,Month-to-month,Credit card,DSL,0
CUST_003274,55,7,67.02,487.45,1,Month-to-month,Mailed check,DSL,0
CUST_003275,31,21,128.76,2547.19,4,Two year,Electronic check,DSL,0
CUST_003276,65,3,106.43,283.59,0,Month-to-month,Credit card,No,0
CUST_003277,62,7,96.94,532.74,4,Two year,Electronic check,Fiber optic,1
CUST_003278,47,18,117.88,2062.97,1,One year,Electronic check,Fiber optic,0
CUST_003279,46,6,96.55,671.0,1,Month-to-month,Mailed check,DSL,1
CUST_003280,53,27,123.84,3466.79,1,Month-to-month,Electronic check,DSL,1
CUST_003281,32,16,33.46,556.68,1,One year,Mailed check,DSL,0
CUST_003282,45,35,83.11,2851.7,2,Month-to-month,Electronic check,DSL,1
CUST_003283,18,71,130.19,9402.29,3,Month-to-month,Bank transfer,No,0
CUST_003284,58,2,79.33,100.3,3,Month-to-month,Electronic check,DSL,1
CUST_003285,21,9,42.02,264.58,1,One year,Bank transfer,Fiber optic,0
CUST_003286,67,9,58.55,596.59,4,One year,Bank transfer,Fiber optic,0
CUST_003287,40,3,53.28,205.61,4,Month-to-month,Credit card,Fiber optic,1
CUST_003288,41,39,65.63,2505.5,2,Two year,Electronic check,No,0
CUST_003289,35,34,71.31,2434.68,3,One year,Mailed check,DSL,0
CUST_003290,40,15,78.99,1229.0,2,Two year,Bank transfer,Fiber optic,0
CUST_003291,66,18,114.49,2081.13,5,Month-to-month,Credit card,Fiber optic,0
CUST_003292,18,1,94.7,140.6,1,Month-to-month,Mailed check,DSL,1
CUST_003293,64,19,113.02,2096.9,1,One year,Credit card,No,0
CUST_003294,50,37,126.86,4746.46,3,Two year,Electronic check,DSL,0
CUST_003295,26,20,71.62,1434.06,2,One year,Mailed check,DSL,1
CUST_003296,28,7,58.1,359.54,1,One year,Electronic check,No,0
CUST_003297,70,26,38.76,983.23,0,Two year,Electronic check,No,0
CUST_003298,30,10,118.05,1170.7,2,Month-to-month,Electronic check,Fiber optic,1
CUST_003299,27,18,35.58,495.94,2,Two year,Bank transfer,DSL,0
CUST_003300,62,16,102.11,1570.15,5,One year,Mailed check,No,1
CUST_003301,50,11,63.31,702.91,4,Month-to-month,Electronic check,DSL,1
CUST_003302,30,30,129.88,3761.24,3,Month-to-month,Electronic check,DSL,1
CUST_003303,48,51,87.46,4398.48,3,One year,Credit card,DSL,0
CUST_003304,29,0,101.66,238.46,5,Two year,Electronic check,DSL,1
CUST_003305,61,65,80.77,5136.83,1,Month-to-month,Electronic check,Fiber optic,1
CUST_003306,60,17,58.41,954.57,3,One year,Electronic check,DSL,1
CUST_003307,52,28,93.55,2536.08,1,One year,Electronic check,Fiber optic,1
CUST_003308,50,46,142.8,6557.03,4,Month-to-month,Electronic check,DSL,0
CUST_003309,71,15,79.26,1107.37,5,Two year,Electronic check,DSL,0
CUST_003310,44,43,135.13,5786.3,2,One year,Electronic check,DSL,0
CUST_003311,27,4,100.62,330.65,2,Two year,Mailed check,DSL,1
CUST_003312,51,4,101.59,511.86,3,Month-to-month,Bank transfer,DSL,1
CUST_003313,76,25,76.1,1910.56,2,Two year,Electronic check,Fiber optic,0
CUST_003314,29,48,82.65,3867.11,3,Month-to-month,Electronic check,Fiber optic,1
CUST_003315,39,53,65.69,3565.77,1,Month-to-month,Bank transfer,DSL,0
CUST_003316,51,24,128.39,2985.63,1,Month-to-month,Electronic check,No,1
CUST_003317,44,17,124.44,1959.06,1,Month-to-month,Bank transfer,DSL,1
CUST_003318,30,9,99.21,892.56,3,Month-to-month,Mailed check,DSL,0
CUST_003319,61,93,96.13,9130.37,0,Month-to-month,Credit card,Fiber optic,0
CUST_003320,79,9,49.02,258.4,4,Month-to-month,Electronic check,DSL,1
CUST_003321,47,32,134.86,4182.45,2,Two year,Bank transfer,DSL,0
CUST_003322,31,18,35.65,717.03,2,Two year,Mailed check,DSL,0
CUST_003323,21,22,115.36,2473.61,3,One year,Mailed check,No,0
CUST_003324,48,12,61.55,799.74,0,Month-to-month,Electronic check,Fiber optic,1
CUST_003325,61,80,101.89,8067.21,3,Month-to-month,Electronic check,No,1
CUST_003326,52,20,113.2,2278.15,2,Month-to-month,Bank transfer,DSL,1
CUST_003327,44,66,62.06,4270.43,1,Month-to-month,Electronic check,DSL,1
CUST_003328,36,0,55.42,0.0,3,One year,Mailed check,Fiber optic,0
CUST_003329,28,20,125.2,2606.42,3,Month-to-month,Electronic check,DSL,1
CUST_003330,57,30,104.91,3215.17,3,One year,Mailed check,DSL,0
CUST_003331,58,32,111.49,3418.88,2,One year,Electronic check,No,1
CUST_003332,21,56,123.75,6985.92,3,Two year,Mailed check,DSL,0
CUST_003333,68,0,26.06,7.28,1,Two year,Bank transfer,No,0
CUST_003334,53,0,40.32,9.11,1,Two year,Electronic check,DSL,1
CUST_003335,65,15,76.63,1183.05,3,One year,Credit card,DSL,0
CUST_003336,24,0,56.82,0.0,0,Month-to-month,Electronic check,DSL,1
CUST_003337,24,88,105.09,9255.04,1,Month-to-month,Mailed check,Fiber optic,1
CUST_003338,42,6,101.14,631.01,1,One year,Electronic check,DSL,1
CUST_003339,52,15,28.97,509.12,2,Month-to-month,Mailed check,Fiber optic,0
CUST_003340,71,1,86.55,0.0,3,Month-to-month,Mailed check,Fiber optic,0
CUST_003341,55,17,28.51,613.78,3,One year,Bank transfer,Fiber optic,0
CUST_003342,41,11,31.81,234.34,4,Month-to-month,Credit card,Fiber optic,0
CUST_003343,29,1,61.33,137.49,2,Two year,Credit card,Fiber optic,1
CUST_003344,63,9,108.59,985.3,3,One year,Electronic check,Fiber optic,0
CUST_003345,30,11,40.0,311.88,2,One year,Electronic check,Fiber optic,0
CUST_003346,69,110,130.46,14403.65,6,One year,Credit card,No,0
CUST_003347,40,5,90.35,357.21,5,Month-to-month,Electronic check,Fiber optic,1
CUST_003348,68,18,51.95,1042.04,0,Two year,Credit card,DSL,0
CUST_003349,55,104,123.23,12745.15,1,Month-to-month,Electronic check,Fiber optic,0
CUST_003350,42,37,129.64,4647.21,0,Two year,Credit card,No,0
CUST_003351,37,120,131.22,15900.13,0,Two year,Electronic check,No,0
CUST_003352,39,82,76.73,6310.18,2,Month-to-month,Electronic check,Fiber optic,0
CUST_003353,51,16,90.78,1539.22,1,One year,Mailed check,DSL,0
CUST_003354,46,28,93.22,2525.01,1,One year,Bank transfer,DSL,0
CUST_003355,36,2,23.7,0.0,0,Two year,Mailed check,DSL,0
CUST_003356,42,13,35.56,629.79,4,Month-to-month,Bank transfer,DSL,1
CUST_003357,46,39,55.18,2151.3,3,One year,Bank transfer,No,0
CUST_003358,18,16,41.63,715.2,1,One year,Bank transfer,Fiber optic,0
CUST_003359,51,29,60.45,1818.61,2,Month-to-month,Credit card,DSL,1
CUST_003360,30,32,81.41,2571.6,2,Two year,Electronic check,DSL,0
CUST_003361,27,7,60.67,447.32,3,Month-to-month,Electronic check,DSL,0
CUST_003362,19,50,134.06,6862.64,1,One year,Mailed check,No,0
CUST_003363,18,14,88.21,1231.71,0,Month-to-month,Bank transfer,Fiber optic,0
CUST_003364,24,5,110.11,644.78,1,Month-to-month,Electronic check,DSL,1
CUST_003365,34,48,96.7,4442.66,1,Month-to-month,Electronic check,Fiber optic,0
CUST_003366,74,12,34.99,532.22,0,Month-to-month,Credit card,Fiber optic,0
CUST_003367,37,33,82.83,2581.15,3,Two year,Electronic check,Fiber optic,0
CUST_003368,47,19,111.7,2223.3,4,One year,Mailed check,Fiber optic,0
CUST_003369,51,11,44.91,533.08,2,Two year,Electronic check,Fiber optic,0
CUST_003370,46,39,48.62,1886.64,1,Month-to-month,Bank transfer,DSL,0
CUST_003371,43,21,63.44,1322.35,1,Month-to-month,Credit card,No,1
CUST_003372,27,11,64.39,683.01,4,Two year,Electronic check,DSL,0
CUST_003373,66,2,51.63,21.18,1,Month-to-month,Mailed check,No,1
CUST_003374,72,54,60.52,3247.7,2,Month-to-month,Bank transfer,No,0
CUST_003375,19,0,45.08,220.81,1,One year,Mailed check,DSL,1
CUST_003376,29,47,111.73,5381.46,3,One year,Bank transfer,Fiber optic,0
CUST_003377,40,10,63.59,548.83,2,One year,Mailed check,No,1
CUST_003378,30,24,95.25,2312.89,1,One year,Bank transfer,Fiber optic,1
CUST_003379,52,61,104.13,6361.55,2,Month-to-month,Credit card,Fiber optic,0
CUST_003380,34,3,76.41,214.99,0,Month-to-month,Electronic check,No,1
CUST_003381,77,20,54.85,996.82,4,Two year,Electronic check,Fiber optic,1
CUST_003382,62,34,89.15,3075.84,1,Two year,Credit card,DSL,0
CUST_003383,48,34,39.36,1422.83,1,Month-to-month,Electronic check,Fiber optic,1
CUST_003384,60,17,71.67,1135.07,3,One year,Bank transfer,DSL,0
CUST_003385,61,23,88.76,2237.09,1,Month-to-month,Credit card,DSL,0
CUST_003386,36,34,55.2,2028.99,2,One year,Electronic check,DSL,0
CUST_003387,32,44,67.66,3031.67,3,One year,Mailed check,DSL,0
CUST_003388,46,34,58.95,1881.23,3,Month-to-month,Electronic check,DSL,1
CUST_003389,57,10,32.06,360.7,1,One year,Mailed check,DSL,0
CUST_003390,47,120,114.79,13802.49,1,Month-to-month,Mailed check,Fiber optic,1
CUST_003391,21,13,124.4,1668.47,0,Month-to-month,Mailed check,DSL,1
CUST_003392,32,0,55.39,159.05,0,Month-to-month,Electronic check,Fiber optic,0
CUST_003393,43,10,71.05,692.94,2,Two year,Mailed check,No,1
CUST_003394,43,3,86.81,465.21,3,One year,Bank transfer,Fiber optic,0
CUST_003395,74,3,86.35,299.7,2,Month-to-month,Mailed check,Fiber optic,1
CUST_003396,24,7,118.49,800.38,2,One year,Bank transfer,Fiber optic,1
CUST_003397,52,1,106.26,346.19,2,Month-to-month,Credit card,DSL,1
CUST_003398,67,27,112.9,3131.16,5,One year,Bank transfer,DSL,0
CUST_003399,79,1,115.66,70.19,4,Month-to-month,Electronic check,No,0
CUST_003400,38,5,45.58,236.3,2,Month-to-month,Electronic check,Fiber optic,1
CUST_003401,52,2,82.71,228.93,0,One year,Electronic check,No,1
CUST_003402,53,1,109.22,94.13,2,Month-to-month,Mailed check,DSL,1
CUST_003403,47,7,85.91,614.79,2,One year,Bank transfer,DSL,1
CUST_003404,43,20,127.74,2473.12,2,Month-to-month,Electronic check,Fiber optic,0
CUST_003405,51,80,70.04,5434.3,3,Month-to-month,Electronic check,No,1
CUST_003406,18,50,88.93,4457.29,3,One year,Electronic check,Fiber optic,1
CUST_003407,55,50,142.74,7150.82,1,Month-to-month,Mailed check,Fiber optic,1
CUST_003408,46,4,59.96,292.54,2,One year,Credit card,Fiber optic,0
CUST_003409,41,7,97.46,624.57,2,Month-to-month,Mailed check,Fiber optic,1
CUST_003410,75,1,23.54,0.0,1,Two year,Bank transfer,DSL,1
CUST_003411,34,36,107.48,3772.88,3,Month-to-month,Mailed check,DSL,0
CUST_003412,38,1,113.96,219.53,0,Month-to-month,Bank transfer,Fiber optic,1
CUST_003413,74,19,67.77,1220.98,0,Month-to-month,Bank transfer,No,0
CUST_003414,32,6,25.13,106.57,0,Month-to-month,Electronic check,DSL,1
CUST_003415,36,6,25.79,123.5,0,Two year,Bank transfer,DSL,0
CUST_003416,42,112,165.2,18440.73,2,One year,Mailed check,Fiber optic,0
CUST_003417,57,33,108.75,3519.48,0,Month-to-month,Credit card,DSL,1
CUST_003418,48,43,52.17,2156.14,5,Month-to-month,Electronic check,DSL,1
CUST_003419,25,20,35.46,849.25,2,Month-to-month,Credit card,DSL,0
CUST_003420,37,49,124.98,6192.15,1,Month-to-month,Mailed check,Fiber optic,1
CUST_003421,35,24,112.99,2836.45,0,Month-to-month,Electronic check,DSL,1
CUST_003422,43,70,67.05,4838.59,2,Month-to-month,Electronic check,DSL,0
CUST_003423,51,7,53.65,140.58,0,One year,Electronic check,DSL,1
CUST_003424,51,21,108.5,2312.9,4,One year,Credit card,Fiber optic,1
CUST_003425,18,28,86.54,2364.54,3,One year,Electronic check,DSL,1
CUST_003426,60,11,121.16,1444.42,3,One year,Credit card,Fiber optic,0
CUST_003427,48,50,93.11,4581.17,1,Month-to-month,Credit card,DSL,0
CUST_003428,65,93,134.2,12374.79,1,Month-to-month,Electronic check,DSL,1
CUST_003429,51,16,78.98,1120.25,2,Month-to-month,Electronic check,DSL,1
CUST_003430,61,11,119.8,1287.49,1,One year,Mailed check,DSL,0
CUST_003431,51,15,67.37,1101.98,2,Two year,Credit card,Fiber optic,0
CUST_003432,65,45,65.48,2972.2,1,Two year,Credit card,Fiber optic,0
CUST_003433,52,24,64.66,1431.66,1,One year,Mailed check,DSL,1
CUST_003434,43,1,105.78,321.04,0,One year,Mailed check,DSL,1
CUST_003435,79,18,78.79,1483.24,2,Two year,Mailed check,DSL,0
CUST_003436,58,0,55.43,77.74,3,One year,Credit card,No,1
CUST_003437,53,36,92.43,3455.84,0,Two year,Credit card,Fiber optic,0
CUST_003438,25,9,37.82,176.39,2,One year,Electronic check,No,0
CUST_003439,25,15,28.04,329.4,1,Month-to-month,Credit card,DSL,0
CUST_003440,49,38,67.06,2630.52,3,Two year,Credit card,No,0
CUST_003441,47,1,81.0,0.0,3,Month-to-month,Mailed check,Fiber optic,0
CUST_003442,35,4,93.17,345.17,0,One year,Mailed check,Fiber optic,0
CUST_003443,47,12,108.66,1296.16,1,Month-to-month,Credit card,Fiber optic,0
CUST_003444,68,6,115.67,566.26,3,Two year,Credit card,DSL,0
CUST_003445,55,9,65.71,555.32,2,Month-to-month,Mailed check,DSL,1
CUST_003446,27,120,154.05,18577.65,2,Month-to-month,Mailed check,Fiber optic,0
CUST_003447,43,41,47.97,2039.6,0,Month-to-month,Electronic check,Fiber optic,1
CUST_003448,32,51,51.25,2725.2,1,Month-to-month,Electronic check,DSL,1
CUST_003449,39,66,65.48,4422.65,1,Two year,Credit card,No,0
CUST_003450,38,10,69.86,739.16,3,One year,Electronic check,No,0
CUST_003451,37,8,45.13,393.69,1,Month-to-month,Bank transfer,Fiber optic,1
CUST_003452,26,6,51.69,335.49,0,Month-to-month,Mailed check,No,0
CUST_003453,43,42,105.79,4380.39,2,One year,Electronic check,Fiber optic,0
CUST_003454,36,27,69.35,1769.52,3,One year,Electronic check,No,1
CUST_003455,18,6,78.74,403.46,2,Two year,Electronic check,Fiber optic,0
CUST_003456,75,11,66.74,701.54,2,Month-to-month,Credit card,DSL,0
CUST_003457,61,16,44.9,652.77,2,Two year,Electronic check,Fiber optic,0
CUST_003458,39,18,36.4,696.62,2,Month-to-month,Bank transfer,DSL,1
CUST_003459,45,52,69.62,3640.59,3,Two year,Mailed check,Fiber optic,1
CUST_003460,27,11,31.27,374.9,3,Month-to-month,Bank transfer,Fiber optic,0
CUST_003461,70,57,110.36,6325.73,3,One year,Electronic check,Fiber optic,0
CUST_003462,73,13,106.07,1498.5,5,One year,Electronic check,Fiber optic,0
CUST_003463,47,32,69.97,2238.31,1,Two year,Bank transfer,Fiber optic,0
CUST_003464,60,63,90.21,5784.14,2,Month-to-month,Bank transfer,No,1
CUST_003465,47,57,130.12,7468.45,1,One year,Electronic check,DSL,0
CUST_003466,24,1,42.76,155.72,1,Two year,Bank transfer,DSL,0
CUST_003467,38,5,34.42,333.54,2,One year,Mailed check,Fiber optic,0
CUST_003468,46,15,77.61,1221.84,3,One year,Electronic check,Fiber optic,0
CUST_003469,38,13,91.12,1194.92,5,One year,Bank transfer,No,1
CUST_003470,41,24,91.97,2216.9,3,Month-to-month,Bank transfer,Fiber optic,0
CUST_003471,43,69,125.89,8639.21,1,Month-to-month,Mailed check,DSL,0
CUST_003472,43,2,26.68,2.97,4,Month-to-month,Electronic check,No,0
CUST_003473,45,14,69.82,1067.69,1,Two year,Mailed check,Fiber optic,1
CUST_003474,29,5,46.36,135.42,1,Month-to-month,Electronic check,DSL,1
CUST_003475,34,53,122.41,6649.32,2,Month-to-month,Electronic check,Fiber optic,1
CUST_003476,25,80,147.27,11766.67,0,Two year,Electronic check,Fiber optic,0
CUST_003477,59,15,55.63,1120.71,3,One year,Bank transfer,DSL,0
CUST_003478,18,2,30.52,0.0,2,One year,Bank transfer,DSL,1
CUST_003479,62,36,63.34,2305.36,1,Month-to-month,Electronic check,DSL,0
CUST_003480,65,28,44.4,1208.04,3,One year,Bank transfer,No,0
CUST_003481,40,10,57.24,493.11,2,One year,Electronic check,Fiber optic,1
CUST_003482,18,52,99.82,5297.01,0,Month-to-month,Credit card,Fiber optic,1
CUST_003483,39,89,161.87,14295.71,1,One year,Bank transfer,No,0
CUST_003484,44,19,69.44,1251.7,3,Month-to-month,Bank transfer,Fiber optic,0
CUST_003485,29,20,52.0,1098.71,2,Month-to-month,Electronic check,DSL,1
CUST_003486,37,8,40.68,399.94,1,Month-to-month,Credit card,Fiber optic,1
CUST_003487,67,21,47.8,864.69,2,Two year,Credit card,Fiber optic,0
CUST_003488,54,13,45.76,653.04,3,Two year,Mailed check,Fiber optic,0
CUST_003489,31,8,100.23,814.7,3,Two year,Electronic check,No,0
CUST_003490,21,1,26.6,0.0,1,One year,Mailed check,DSL,0
CUST_003491,40,6,122.74,657.55,1,One year,Electronic check,No,1
CUST_003492,41,5,74.77,170.5,3,Month-to-month,Mailed check,DSL,0
CUST_003493,52,18,83.43,1673.43,4,Month-to-month,Credit card,No,1
CUST_003494,36,22,66.76,1570.18,0,Month-to-month,Bank transfer,Fiber optic,1
CUST_003495,52,22,100.03,2071.65,5,Month-to-month,Electronic check,DSL,1
CUST_003496,74,11,72.65,878.99,6,One year,Mailed check,Fiber optic,1
CUST_003497,57,13,59.41,714.88,0,Two year,Credit card,No,0
CUST_003498,44,43,68.01,3016.08,3,Two year,Electronic check,Fiber optic,1
CUST_003499,42,15,120.07,1751.37,0,One year,Credit card,DSL,0
CUST_003500,39,105,101.6,10631.55,3,One year,Electronic check,No,1
CUST_003501,62,13,70.14,882.98,4,Month-to-month,Mailed check,Fiber optic,1
CUST_003502,35,25,67.53,1622.62,1,Two year,Bank transfer,Fiber optic,0
CUST_003503,45,1,29.12,169.05,3,One year,Mailed check,No,1
CUST_003504,45,25,51.09,1367.19,5,One year,Mailed check,Fiber optic,1
CUST_003505,37,45,61.45,2776.25,3,Month-to-month,Mailed check,Fiber optic,0
CUST_003506,24,68,123.36,8491.27,4,Two year,Bank transfer,Fiber optic,1
CUST_003507,49,120,120.66,14316.32,2,Month-to-month,Electronic check,Fiber optic,0
CUST_003508,44,7,101.7,589.03,2,Two year,Mailed check,No,1
CUST_003509,52,20,100.9,2065.36,3,Month-to-month,Credit card,DSL,0
CUST_003510,36,14,46.2,720.42,2,Month-to-month,Electronic check,No,0
CUST_003511,63,19,85.79,1657.98,4,Month-to-month,Electronic check,Fiber optic,1
CUST_003512,31,4,96.29,196.89,3,Month-to-month,Mailed check,Fiber optic,1
CUST_003513,70,46,106.3,4783.76,2,Month-to-month,Mailed check,No,1
CUST_003514,18,57,108.5,6226.25,2,One year,Electronic check,DSL,1
CUST_003515,51,14,100.96,1656.1,2,Month-to-month,Mailed check,Fiber optic,1
CUST_003516,52,7,29.18,326.04,0,One year,Mailed check,DSL,0
CUST_003517,33,3,94.64,441.66,1,One year,Bank transfer,Fiber optic,0
CUST_003518,51,27,60.77,1674.64,2,Month-to-month,Mailed check,Fiber optic,1
CUST_003519,64,8,81.19,682.75,4,Month-to-month,Credit card,DSL,0
CUST_003520,18,57,72.73,4042.29,0,Month-to-month,Bank transfer,No,0
CUST_003521,52,26,116.88,3134.11,4,Month-to-month,Mailed check,Fiber optic,1
CUST_003522,18,24,80.06,1914.02,2,Month-to-month,Mailed check,DSL,1
CUST_003523,30,19,93.79,1851.36,2,Month-to-month,Credit card,DSL,1
CUST_003524,69,1,99.91,102.98,2,Month-to-month,Bank transfer,DSL,1
CUST_003525,36,64,141.53,9085.93,1,Month-to-month,Bank transfer,Fiber optic,0
CUST_003526,27,23,104.71,2399.47,1,One year,Electronic check,DSL,0
CUST_003527,42,120,94.88,11407.69,0,Month-to-month,Mailed check,No,1
CUST_003528,76,18,114.45,2160.17,3,One year,Bank transfer,No,1
CUST_003529,18,29,96.36,2667.75,2,Two year,Bank transfer,No,0
CUST_003530,29,1,81.44,0.0,0,Two year,Credit card,DSL,0
CUST_003531,67,23,123.63,2886.17,3,One year,Credit card,No,1
CUST_003532,72,34,61.88,2248.08,2,One year,Mailed check,Fiber optic,0
CUST_003533,43,36,61.96,2399.79,3,Month-to-month,Electronic check,Fiber optic,1
CUST_003534,26,35,88.82,2986.24,4,Month-to-month,Electronic check,DSL,0
CUST_003535,76,6,98.09,548.23,2,One year,Mailed check,Fiber optic,1
CUST_003536,68,88,108.72,9419.8,0,One year,Electronic check,Fiber optic,0
CUST_003537,55,120,143.39,17151.64,1,One year,Electronic check,Fiber optic,0
CUST_003538,32,1,65.75,178.04,4,One year,Electronic check,DSL,0
CUST_003539,44,66,114.04,7525.27,2,One year,Mailed check,Fiber optic,0
CUST_003540,42,8,106.23,812.42,2,Two year,Credit card,DSL,0
CUST_003541,49,28,52.05,1511.84,3,One year,Electronic check,DSL,1
CUST_003542,66,9,94.04,766.84,1,Two year,Mailed check,DSL,0
CUST_003543,58,82,139.74,11618.19,2,One year,Mailed check,No,0
CUST_003544,28,2,65.71,132.15,2,One year,Mailed check,Fiber optic,1
CUST_003545,65,16,60.32,924.99,1,Two year,Bank transfer,No,0
CUST_003546,49,13,27.85,420.79,4,One year,Mailed check,DSL,1
CUST_003547,55,9,104.21,1031.82,0,Month-to-month,Mailed check,DSL,1
CUST_003548,66,24,64.79,1714.65,0,Month-to-month,Credit card,Fiber optic,0
CUST_003549,28,3,57.23,150.7,5,Month-to-month,Electronic check,Fiber optic,1
CUST_003550,44,30,68.6,2166.62,1,Two year,Bank transfer,DSL,0
CUST_003551,37,94,116.87,10996.27,2,Month-to-month,Mailed check,Fiber optic,0
CUST_003552,21,39,109.75,4219.11,4,Month-to-month,Mailed check,DSL,0
CUST_003553,50,47,120.69,5594.58,2,Month-to-month,Electronic check,DSL,1
CUST_003554,80,10,64.26,532.87,5,Month-to-month,Credit card,Fiber optic,1
CUST_003555,18,9,90.81,743.12,1,Two year,Electronic check,Fiber optic,1
CUST_003556,44,17,100.57,1821.23,1,Month-to-month,Bank transfer,Fiber optic,0
CUST_003557,54,1,50.19,120.86,1,One year,Credit card,DSL,0
CUST_003558,46,69,64.16,4303.07,3,Month-to-month,Mailed check,Fiber optic,0
CUST_003559,43,3,110.97,158.26,2,Month-to-month,Bank transfer,No,1
CUST_003560,25,55,115.21,6225.41,2,Month-to-month,Electronic check,No,1
CUST_003561,48,2,85.81,93.95,1,Month-to-month,Bank transfer,Fiber optic,1
CUST_003562,33,41,46.39,1871.67,2,One year,Bank transfer,No,0
CUST_003563,18,3,103.29,427.15,2,Month-to-month,Mailed check,Fiber optic,1
CUST_003564,62,0,76.61,0.0,1,Month-to-month,Bank transfer,Fiber optic,0
CUST_003565,59,30,119.79,3761.7,2,Month-to-month,Electronic check,Fiber optic,1
CUST_003566,45,7,120.96,678.67,0,One year,Bank transfer,DSL,0
CUST_003567,48,30,130.71,3886.44,1,One year,Bank transfer,No,0
CUST_003568,61,19,115.11,2265.62,1,Month-to-month,Mailed check,DSL,0
CUST_003569,48,2,22.09,128.91,1,Month-to-month,Electronic check,Fiber optic,1
CUST_003570,58,64,140.57,8963.08,4,Month-to-month,Bank transfer,DSL,1
CUST_003571,40,14,34.51,583.26,1,Two year,Bank transfer,No,0
CUST_003572,64,31,120.62,3820.42,3,Month-to-month,Electronic check,DSL,0
CUST_003573,49,16,56.02,828.07,2,Two year,Mailed check,Fiber optic,0
CUST_003574,47,22,92.01,2055.64,2,Two year,Electronic check,Fiber optic,1
CUST_003575,25,8,27.81,292.82,1,Month-to-month,Electronic check,DSL,1
CUST_003576,49,5,99.62,437.04,3,Month-to-month,Mailed check,DSL,1
CUST_003577,32,18,40.17,892.5,2,One year,Electronic check,DSL,1
CUST_003578,35,13,67.57,794.86,3,One year,Mailed check,Fiber optic,0
CUST_003579,32,11,107.24,1194.1,1,One year,Bank transfer,DSL,0
CUST_003580,29,26,102.53,2540.93,2,Month-to-month,Mailed check,DSL,1
CUST_003581,76,28,34.6,979.26,2,Two year,Electronic check,No,0
CUST_003582,64,1,60.8,0.0,2,Month-to-month,Mailed check,No,1
CUST_003583,73,9,28.69,228.82,2,Month-to-month,Mailed check,DSL,0
CUST_003584,26,12,93.35,961.54,3,Two year,Credit card,DSL,0
CUST_003585,46,2,117.89,315.77,1,One year,Mailed check,Fiber optic,1
CUST_003586,25,6,88.53,566.78,3,One year,Credit card,DSL,0
CUST_003587,34,1,42.94,151.68,0,Two year,Credit card,DSL,0
CUST_003588,31,120,115.52,13828.02,7,Month-to-month,Mailed check,Fiber optic,1
CUST_003589,63,32,133.67,4390.67,4,Month-to-month,Electronic check,DSL,1
CUST_003590,39,2,43.41,90.74,3,Two year,Credit card,Fiber optic,0
CUST_003591,61,0,76.15,11.32,1,Month-to-month,Credit card,DSL,1
CUST_003592,54,30,75.05,2462.77,1,Month-to-month,Credit card,DSL,0
CUST_003593,79,13,103.33,1294.84,2,Month-to-month,Credit card,DSL,1
CUST_003594,22,37,125.24,4756.59,1,Two year,Electronic check,DSL,1
CUST_003595,63,61,84.58,5207.58,1,Month-to-month,Electronic check,Fiber optic,1
CUST_003596,62,21,96.54,1970.14,7,One year,Bank transfer,Fiber optic,0
CUST_003597,30,4,76.9,176.05,2,Month-to-month,Mailed check,DSL,0
CUST_003598,60,36,65.84,2267.09,2,One year,Credit card,Fiber optic,0
CUST_003599,50,74,84.19,6343.43,1,One year,Electronic check,DSL,1
CUST_003600,41,20,83.86,1850.7,2,One year,Bank transfer,DSL,0
CUST_003601,32,27,48.9,1329.45,3,Month-to-month,Credit card,Fiber optic,0
CUST_003602,34,9,105.58,964.62,2,Month-to-month,Electronic check,No,1
CUST_003603,75,11,32.4,434.05,3,Month-to-month,Electronic check,No,0
CUST_003604,45,31,44.96,1401.01,1,Two year,Mailed check,Fiber optic,0
CUST_003605,56,63,85.72,5510.5,1,One year,Electronic check,No,1
CUST_003606,33,23,43.31,1025.27,3,Month-to-month,Electronic check,Fiber optic,1
CUST_003607,33,37,86.07,3198.14,2,Two year,Mailed check,Fiber optic,0
CUST_003608,61,4,61.97,177.95,2,Two year,Electronic check,Fiber optic,1
CUST_003609,24,5,94.68,378.88,5,Month-to-month,Mailed check,Fiber optic,1
CUST_003610,38,18,124.3,1921.5,2,One year,Electronic check,Fiber optic,1
CUST_003611,45,4,97.36,512.84,1,Month-to-month,Credit card,No,0
CUST_003612,46,24,49.94,1184.02,1,Month-to-month,Bank transfer,Fiber optic,1
CUST_003613,42,8,117.55,900.38,3,Month-to-month,Credit card,Fiber optic,0
CUST_003614,50,37,77.71,2680.22,3,One year,Electronic check,No,0
CUST_003615,55,39,86.92,3325.83,1,Month-to-month,Electronic check,Fiber optic,1
CUST_003616,56,14,69.16,891.04,1,Month-to-month,Mailed check,Fiber optic,0
CUST_003617,30,4,50.05,120.74,1,One year,Electronic check,Fiber optic,1
CUST_003618,40,24,121.5,2949.39,1,Two year,Credit card,Fiber optic,0
CUST_003619,62,118,112.22,13254.64,2,One year,Electronic check,DSL,0
CUST_003620,58,23,89.36,1919.14,3,One year,Electronic check,Fiber optic,0
CUST_003621,24,0,44.0,0.0,1,Month-to-month,Bank transfer,DSL,1
CUST_003622,50,0,99.74,0.0,4,One year,Bank transfer,DSL,1
CUST_003623,18,9,101.92,1098.33,0,One year,Electronic check,No,1
CUST_003624,45,5,52.13,409.93,4,One year,Mailed check,Fiber optic,0
CUST_003625,73,40,108.16,4240.99,2,Two year,Mailed check,Fiber optic,1
CUST_003626,30,44,112.39,4747.38,3,One year,Mailed check,Fiber optic,0
CUST_003627,32,7,79.75,571.06,5,One year,Electronic check,Fiber optic,1
CUST_003628,56,9,84.56,765.73,2,Month-to-month,Bank transfer,DSL,1
CUST_003629,21,6,80.45,514.36,0,Month-to-month,Electronic check,Fiber optic,0
CUST_003630,35,57,56.69,3305.26,1,Month-to-month,Mailed check,DSL,0
CUST_003631,53,16,95.03,1565.59,1,One year,Credit card,Fiber optic,0
CUST_003632,35,25,79.48,1875.29,3,One year,Electronic check,Fiber optic,0
CUST_003633,41,12,69.85,867.55,2,Month-to-month,Electronic check,DSL,1
CUST_003634,56,23,117.5,2787.88,0,Month-to-month,Credit card,Fiber optic,1
CUST_003635,51,11,27.82,233.65,5,Two year,Mailed check,DSL,0
CUST_003636,49,9,49.63,476.68,1,Month-to-month,Mailed check,DSL,0
CUST_003637,39,24,44.14,1004.09,2,Month-to-month,Mailed check,DSL,0
CUST_003638,50,21,34.03,914.33,1,Month-to-month,Electronic check,Fiber optic,0
CUST_003639,43,8,51.57,279.86,4,Two year,Bank transfer,DSL,0
CUST_003640,51,3,120.35,476.64,4,Month-to-month,Electronic check,Fiber optic,1
CUST_003641,37,11,52.52,410.67,5,Month-to-month,Electronic check,Fiber optic,0
CUST_003642,42,12,92.37,1287.75,3,One year,Bank transfer,DSL,0
CUST_003643,30,23,43.33,882.43,0,Month-to-month,Bank transfer,Fiber optic,1
CUST_003644,44,59,109.68,6490.37,2,Month-to-month,Bank transfer,Fiber optic,0
CUST_003645,32,0,118.45,0.0,0,Two year,Electronic check,DSL,0
CUST_003646,28,6,52.18,178.1,3,Two year,Bank transfer,No,0
CUST_003647,48,5,107.31,626.31,3,Month-to-month,Bank transfer,Fiber optic,1
CUST_003648,48,16,127.76,2146.93,1,Month-to-month,Bank transfer,Fiber optic,0
CUST_003649,56,13,85.36,1133.56,3,Month-to-month,Credit card,DSL,1
CUST_003650,38,31,66.44,2133.75,4,Month-to-month,Electronic check,Fiber optic,1
CUST_003651,51,6,90.35,646.61,3,Month-to-month,Bank transfer,No,0
CUST_003652,53,21,114.98,2346.26,1,Month-to-month,Mailed check,Fiber optic,1
CUST_003653,51,51,62.64,3054.49,2,Month-to-month,Mailed check,DSL,1
CUST_003654,32,57,93.75,5342.47,3,Two year,Bank transfer,No,0
CUST_003655,47,76,89.92,6776.11,2,Month-to-month,Mailed check,DSL,0
CUST_003656,50,35,65.84,2343.12,3,One year,Mailed check,No,0
CUST_003657,45,56,134.08,7563.4,2,Month-to-month,Mailed check,Fiber optic,1
CUST_003658,18,6,65.17,322.83,2,One year,Mailed check,Fiber optic,0
CUST_003659,47,5,56.41,352.45,3,Month-to-month,Mailed check,Fiber optic,0
CUST_003660,78,0,80.35,65.41,1,Month-to-month,Electronic check,DSL,0
CUST_003661,39,29,56.44,1709.1,4,Two year,Electronic check,Fiber optic,0
CUST_003662,34,66,75.99,4974.52,2,One year,Electronic check,DSL,0
CUST_003663,50,4,74.03,374.11,3,One year,Bank transfer,No,0
CUST_003664,49,24,72.93,1802.25,2,Two year,Bank transfer,No,0
CUST_003665,62,32,65.5,2159.96,3,Two year,Bank transfer,DSL,0
CUST_003666,26,63,56.9,3752.17,3,Month-to-month,Credit card,No,0
CUST_003667,55,24,84.08,2050.64,3,Month-to-month,Electronic check,DSL,0
CUST_003668,53,84,143.66,12006.82,4,One year,Bank transfer,Fiber optic,0
CUST_003669,42,10,110.14,990.33,1,Month-to-month,Electronic check,DSL,1
CUST_003670,50,10,48.54,598.23,2,Month-to-month,Electronic check,DSL,0
CUST_003671,60,18,88.96,1637.08,1,Month-to-month,Electronic check,Fiber optic,1
CUST_003672,58,11,111.09,1388.97,1,Two year,Mailed check,No,0
CUST_003673,27,0,60.87,0.0,2,One year,Bank transfer,No,1
CUST_003674,57,31,128.71,4081.19,2,Two year,Bank transfer,DSL,0
CUST_003675,44,33,126.8,4158.22,1,Month-to-month,Mailed check,No,0
CUST_003676,46,32,56.81,1782.68,1,Month-to-month,Electronic check,DSL,0
CUST_003677,46,10,50.9,432.48,3,Month-to-month,Electronic check,Fiber optic,1
CUST_003678,42,17,46.54,881.21,3,Two year,Credit card,DSL,0
CUST_003679,62,10,44.61,507.41,2,Month-to-month,Electronic check,No,1
CUST_003680,43,0,110.79,0.0,5,One year,Bank transfer,Fiber optic,0
CUST_003681,28,19,122.61,2346.15,2,One year,Electronic check,Fiber optic,1
CUST_003682,39,3,26.69,150.68,1,One year,Electronic check,Fiber optic,0
CUST_003683,47,2,80.36,178.52,0,One year,Electronic check,Fiber optic,1
CUST_003684,63,33,92.92,3177.25,1,Month-to-month,Electronic check,Fiber optic,0
CUST_003685,54,0,59.05,0.0,5,Month-to-month,Mailed check,Fiber optic,1
CUST_003686,32,76,121.17,8983.47,3,One year,Electronic check,No,0
CUST_003687,80,17,123.24,2113.7,0,Month-to-month,Credit card,DSL,0
CUST_003688,48,97,85.53,8314.03,0,Month-to-month,Electronic check,No,0
CUST_003689,64,1,32.54,63.66,2,Month-to-month,Bank transfer,No,1
CUST_003690,42,21,33.84,821.32,2,Month-to-month,Mailed check,No,1
CUST_003691,53,10,61.38,418.59,0,Month-to-month,Electronic check,No,1
CUST_003692,57,44,75.76,3309.72,0,Two year,Electronic check,No,0
CUST_003693,63,10,68.08,588.55,3,One year,Mailed check,DSL,1
CUST_003694,60,7,73.83,396.01,4,Month-to-month,Electronic check,No,1
CUST_003695,58,46,118.78,5456.76,3,Month-to-month,Mailed check,No,0
CUST_003696,40,11,64.71,782.01,0,Two year,Mailed check,DSL,1
CUST_003697,36,0,53.06,30.09,1,Two year,Mailed check,Fiber optic,0
CUST_003698,49,11,108.19,1121.31,2,Two year,Mailed check,No,0
CUST_003699,58,25,117.48,2922.44,4,Month-to-month,Electronic check,DSL,0
CUST_003700,41,7,46.78,420.43,2,One year,Bank transfer,DSL,0
CUST_003701,60,13,57.97,821.89,2,Month-to-month,Electronic check,No,1
CUST_003702,66,1,103.01,47.73,1,Month-to-month,Electronic check,Fiber optic,1
CUST_003703,31,21,38.44,745.51,1,Month-to-month,Electronic check,DSL,1
CUST_003704,32,33,69.08,2108.15,6,Month-to-month,Electronic check,No,1
CUST_003705,42,12,70.84,807.08,2,Two year,Bank transfer,No,0
CUST_003706,49,13,45.21,414.11,2,One year,Mailed check,No,1
CUST_003707,37,2,38.99,284.69,6,Month-to-month,Electronic check,Fiber optic,1
CUST_003708,65,5,64.99,239.42,1,Two year,Electronic check,Fiber optic,0
CUST_003709,51,4,97.45,500.71,2,Month-to-month,Electronic check,No,1
CUST_003710,45,15,111.52,1854.66,2,One year,Mailed check,DSL,0
CUST_003711,23,18,126.92,2306.24,1,One year,Bank transfer,DSL,0
CUST_003712,25,71,62.9,4455.79,2,Month-to-month,Mailed check,DSL,0
CUST_003713,49,1,42.17,0.0,1,One year,Bank transfer,Fiber optic,1
CUST_003714,18,21,106.16,2178.96,3,Month-to-month,Electronic check,DSL,1
CUST_003715,60,17,82.56,1563.91,1,Month-to-month,Electronic check,DSL,1
CUST_003716,42,17,61.27,1076.68,2,Month-to-month,Bank transfer,Fiber optic,1
CUST_003717,80,49,65.06,3190.72,1,Month-to-month,Bank transfer,Fiber optic,1
CUST_003718,79,5,50.55,383.95,3,Two year,Mailed check,Fiber optic,0
CUST_003719,42,0,62.93,69.63,1,Month-to-month,Credit card,Fiber optic,0
CUST_003720,43,26,50.72,1303.81,2,One year,Bank transfer,DSL,1
CUST_003721,59,10,121.42,1235.85,1,Month-to-month,Mailed check,Fiber optic,0
CUST_003722,70,0,30.76,0.0,2,Two year,Mailed check,DSL,0
CUST_003723,20,6,121.56,673.24,3,One year,Bank transfer,No,1
CUST_003724,18,8,108.19,844.88,3,Month-to-month,Mailed check,No,1
CUST_003725,35,23,73.82,1753.5,4,One year,Electronic check,No,0
CUST_003726,53,4,95.98,259.19,1,Month-to-month,Credit card,DSL,0
CUST_003727,52,12,93.15,1125.44,2,Month-to-month,Credit card,Fiber optic,1
CUST_003728,61,15,48.83,693.44,2,One year,Electronic check,DSL,0
CUST_003729,27,14,60.91,762.61,4,Month-to-month,Mailed check,Fiber optic,1
CUST_003730,18,87,114.81,9950.22,1,Month-to-month,Bank transfer,DSL,0
CUST_003731,57,1,84.28,0.0,3,One year,Electronic check,No,1
CUST_003732,32,72,110.29,7865.08,1,Month-to-month,Electronic check,DSL,1
CUST_003733,18,20,77.3,1436.03,4,Month-to-month,Mailed check,DSL,1
CUST_003734,47,38,83.32,3137.99,1,Month-to-month,Electronic check,DSL,0
CUST_003735,56,13,76.33,764.26,3,Month-to-month,Bank transfer,Fiber optic,0
CUST_003736,43,14,70.44,1005.18,5,Two year,Credit card,Fiber optic,0
CUST_003737,38,50,99.13,5047.59,1,Month-to-month,Bank transfer,DSL,0
CUST_003738,42,54,135.8,7321.39,5,Month-to-month,Bank transfer,Fiber optic,0
CUST_003739,39,6,86.28,567.58,1,Month-to-month,Bank transfer,No,1
CUST_003740,24,5,94.76,422.54,0,Two year,Electronic check,Fiber optic,0
CUST_003741,34,16,87.75,1248.51,2,Month-to-month,Electronic check,Fiber optic,1
CUST_003742,52,55,111.8,6149.27,2,Month-to-month,Bank transfer,Fiber optic,1
CUST_003743,49,9,82.33,809.05,4,Month-to-month,Bank transfer,DSL,1
CUST_003744,47,25,35.19,747.23,1,Month-to-month,Mailed check,DSL,0
CUST_003745,30,29,134.46,3852.81,6,Month-to-month,Bank transfer,DSL,1
CUST_003746,42,36,41.36,1464.28,1,One year,Electronic check,No,0
CUST_003747,18,19,69.01,1596.42,1,One year,Electronic check,DSL,1
CUST_003748,47,12,36.51,460.48,3,One year,Electronic check,DSL,1
CUST_003749,66,81,70.19,5495.06,3,Month-to-month,Electronic check,Fiber optic,0
CUST_003750,22,22,110.35,2212.47,3,Month-to-month,Bank transfer,No,1
CUST_003751,36,31,78.09,2493.92,3,Two year,Bank transfer,DSL,0
CUST_003752,49,10,105.11,1299.64,1,One year,Mailed check,DSL,0
CUST_003753,63,26,60.28,1539.15,3,Month-to-month,Mailed check,No,0
CUST_003754,38,7,49.15,309.94,1,Month-to-month,Bank transfer,Fiber optic,1
CUST_003755,34,6,48.12,331.82,4,Month-to-month,Credit card,Fiber optic,1
CUST_003756,18,30,96.61,2818.61,0,One year,Mailed check,Fiber optic,1
CUST_003757,46,17,110.0,1615.58,1,Month-to-month,Electronic check,Fiber optic,1
CUST_003758,75,27,78.73,2229.33,1,Two year,Bank transfer,Fiber optic,0
CUST_003759,49,7,61.42,368.66,0,Month-to-month,Bank transfer,DSL,0
CUST_003760,44,21,127.86,2790.03,2,Month-to-month,Mailed check,No,1
CUST_003761,49,14,38.68,465.36,1,Month-to-month,Credit card,Fiber optic,0
CUST_003762,44,21,79.16,1674.61,4,Two year,Mailed check,Fiber optic,0
CUST_003763,32,8,64.85,604.27,0,Two year,Bank transfer,No,0
CUST_003764,57,30,44.81,1451.41,3,Month-to-month,Bank transfer,DSL,0
CUST_003765,48,39,66.32,2609.78,9,Month-to-month,Electronic check,Fiber optic,1
CUST_003766,45,7,26.34,202.73,3,Two year,Electronic check,DSL,1
CUST_003767,30,8,111.7,955.53,0,Month-to-month,Bank transfer,DSL,0
CUST_003768,64,25,93.28,2378.54,3,Month-to-month,Mailed check,Fiber optic,1
CUST_003769,54,28,115.5,3104.93,0,Two year,Electronic check,No,1
CUST_003770,36,29,86.66,2385.8,2,Two year,Credit card,No,0
CUST_003771,60,27,93.45,2312.27,4,Month-to-month,Electronic check,DSL,0
CUST_003772,37,11,95.59,1128.09,3,Month-to-month,Mailed check,Fiber optic,1
CUST_003773,33,12,116.8,1362.04,4,Two year,Mailed check,DSL,0
CUST_003774,33,7,32.68,310.75,1,Month-to-month,Mailed check,Fiber optic,1
CUST_003775,18,4,55.09,260.75,2,Month-to-month,Electronic check,DSL,1
CUST_003776,52,28,104.9,2837.03,5,Month-to-month,Bank transfer,No,1
CUST_003777,18,2,116.84,221.65,1,Two year,Electronic check,Fiber optic,1
CUST_003778,26,66,151.08,9925.85,2,Month-to-month,Bank transfer,No,0
CUST_003779,18,42,104.81,4341.11,0,Month-to-month,Bank transfer,DSL,0
CUST_003780,43,46,62.36,2960.08,1,Month-to-month,Electronic check,DSL,1
CUST_003781,42,56,59.92,3606.64,2,Two year,Bank transfer,No,0
CUST_003782,40,12,120.6,1558.87,2,One year,Bank transfer,No,0
CUST_003783,29,45,85.89,3862.48,4,One year,Electronic check,DSL,0
CUST_003784,27,4,41.48,291.88,0,One year,Bank transfer,Fiber optic,0
CUST_003785,51,0,113.39,171.29,5,One year,Mailed check,DSL,1
CUST_003786,36,36,48.45,1605.05,1,Month-to-month,Electronic check,DSL,1
CUST_003787,49,1,93.46,215.94,0,Two year,Mailed check,Fiber optic,1
CUST_003788,31,107,136.03,14631.78,1,One year,Credit card,No,0
CUST_003789,47,26,41.77,1204.92,0,One year,Bank transfer,Fiber optic,0
CUST_003790,64,33,70.37,2403.7,1,One year,Electronic check,Fiber optic,1
CUST_003791,53,6,37.99,205.19,1,Month-to-month,Mailed check,DSL,0
CUST_003792,38,26,93.45,2632.98,5,Month-to-month,Bank transfer,DSL,0
CUST_003793,48,1,68.21,102.17,2,One year,Electronic check,DSL,0
CUST_003794,41,43,41.93,1759.45,2,Month-to-month,Mailed check,DSL,1
CUST_003795,45,4,119.57,528.88,0,Month-to-month,Mailed check,DSL,0
CUST_003796,40,28,68.96,2028.08,2,One year,Mailed check,Fiber optic,0
CUST_003797,42,6,48.82,302.4,1,One year,Bank transfer,DSL,1
CUST_003798,48,1,42.74,82.06,1,Two year,Mailed check,DSL,0
CUST_003799,30,15,43.38,659.56,5,One year,Bank transfer,Fiber optic,0
CUST_003800,29,4,121.91,421.65,3,Month-to-month,Mailed check,No,1
CUST_003801,24,31,65.01,1933.16,2,Month-to-month,Bank transfer,Fiber optic,1
CUST_003802,20,6,63.55,241.03,4,One year,Bank transfer,DSL,1
CUST_003803,26,10,112.14,1273.16,0,Two year,Bank transfer,Fiber optic,0
CUST_003804,47,20,94.19,1861.43,3,Month-to-month,Electronic check,No,1
CUST_003805,31,8,60.87,144.2,1,One year,Bank transfer,DSL,0
CUST_003806,52,11,115.33,1308.31,4,Month-to-month,Electronic check,DSL,1
CUST_003807,45,40,114.97,4636.48,1,Month-to-month,Electronic check,DSL,1
CUST_003808,18,4,44.79,0.0,4,One year,Credit card,Fiber optic,1
CUST_003809,54,2,85.37,87.51,2,One year,Electronic check,Fiber optic,1
CUST_003810,57,9,116.74,963.03,3,Month-to-month,Credit card,Fiber optic,1
CUST_003811,30,13,76.15,915.67,2,Two year,Mailed check,DSL,0
CUST_003812,51,18,102.36,1963.78,1,One year,Electronic check,Fiber optic,1
CUST_003813,32,11,122.61,1333.83,1,One year,Bank transfer,DSL,0
CUST_003814,46,37,107.54,3936.31,2,Month-to-month,Electronic check,No,1
CUST_003815,26,0,30.24,112.24,0,Month-to-month,Bank transfer,Fiber optic,0
CUST_003816,18,13,50.96,711.96,1,Two year,Bank transfer,No,0
CUST_003817,39,11,85.01,761.01,0,One year,Mailed check,Fiber optic,1
CUST_003818,43,25,60.06,1439.73,1,Two year,Bank transfer,DSL,0
CUST_003819,39,81,156.25,12688.78,4,Month-to-month,Credit card,Fiber optic,0
CUST_003820,27,17,69.04,1080.21,3,Two year,Mailed check,Fiber optic,0
CUST_003821,39,104,117.72,12446.15,0,Month-to-month,Electronic check,Fiber optic,1
CUST_003822,49,8,94.16,764.57,2,Month-to-month,Bank transfer,Fiber optic,1
CUST_003823,44,0,72.42,0.0,3,Month-to-month,Mailed check,No,1
CUST_003824,47,4,60.21,128.56,1,Two year,Mailed check,DSL,0
CUST_003825,34,12,33.66,496.72,0,Month-to-month,Bank transfer,No,0
CUST_003826,62,9,84.14,692.51,3,Month-to-month,Bank transfer,DSL,1
CUST_003827,27,2,107.76,253.51,1,Month-to-month,Bank transfer,No,0
CUST_003828,52,13,95.08,1120.84,1,Month-to-month,Electronic check,DSL,1
CUST_003829,62,9,62.65,570.87,3,One year,Bank transfer,Fiber optic,0
CUST_003830,52,3,34.27,39.23,0,Two year,Bank transfer,Fiber optic,0
CUST_003831,41,8,105.63,813.53,4,Month-to-month,Electronic check,No,1
CUST_003832,37,52,140.17,7209.46,1,Month-to-month,Electronic check,Fiber optic,1
CUST_003833,60,8,62.83,605.18,4,One year,Credit card,DSL,0
CUST_003834,23,30,107.86,3186.83,3,Month-to-month,Electronic check,Fiber optic,1
CUST_003835,30,22,72.08,1571.33,2,Two year,Electronic check,Fiber optic,0
CUST_003836,39,13,76.73,987.93,2,Month-to-month,Mailed check,DSL,0
CUST_003837,63,6,106.65,801.11,1,Two year,Electronic check,DSL,1
CUST_003838,50,11,33.84,461.3,0,Month-to-month,Bank transfer,DSL,0
CUST_003839,30,21,83.53,1833.27,1,Month-to-month,Electronic check,No,1
CUST_003840,40,10,46.46,306.83,1,One year,Mailed check,No,0
CUST_003841,35,5,56.48,216.76,3,Two year,Credit card,No,0
CUST_003842,34,2,85.44,289.75,0,Month-to-month,Mailed check,DSL,1
CUST_003843,59,50,47.72,2269.05,2,Month-to-month,Electronic check,Fiber optic,1
CUST_003844,24,13,85.88,1124.87,2,One year,Bank transfer,DSL,1
CUST_003845,69,23,59.84,1269.89,4,Month-to-month,Mailed check,Fiber optic,1
CUST_003846,57,16,94.95,1422.68,2,One year,Mailed check,No,0
CUST_003847,61,49,58.66,3042.33,0,Month-to-month,Credit card,Fiber optic,0
CUST_003848,38,19,103.08,2030.47,2,One year,Electronic check,No,1
CUST_003849,42,15,92.06,1479.27,2,Two year,Mailed check,DSL,0
CUST_003850,23,62,148.12,9262.07,4,Month-to-month,Electronic check,Fiber optic,1
CUST_003851,37,30,126.12,3769.78,2,Two year,Electronic check,Fiber optic,1
CUST_003852,52,2,49.33,29.5,1,Month-to-month,Mailed check,No,1
CUST_003853,64,4,24.73,58.72,4,One year,Credit card,Fiber optic,0
CUST_003854,28,37,104.04,3830.18,4,Month-to-month,Bank transfer,Fiber optic,0
CUST_003855,39,43,101.79,4554.54,2,Month-to-month,Electronic check,Fiber optic,0
CUST_003856,42,18,31.74,437.74,0,One year,Mailed check,No,0
CUST_003857,24,19,41.77,738.22,3,One year,Bank transfer,Fiber optic,1
CUST_003858,53,23,89.97,1978.02,2,Month-to-month,Electronic check,DSL,0
CUST_003859,34,13,117.68,1635.54,1,Month-to-month,Electronic check,No,1
CUST_003860,42,27,124.15,3537.43,2,Month-to-month,Electronic check,Fiber optic,0
CUST_003861,38,2,36.15,103.18,1,Month-to-month,Bank transfer,Fiber optic,1
CUST_003862,33,78,97.46,7640.78,3,Month-to-month,Electronic check,Fiber optic,0
CUST_003863,44,33,40.82,1356.2,1,One year,Mailed check,Fiber optic,0
CUST_003864,41,23,78.43,1847.57,1,Two year,Bank transfer,No,0
CUST_003865,39,9,99.81,975.59,4,One year,Bank transfer,Fiber optic,0
CUST_003866,34,4,101.0,446.55,0,Month-to-month,Bank transfer,DSL,1
CUST_003867,49,12,75.9,960.67,5,Two year,Electronic check,No,0
CUST_003868,69,26,42.59,1184.8,4,Month-to-month,Bank transfer,No,1
CUST_003869,47,24,70.14,1505.45,1,One year,Credit card,DSL,0
CUST_003870,59,11,118.71,1306.01,4,Month-to-month,Electronic check,No,1
CUST_003871,24,22,53.96,1217.67,0,One year,Credit card,Fiber optic,0
CUST_003872,47,40,71.98,2920.63,1,Month-to-month,Credit card,DSL,0
CUST_003873,28,0,94.68,0.0,1,Month-to-month,Credit card,No,1
CUST_003874,22,14,100.36,1421.09,2,One year,Electronic check,DSL,1
CUST_003875,33,34,128.22,4287.5,0,Two year,Credit card,Fiber optic,0
CUST_003876,62,18,67.81,1043.13,5,Month-to-month,Electronic check,No,1
CUST_003877,59,25,83.96,2197.31,4,Month-to-month,Electronic check,No,1
CUST_003878,48,17,75.24,1165.63,0,Month-to-month,Electronic check,DSL,1
CUST_003879,22,115,170.28,19565.6,1,Two year,Mailed check,Fiber optic,0
CUST_003880,42,1,97.43,22.52,0,Two year,Electronic check,DSL,0
CUST_003881,49,16,111.14,1937.01,1,Month-to-month,Mailed check,DSL,1
CUST_003882,47,2,34.31,60.66,3,Month-to-month,Bank transfer,No,1
CUST_003883,18,4,101.18,373.69,3,Month-to-month,Electronic check,No,1
CUST_003884,31,11,68.8,831.56,2,Month-to-month,Bank transfer,Fiber optic,1
CUST_003885,44,4,24.33,312.98,3,Month-to-month,Electronic check,No,1
CUST_003886,53,79,65.51,5215.77,2,Month-to-month,Electronic check,DSL,0
CUST_003887,18,70,122.79,8557.61,0,Month-to-month,Mailed check,No,0
CUST_003888,42,9,61.7,624.97,2,Month-to-month,Electronic check,Fiber optic,0
CUST_003889,47,24,118.81,2694.21,0,One year,Bank transfer,Fiber optic,0
CUST_003890,57,18,102.43,1848.33,2,Two year,Electronic check,DSL,1
CUST_003891,55,40,42.17,1886.12,2,Two year,Electronic check,DSL,0
CUST_003892,53,23,100.19,2320.12,1,One year,Mailed check,DSL,1
CUST_003893,33,0,39.24,10.78,3,Two year,Mailed check,DSL,0
CUST_003894,18,34,79.26,2696.84,1,Month-to-month,Electronic check,DSL,1
CUST_003895,39,32,98.47,3111.61,1,Month-to-month,Electronic check,Fiber optic,1
CUST_003896,60,17,115.77,1999.57,2,Month-to-month,Bank transfer,Fiber optic,1
CUST_003897,65,55,93.11,5198.57,0,Month-to-month,Bank transfer,DSL,0
CUST_003898,55,57,129.35,7339.71,1,One year,Electronic check,DSL,1
CUST_003899,51,17,106.8,1566.47,2,Month-to-month,Credit card,No,0
CUST_003900,50,22,72.45,1640.55,1,One year,Electronic check,DSL,0
CUST_003901,36,120,130.1,15825.07,1,One year,Mailed check,Fiber optic,0
CUST_003902,43,8,94.05,714.76,2,Two year,Mailed check,DSL,1
CUST_003903,70,9,27.61,101.42,4,One year,Electronic check,Fiber optic,0
CUST_003904,30,4,111.08,512.07,3,Month-to-month,Electronic check,DSL,1
CUST_003905,69,54,123.98,6869.39,1,One year,Mailed check,Fiber optic,1
CUST_003906,40,32,60.94,2003.07,1,One year,Electronic check,DSL,1
CUST_003907,64,2,119.12,410.71,4,One year,Electronic check,Fiber optic,0
CUST_003908,23,96,85.94,8329.51,1,Month-to-month,Bank transfer,Fiber optic,1
CUST_003909,53,31,126.91,4004.85,3,Month-to-month,Bank transfer,No,1
CUST_003910,33,45,74.95,3320.83,1,Month-to-month,Bank transfer,Fiber optic,1
CUST_003911,23,1,96.81,125.36,0,Month-to-month,Electronic check,DSL,1
CUST_003912,48,16,73.64,1175.26,4,Month-to-month,Bank transfer,Fiber optic,0
CUST_003913,60,28,107.65,3007.74,1,Month-to-month,Credit card,Fiber optic,0
CUST_003914,32,18,44.58,777.02,2,Two year,Mailed check,DSL,0
CUST_003915,22,26,59.95,1581.28,0,Month-to-month,Bank transfer,Fiber optic,0
CUST_003916,43,40,49.99,1869.8,3,One year,Credit card,DSL,1
CUST_003917,43,11,112.01,1313.33,3,One year,Credit card,Fiber optic,1
CUST_003918,53,45,72.13,3158.04,1,One year,Mailed check,DSL,0
CUST_003919,59,4,91.45,340.76,0,Month-to-month,Bank transfer,DSL,1
CUST_003920,44,7,105.52,771.71,0,One year,Electronic check,Fiber optic,0
CUST_003921,72,1,110.64,17.91,1,One year,Mailed check,Fiber optic,1
CUST_003922,48,10,35.63,159.65,4,Two year,Bank transfer,DSL,0
CUST_003923,39,11,114.8,1224.51,1,Month-to-month,Electronic check,No,0
CUST_003924,20,39,59.23,2166.68,4,One year,Mailed check,DSL,0
CUST_003925,41,25,106.19,2725.99,2,Two year,Electronic check,DSL,1
CUST_003926,39,13,99.38,1176.65,1,Month-to-month,Credit card,No,0
CUST_003927,59,25,33.35,982.27,1,One year,Credit card,Fiber optic,0
CUST_003928,51,1,42.56,41.98,5,Month-to-month,Mailed check,Fiber optic,1
CUST_003929,27,4,71.19,290.68,1,Month-to-month,Electronic check,Fiber optic,0
CUST_003930,47,23,73.5,1492.52,4,Two year,Bank transfer,No,0
CUST_003931,55,24,123.86,2987.06,1,Month-to-month,Electronic check,DSL,1
CUST_003932,67,35,73.47,2563.58,0,One year,Electronic check,Fiber optic,0
CUST_003933,58,12,119.7,1306.47,1,Month-to-month,Credit card,Fiber optic,0
CUST_003934,56,30,80.94,2437.01,5,Month-to-month,Electronic check,DSL,1
CUST_003935,45,27,129.94,3468.46,3,Two year,Mailed check,DSL,0
CUST_003936,50,79,133.24,10503.92,2,Month-to-month,Mailed check,DSL,0
CUST_003937,63,5,105.43,529.76,0,Month-to-month,Electronic check,DSL,0
CUST_003938,25,19,39.99,712.62,1,Month-to-month,Electronic check,Fiber optic,1
CUST_003939,39,22,89.61,1996.16,4,Month-to-month,Mailed check,Fiber optic,1
CUST_003940,33,120,94.27,11303.75,1,Month-to-month,Electronic check,Fiber optic,0
CUST_003941,50,5,52.26,308.59,2,One year,Electronic check,Fiber optic,0
CUST_003942,63,17,90.86,1491.69,1,One year,Mailed check,No,1
CUST_003943,36,10,97.62,869.73,0,Month-to-month,Electronic check,Fiber optic,0
CUST_003944,18,17,32.42,480.23,0,One year,Bank transfer,Fiber optic,1
CUST_003945,38,6,76.09,600.83,1,One year,Credit card,DSL,0
CUST_003946,58,1,77.03,172.63,0,Two year,Bank transfer,DSL,0
CUST_003947,53,20,37.88,878.99,6,Two year,Credit card,No,0
CUST_003948,51,9,74.57,799.39,2,Two year,Mailed check,No,0
CUST_003949,40,4,93.38,326.91,2,Month-to-month,Electronic check,No,1
CUST_003950,25,9,29.82,297.99,0,Month-to-month,Electronic check,No,1
CUST_003951,52,1,96.53,104.11,5,One year,Credit card,DSL,0
CUST_003952,32,72,113.64,8248.22,1,Month-to-month,Mailed check,Fiber optic,1
CUST_003953,77,20,113.32,2237.54,3,Two year,Bank transfer,No,0
CUST_003954,53,40,61.81,2481.55,3,Month-to-month,Bank transfer,Fiber optic,1
CUST_003955,36,13,109.83,1434.98,3,Month-to-month,Electronic check,No,0
CUST_003956,35,56,57.46,3270.77,3,Month-to-month,Credit card,Fiber optic,1
CUST_003957,43,15,67.88,1083.82,1,One year,Mailed check,Fiber optic,0
CUST_003958,41,20,49.95,1008.34,3,One year,Electronic check,No,1
CUST_003959,61,16,115.6,1862.03,1,Two year,Credit card,Fiber optic,0
CUST_003960,47,31,105.99,3308.34,1,Month-to-month,Bank transfer,No,0
CUST_003961,34,20,32.54,815.38,2,One year,Bank transfer,DSL,1
CUST_003962,73,7,24.45,0.0,5,One year,Credit card,Fiber optic,0
CUST_003963,45,3,50.62,54.91,1,Two year,Bank transfer,DSL,0
CUST_003964,56,22,45.33,1064.59,0,Month-to-month,Electronic check,DSL,1
CUST_003965,35,16,91.03,1483.47,1,Month-to-month,Credit card,DSL,1
CUST_003966,50,2,87.38,201.03,1,Month-to-month,Mailed check,DSL,0
CUST_003967,49,12,120.2,1509.09,6,One year,Electronic check,Fiber optic,0
CUST_003968,18,17,123.7,2124.37,2,Month-to-month,Bank transfer,Fiber optic,1
CUST_003969,75,42,106.89,4433.44,2,Month-to-month,Electronic check,No,1
CUST_003970,64,1,21.07,83.95,0,Two year,Bank transfer,DSL,0
CUST_003971,39,10,60.9,611.09,4,Month-to-month,Electronic check,Fiber optic,0
CUST_003972,28,41,91.81,3719.62,4,Two year,Electronic check,DSL,0
CUST_003973,50,25,82.42,2129.49,4,Month-to-month,Mailed check,No,1
CUST_003974,46,8,84.33,739.78,3,One year,Mailed check,Fiber optic,0
CUST_003975,50,44,138.06,6095.9,4,One year,Bank transfer,No,0
CUST_003976,47,16,116.52,2036.02,1,Month-to-month,Mailed check,DSL,0
CUST_003977,52,16,38.89,754.94,3,Month-to-month,Bank transfer,DSL,1
CUST_003978,66,90,91.6,8344.01,4,One year,Electronic check,DSL,0
CUST_003979,53,70,138.31,9938.4,1,One year,Credit card,DSL,0
CUST_003980,29,10,107.43,1059.66,1,Two year,Credit card,No,0
CUST_003981,65,3,49.04,100.63,2,Month-to-month,Electronic check,DSL,1
CUST_003982,69,9,97.56,964.07,2,One year,Mailed check,DSL,0
CUST_003983,80,0,87.2,0.0,2,Month-to-month,Mailed check,Fiber optic,1
CUST_003984,28,0,67.35,1.19,1,One year,Credit card,Fiber optic,0
CUST_003985,48,12,46.15,455.15,2,One year,Credit card,DSL,0
CUST_003986,18,67,142.36,9599.08,1,Month-to-month,Electronic check,Fiber optic,1
CUST_003987,53,49,112.29,5354.87,2,Month-to-month,Credit card,Fiber optic,0
CUST_003988,36,17,45.4,762.14,2,Month-to-month,Electronic check,No,1
CUST_003989,73,19,99.98,1898.09,2,One year,Mailed check,DSL,0
CUST_003990,33,0,94.14,0.0,4,One year,Electronic check,Fiber optic,0
CUST_003991,19,5,111.19,380.22,3,Month-to-month,Mailed check,Fiber optic,1
CUST_003992,37,0,42.28,0.0,1,Two year,Bank transfer,No,0
CUST_003993,18,33,135.38,4392.77,4,Two year,Mailed check,DSL,1
CUST_003994,56,3,36.84,164.42,0,One year,Electronic check,DSL,0
CUST_003995,18,48,104.07,5024.2,1,One year,Credit card,Fiber optic,0
CUST_003996,45,24,97.72,2343.58,2,Month-to-month,Electronic check,Fiber optic,1
CUST_003997,18,6,64.9,300.91,2,Month-to-month,Electronic check,Fiber optic,1
CUST_003998,40,4,69.5,312.13,4,One year,Bank transfer,Fiber optic,0
CUST_003999,69,23,120.59,2593.69,1,Month-to-month,Credit card,DSL,1
CUST_004000,50,55,112.03,5921.85,1,Month-to-month,Bank transfer,Fiber optic,1
CUST_004001,32,30,84.7,2516.7,1,One year,Mailed check,DSL,0
CUST_004002,44,10,37.83,323.74,3,Month-to-month,Bank transfer,Fiber optic,0
CUST_004003,45,21,31.23,757.23,6,Month-to-month,Bank transfer,Fiber optic,0
CUST_004004,52,8,36.5,307.77,3,Month-to-month,Mailed check,No,0
CUST_004005,24,120,175.62,21239.29,2,One year,Bank transfer,DSL,0
CUST_004006,53,33,112.91,3671.16,3,One year,Mailed check,DSL,1
CUST_004007,18,22,127.71,2858.33,2,Month-to-month,Electronic check,Fiber optic,1
CUST_004008,35,13,30.07,365.69,1,Month-to-month,Electronic check,DSL,1
CUST_004009,37,23,99.52,2427.18,2,Month-to-month,Bank transfer,Fiber optic,1
CUST_004010,54,10,29.43,273.89,0,Month-to-month,Electronic check,DSL,1
CUST_004011,45,0,98.21,85.44,2,Month-to-month,Mailed check,Fiber optic,0
CUST_004012,23,12,64.1,661.38,1,Month-to-month,Mailed check,Fiber optic,1
CUST_004013,30,63,61.08,3806.3,1,Month-to-month,Bank transfer,Fiber optic,1
CUST_004014,47,23,88.3,2022.6,1,Two year,Electronic check,DSL,0
CUST_004015,43,2,49.01,224.37,1,Two year,Mailed check,DSL,0
CUST_004016,36,51,111.46,5464.61,0,One year,Mailed check,Fiber optic,0
CUST_004017,37,7,89.32,591.96,2,Month-to-month,Bank transfer,No,0
CUST_004018,55,6,93.5,524.36,2,One year,Mailed check,Fiber optic,0
CUST_004019,37,8,123.25,778.27,3,One year,Electronic check,DSL,0
CUST_004020,43,20,68.67,1326.99,3,Month-to-month,Mailed check,Fiber optic,0
CUST_004021,77,18,75.53,1205.5,3,Month-to-month,Electronic check,Fiber optic,1
CUST_004022,23,16,108.46,1502.31,3,Month-to-month,Bank transfer,DSL,1
CUST_004023,18,30,92.84,2758.88,3,Month-to-month,Credit card,Fiber optic,0
CUST_004024,56,9,28.23,224.42,3,One year,Mailed check,DSL,1
CUST_004025,34,36,122.31,4378.59,3,Month-to-month,Electronic check,DSL,1
CUST_004026,40,4,27.15,133.89,4,Month-to-month,Mailed check,DSL,1
CUST_004027,33,36,55.08,1895.01,0,One year,Credit card,Fiber optic,0
CUST_004028,41,26,43.21,1302.49,0,Month-to-month,Bank transfer,No,1
CUST_004029,68,27,41.29,1111.57,1,Month-to-month,Bank transfer,DSL,1
CUST_004030,57,15,30.07,579.67,1,Two year,Mailed check,Fiber optic,0
CUST_004031,57,26,38.5,833.08,3,Month-to-month,Mailed check,DSL,0
CUST_004032,23,1,64.74,0.0,2,Month-to-month,Electronic check,No,1
CUST_004033,27,45,67.79,3118.97,5,Month-to-month,Credit card,Fiber optic,1
CUST_004034,18,1,33.15,10.5,3,Month-to-month,Electronic check,DSL,1
CUST_004035,32,3,87.37,154.79,1,One year,Electronic check,No,1
CUST_004036,59,20,52.61,868.36,0,Month-to-month,Bank transfer,DSL,1
CUST_004037,52,32,37.89,1285.96,2,One year,Mailed check,DSL,0
CUST_004038,41,1,62.34,127.5,0,Month-to-month,Mailed check,DSL,0
CUST_004039,44,60,81.04,4886.93,6,Two year,Bank transfer,Fiber optic,0
CUST_004040,34,87,95.36,8246.77,5,Two year,Mailed check,DSL,1
CUST_004041,48,22,75.53,1550.29,3,Month-to-month,Mailed check,Fiber optic,1
CUST_004042,56,15,94.39,1410.57,2,Month-to-month,Electronic check,No,1
CUST_004043,20,32,97.65,2993.2,4,One year,Mailed check,No,0
CUST_004044,49,9,118.23,988.88,4,Month-to-month,Mailed check,No,1
CUST_004045,58,16,79.77,1402.47,0,Month-to-month,Credit card,Fiber optic,1
CUST_004046,38,59,96.76,5523.58,1,Month-to-month,Mailed check,DSL,0
CUST_004047,55,74,78.34,5865.02,2,Month-to-month,Bank transfer,DSL,1
CUST_004048,80,62,126.54,7994.78,1,Month-to-month,Bank transfer,DSL,1
CUST_004049,43,7,37.58,344.67,1,One year,Mailed check,DSL,0
CUST_004050,50,6,72.11,472.5,2,Month-to-month,Electronic check,No,1
CUST_004051,33,8,66.13,482.7,3,Month-to-month,Credit card,Fiber optic,1
CUST_004052,47,13,92.33,1135.7,1,Month-to-month,Credit card,No,0
CUST_004053,51,9,116.26,821.55,2,One year,Credit card,DSL,1
CUST_004054,47,11,120.16,1325.46,1,Two year,Electronic check,DSL,0
CUST_004055,29,23,48.28,1070.21,4,One year,Electronic check,No,0
CUST_004056,48,34,63.18,2078.38,1,Two year,Credit card,Fiber optic,0
CUST_004057,66,31,116.66,3614.56,2,Month-to-month,Electronic check,Fiber optic,1
CUST_004058,51,40,91.83,3679.36,1,Month-to-month,Bank transfer,DSL,0
CUST_004059,59,0,65.3,0.0,0,Two year,Electronic check,DSL,0
CUST_004060,41,1,91.56,252.87,1,Month-to-month,Bank transfer,DSL,1
CUST_004061,56,37,98.69,3724.68,0,Two year,Bank transfer,No,0
CUST_004062,49,18,126.07,2358.91,1,One year,Mailed check,DSL,0
CUST_004063,30,20,88.4,1757.62,4,Two year,Electronic check,Fiber optic,0
CUST_004064,49,1,67.1,118.22,0,Month-to-month,Bank transfer,No,1
CUST_004065,30,7,77.78,454.9,2,Month-to-month,Electronic check,Fiber optic,0
CUST_004066,35,24,112.85,2775.12,3,Month-to-month,Electronic check,Fiber optic,1
CUST_004067,47,47,104.77,4903.63,2,Month-to-month,Credit card,No,0
CUST_004068,49,59,114.2,6635.89,1,Two year,Bank transfer,Fiber optic,0
CUST_004069,27,16,125.14,2000.03,2,Month-to-month,Mailed check,Fiber optic,1
CUST_004070,60,18,90.84,1605.91,3,One year,Bank transfer,DSL,1
CUST_004071,53,42,79.03,3551.5,1,One year,Credit card,Fiber optic,0
CUST_004072,34,18,98.13,1809.93,2,Month-to-month,Electronic check,DSL,1
CUST_004073,21,17,94.45,1763.55,4,Two year,Electronic check,Fiber optic,0
CUST_004074,42,56,49.38,2878.68,1,Two year,Bank transfer,DSL,0
CUST_004075,38,37,85.23,3157.4,0,One year,Electronic check,DSL,0
CUST_004076,46,57,122.79,6954.68,7,Two year,Electronic check,DSL,0
CUST_004077,39,5,72.4,188.0,2,Month-to-month,Mailed check,DSL,0
CUST_004078,18,17,106.46,1722.76,1,Month-to-month,Bank transfer,Fiber optic,1
CUST_004079,39,44,87.09,3898.16,1,Month-to-month,Electronic check,No,1
CUST_004080,40,2,119.33,208.45,2,Two year,Mailed check,Fiber optic,1
CUST_004081,54,37,67.79,2545.78,3,One year,Mailed check,DSL,0
CUST_004082,34,4,31.21,0.0,4,Two year,Electronic check,DSL,1
CUST_004083,70,39,82.5,3262.9,3,Month-to-month,Mailed check,DSL,1
CUST_004084,18,22,85.17,1983.41,2,Month-to-month,Credit card,DSL,0
CUST_004085,64,5,57.41,109.47,6,One year,Bank transfer,No,0
CUST_004086,41,15,51.73,813.08,4,Month-to-month,Mailed check,Fiber optic,0
CUST_004087,57,27,100.71,2853.41,1,Two year,Electronic check,DSL,1
CUST_004088,46,24,69.71,1841.11,3,Month-to-month,Electronic check,Fiber optic,1
CUST_004089,62,13,89.64,1114.93,1,One year,Electronic check,DSL,1
CUST_004090,39,55,125.41,6975.39,1,One year,Bank transfer,DSL,1
CUST_004091,28,17,104.6,1921.18,3,One year,Bank transfer,Fiber optic,0
CUST_004092,66,16,65.53,1088.63,2,One year,Bank transfer,Fiber optic,1
CUST_004093,43,1,77.29,205.8,1,Month-to-month,Electronic check,No,1
CUST_004094,48,61,95.47,5819.83,2,Two year,Electronic check,Fiber optic,0
CUST_004095,63,4,109.08,475.75,6,Month-to-month,Bank transfer,DSL,0
CUST_004096,29,18,116.88,2041.6,1,Month-to-month,Credit card,Fiber optic,1
CUST_004097,53,39,73.87,2864.63,3,One year,Mailed check,Fiber optic,0
CUST_004098,36,5,31.67,201.74,1,One year,Bank transfer,Fiber optic,0
CUST_004099,43,17,45.26,699.73,2,Two year,Bank transfer,DSL,0
CUST_004100,46,6,59.7,335.84,0,Two year,Credit card,DSL,0
CUST_004101,22,34,93.42,3252.54,1,Month-to-month,Electronic check,Fiber optic,1
CUST_004102,33,19,95.18,2013.65,2,Month-to-month,Credit card,Fiber optic,1
CUST_004103,65,46,76.14,3297.36,2,Month-to-month,Credit card,DSL,0
CUST_004104,58,53,113.25,6199.9,2,Month-to-month,Credit card,Fiber optic,1
CUST_004105,44,25,126.27,3130.86,1,Month-to-month,Credit card,Fiber optic,0
CUST_004106,48,31,100.7,3218.23,2,One year,Bank transfer,No,0
CUST_004107,40,19,45.36,977.88,2,Two year,Electronic check,DSL,1
CUST_004108,65,11,83.47,1074.59,2,Two year,Bank transfer,DSL,0
CUST_004109,41,25,86.69,2094.44,0,Month-to-month,Electronic check,No,1
CUST_004110,48,57,135.57,7704.96,3,One year,Bank transfer,DSL,1
CUST_004111,62,12,61.03,727.0,2,One year,Mailed check,DSL,0
CUST_004112,33,9,66.79,565.41,2,One year,Electronic check,DSL,1
CUST_004113,68,11,85.37,1070.9,3,Month-to-month,Mailed check,No,0
CUST_004114,22,13,78.94,1018.57,1,Month-to-month,Bank transfer,DSL,0
CUST_004115,69,1,92.4,0.0,1,Two year,Electronic check,DSL,0
CUST_004116,39,16,32.04,449.32,2,One year,Electronic check,Fiber optic,1
CUST_004117,41,16,84.35,1191.79,3,One year,Mailed check,DSL,1
CUST_004118,18,21,42.67,873.18,1,Two year,Electronic check,Fiber optic,0
CUST_004119,38,10,56.52,632.46,3,Month-to-month,Credit card,Fiber optic,0
CUST_004120,29,22,97.16,2072.13,3,Month-to-month,Bank transfer,DSL,0
CUST_004121,35,50,60.74,2996.77,1,Month-to-month,Bank transfer,DSL,1
CUST_004122,42,74,87.88,6475.95,1,One year,Electronic check,Fiber optic,0
CUST_004123,59,21,100.8,2130.89,2,Month-to-month,Mailed check,Fiber optic,0
CUST_004124,48,1,85.58,137.19,0,One year,Bank transfer,No,0
CUST_004125,49,83,70.6,5940.85,3,Month-to-month,Mailed check,DSL,0
CUST_004126,28,29,92.23,2900.13,1,Month-to-month,Credit card,Fiber optic,0
CUST_004127,31,9,39.23,365.38,3,Two year,Bank transfer,DSL,0
CUST_004128,71,3,46.73,213.76,2,Month-to-month,Mailed check,Fiber optic,0
CUST_004129,33,3,67.42,43.51,1,Month-to-month,Bank transfer,Fiber optic,0
CUST_004130,69,4,32.93,93.82,4,Two year,Mailed check,Fiber optic,0
CUST_004131,41,1,119.86,92.82,2,One year,Credit card,DSL,1
CUST_004132,45,55,64.04,3420.3,2,Month-to-month,Bank transfer,DSL,1
CUST_004133,61,18,107.13,1874.76,2,Month-to-month,Mailed check,Fiber optic,0
CUST_004134,64,28,116.98,3264.8,2,Month-to-month,Mailed check,Fiber optic,0
CUST_004135,43,42,140.45,5848.28,3,One year,Mailed check,DSL,1
CUST_004136,39,37,81.37,3270.7,4,Month-to-month,Electronic check,DSL,1
CUST_004137,44,51,132.91,6829.61,2,Two year,Electronic check,No,0
CUST_004138,50,82,156.75,13053.93,2,One year,Electronic check,DSL,0
CUST_004139,58,13,43.79,718.53,4,Month-to-month,Electronic check,Fiber optic,1
CUST_004140,45,72,103.94,7420.02,2,One year,Bank transfer,DSL,0
CUST_004141,54,30,41.0,1233.79,1,Month-to-month,Electronic check,Fiber optic,0
CUST_004142,69,1,82.57,39.09,1,Month-to-month,Credit card,No,0
CUST_004143,50,27,91.64,2458.11,1,One year,Electronic check,No,1
CUST_004144,49,27,53.91,1358.0,2,Month-to-month,Electronic check,DSL,0
CUST_004145,22,56,127.79,7112.1,0,One year,Credit card,No,0
CUST_004146,18,11,29.23,357.45,0,Two year,Credit card,Fiber optic,0
CUST_004147,50,21,111.12,2366.89,2,Two year,Electronic check,DSL,0
CUST_004148,43,0,22.66,25.34,4,One year,Electronic check,No,0
CUST_004149,37,9,90.18,805.68,4,Two year,Electronic check,Fiber optic,1
CUST_004150,48,1,28.38,114.45,1,Month-to-month,Mailed check,Fiber optic,0
CUST_004151,44,17,53.62,885.88,2,One year,Electronic check,Fiber optic,0
CUST_004152,61,40,112.19,4626.81,1,Month-to-month,Electronic check,No,1
CUST_004153,46,5,50.54,67.94,2,Month-to-month,Bank transfer,Fiber optic,0
CUST_004154,33,17,79.62,1419.18,2,One year,Credit card,No,0
CUST_004155,59,5,114.02,618.96,5,Month-to-month,Credit card,Fiber optic,1
CUST_004156,41,3,26.46,11.93,0,Month-to-month,Mailed check,DSL,1
CUST_004157,52,17,109.61,1827.81,3,Month-to-month,Electronic check,DSL,1
CUST_004158,37,1,27.03,73.51,6,Month-to-month,Mailed check,DSL,1
CUST_004159,35,21,43.18,998.36,2,Month-to-month,Credit card,DSL,1
CUST_004160,46,0,31.93,0.0,2,Month-to-month,Electronic check,Fiber optic,1
CUST_004161,45,2,120.41,303.65,3,Month-to-month,Credit card,DSL,0
CUST_004162,52,19,47.52,857.09,0,Two year,Electronic check,DSL,0
CUST_004163,40,21,120.18,2636.23,1,Month-to-month,Electronic check,DSL,0
CUST_004164,18,0,119.09,0.0,1,Month-to-month,Mailed check,Fiber optic,1
CUST_004165,38,20,68.38,1612.1,1,Month-to-month,Credit card,DSL,1
CUST_004166,56,43,104.6,4409.39,3,Month-to-month,Electronic check,DSL,1
CUST_004167,40,30,112.91,3530.27,2,Month-to-month,Electronic check,DSL,0
CUST_004168,41,3,60.76,175.38,3,One year,Bank transfer,DSL,0
CUST_004169,59,21,46.68,898.44,1,Two year,Credit card,No,0
CUST_004170,34,26,76.38,2012.29,1,One year,Electronic check,No,0
CUST_004171,21,0,97.19,102.91,5,Two year,Mailed check,DSL,0
CUST_004172,42,46,121.08,5414.24,2,One year,Credit card,DSL,1
CUST_004173,37,56,71.05,4049.18,2,Month-to-month,Credit card,DSL,0
CUST_004174,30,45,60.0,2698.63,2,One year,Credit card,DSL,0
CUST_004175,42,41,132.56,5492.5,3,One year,Credit card,No,1
CUST_004176,52,32,40.4,1293.89,5,Month-to-month,Electronic check,Fiber optic,1
CUST_004177,44,24,105.47,2474.19,3,Two year,Electronic check,DSL,1
CUST_004178,49,27,38.14,918.53,0,Two year,Credit card,Fiber optic,0
CUST_004179,72,39,123.29,4875.57,2,One year,Bank transfer,No,0
CUST_004180,39,26,123.54,3278.81,1,Month-to-month,Mailed check,DSL,0
CUST_004181,49,9,54.24,554.4,3,Month-to-month,Bank transfer,No,0
CUST_004182,37,11,32.89,404.59,2,One year,Electronic check,Fiber optic,0
CUST_004183,32,54,95.07,5228.17,0,Month-to-month,Mailed check,DSL,0
CUST_004184,36,0,49.85,140.61,2,Month-to-month,Electronic check,Fiber optic,1
CUST_004185,37,28,75.71,1932.34,1,Month-to-month,Mailed check,DSL,1
CUST_004186,50,74,123.5,8904.71,2,One year,Credit card,DSL,0
CUST_004187,80,29,55.48,1780.79,0,One year,Bank transfer,Fiber optic,0
CUST_004188,34,120,115.7,13749.31,1,One year,Bank transfer,No,1
CUST_004189,38,27,111.76,2908.79,1,Month-to-month,Electronic check,Fiber optic,1
CUST_004190,44,0,84.38,0.0,1,Two year,Electronic check,DSL,0
CUST_004191,50,42,73.63,2926.96,0,One year,Bank transfer,Fiber optic,0
CUST_004192,48,8,90.43,685.28,3,One year,Mailed check,DSL,0
CUST_004193,64,14,103.53,1354.63,2,One year,Electronic check,Fiber optic,0
CUST_004194,18,8,83.25,642.65,2,One year,Credit card,DSL,0
CUST_004195,18,7,47.45,360.13,3,Two year,Mailed check,Fiber optic,0
CUST_004196,37,13,26.52,310.47,2,One year,Mailed check,DSL,0
CUST_004197,61,11,105.78,1124.23,3,Month-to-month,Electronic check,DSL,1
CUST_004198,21,24,114.26,2768.12,1,One year,Credit card,Fiber optic,0
CUST_004199,18,40,109.76,4494.85,1,Month-to-month,Credit card,Fiber optic,0
CUST_004200,53,8,31.66,413.56,2,Month-to-month,Bank transfer,DSL,1
CUST_004201,48,5,81.02,383.26,3,Month-to-month,Electronic check,Fiber optic,0
CUST_004202,28,26,115.1,3175.14,0,Month-to-month,Electronic check,DSL,1
CUST_004203,30,26,71.97,1958.81,2,Month-to-month,Mailed check,DSL,0
CUST_004204,30,55,67.3,3578.3,1,Month-to-month,Electronic check,DSL,1
CUST_004205,46,0,78.76,0.0,1,One year,Electronic check,DSL,0
CUST_004206,35,46,125.63,5721.28,1,One year,Electronic check,Fiber optic,1
CUST_004207,52,17,33.39,712.04,3,Month-to-month,Electronic check,No,1
CUST_004208,18,23,91.2,2047.35,1,Month-to-month,Credit card,No,1
CUST_004209,32,2,85.32,0.0,1,Month-to-month,Bank transfer,DSL,1
CUST_004210,28,13,86.74,1104.69,1,Two year,Electronic check,No,1
CUST_004211,41,6,88.0,329.96,2,Month-to-month,Bank transfer,DSL,1
CUST_004212,36,7,86.64,500.96,0,Month-to-month,Electronic check,Fiber optic,1
CUST_004213,56,16,41.04,597.94,2,Month-to-month,Credit card,DSL,1
CUST_004214,18,40,63.49,2554.71,5,Two year,Mailed check,Fiber optic,0
CUST_004215,45,32,97.9,3235.2,1,Month-to-month,Mailed check,Fiber optic,1
CUST_004216,53,21,32.27,747.07,2,Month-to-month,Electronic check,Fiber optic,1
CUST_004217,72,18,92.47,1546.61,4,Month-to-month,Mailed check,Fiber optic,0
CUST_004218,37,13,93.04,1172.33,0,Two year,Mailed check,No,1
CUST_004219,49,86,86.92,7482.54,4,Month-to-month,Bank transfer,Fiber optic,0
CUST_004220,18,19,89.31,1670.73,2,One year,Electronic check,No,1
CUST_004221,18,7,76.91,511.43,2,One year,Electronic check,Fiber optic,1
CUST_004222,57,6,49.07,122.14,0,Month-to-month,Mailed check,DSL,1
CUST_004223,44,22,77.3,1585.27,1,Two year,Electronic check,Fiber optic,0
CUST_004224,62,17,119.46,1990.57,3,Month-to-month,Electronic check,Fiber optic,1
CUST_004225,24,0,62.66,0.0,3,Two year,Electronic check,Fiber optic,0
CUST_004226,52,42,103.98,4431.41,2,One year,Bank transfer,Fiber optic,0
CUST_004227,73,29,38.04,965.75,0,Two year,Bank transfer,No,0
CUST_004228,51,26,40.78,1128.96,4,Month-to-month,Credit card,Fiber optic,1
CUST_004229,49,1,28.63,88.52,1,Month-to-month,Electronic check,Fiber optic,1
CUST_004230,45,10,102.82,973.87,4,Month-to-month,Credit card,Fiber optic,0
CUST_004231,21,65,87.53,5789.22,2,One year,Credit card,DSL,0
CUST_004232,65,47,66.26,3188.59,0,Month-to-month,Mailed check,Fiber optic,1
CUST_004233,35,8,98.73,758.96,2,Two year,Bank transfer,DSL,0
CUST_004234,52,4,39.0,113.81,3,One year,Mailed check,Fiber optic,1
CUST_004235,21,14,51.65,832.81,0,Two year,Electronic check,DSL,0
CUST_004236,27,10,68.09,704.13,3,One year,Electronic check,No,1
CUST_004237,66,27,66.64,1903.85,2,One year,Electronic check,Fiber optic,1
CUST_004238,39,81,119.04,9403.28,2,Month-to-month,Bank transfer,DSL,0
CUST_004239,66,10,58.78,597.69,1,Two year,Mailed check,DSL,0
CUST_004240,43,1,59.8,0.0,5,One year,Electronic check,Fiber optic,0
CUST_004241,18,54,133.29,7195.01,2,Month-to-month,Mailed check,Fiber optic,1
CUST_004242,58,0,108.45,71.38,0,Two year,Electronic check,Fiber optic,0
CUST_004243,36,73,139.27,10340.71,4,Two year,Electronic check,Fiber optic,0
CUST_004244,55,26,119.48,3012.74,2,Month-to-month,Bank transfer,DSL,1
CUST_004245,45,68,110.97,7493.58,6,Two year,Credit card,DSL,0
CUST_004246,21,5,87.12,426.06,2,Month-to-month,Electronic check,DSL,0
CUST_004247,47,0,75.72,0.0,2,Month-to-month,Mailed check,DSL,1
CUST_004248,77,16,106.56,1802.8,4,Month-to-month,Mailed check,DSL,0
CUST_004249,52,14,82.1,1142.39,0,Two year,Mailed check,Fiber optic,0
CUST_004250,44,9,35.61,332.66,2,One year,Mailed check,Fiber optic,0
CUST_004251,61,75,138.46,10446.37,1,Two year,Mailed check,No,0
CUST_004252,48,41,116.56,4771.73,1,One year,Bank transfer,DSL,0
CUST_004253,48,26,115.03,2909.03,1,Two year,Electronic check,Fiber optic,1
CUST_004254,28,4,41.04,157.87,4,Two year,Credit card,No,0
CUST_004255,48,31,62.66,1856.89,3,Two year,Electronic check,DSL,0
CUST_004256,60,31,65.08,2028.13,1,Month-to-month,Electronic check,No,0
CUST_004257,32,13,77.31,1104.7,1,Month-to-month,Credit card,DSL,1
CUST_004258,66,62,64.39,3874.54,3,One year,Electronic check,No,1
CUST_004259,43,4,60.54,88.92,2,Month-to-month,Mailed check,Fiber optic,1
CUST_004260,31,7,41.72,296.94,1,Two year,Electronic check,Fiber optic,1
CUST_004261,59,1,46.98,0.0,1,Two year,Electronic check,DSL,0
CUST_004262,40,38,109.64,4169.45,3,Month-to-month,Credit card,No,0
CUST_004263,56,23,116.98,2722.61,2,Month-to-month,Mailed check,Fiber optic,0
CUST_004264,40,9,26.79,26.75,2,One year,Bank transfer,DSL,0
CUST_004265,44,4,78.59,383.34,1,One year,Credit card,Fiber optic,0
CUST_004266,52,0,23.61,0.0,5,One year,Mailed check,No,1
CUST_004267,49,4,30.52,119.86,4,Month-to-month,Bank transfer,No,1
CUST_004268,18,14,97.51,1299.18,1,Month-to-month,Bank transfer,Fiber optic,1
CUST_004269,28,6,96.56,524.17,2,One year,Mailed check,Fiber optic,1
CUST_004270,58,7,104.9,903.68,3,One year,Bank transfer,Fiber optic,0
CUST_004271,43,50,92.42,4653.13,6,Month-to-month,Electronic check,DSL,1
CUST_004272,37,17,114.48,2036.64,2,Month-to-month,Electronic check,DSL,0
CUST_004273,24,31,52.18,1632.79,2,Month-to-month,Credit card,Fiber optic,1
CUST_004274,28,0,44.97,62.0,4,Month-to-month,Electronic check,No,1
CUST_004275,18,10,38.45,426.24,2,Two year,Mailed check,No,1
CUST_004276,43,15,107.25,1634.25,2,Month-to-month,Electronic check,DSL,1
CUST_004277,36,4,44.87,290.19,4,Two year,Credit card,DSL,0
CUST_004278,30,3,37.05,126.8,1,Month-to-month,Electronic check,DSL,1
CUST_004279,43,49,106.81,5462.26,3,One year,Bank transfer,Fiber optic,0
CUST_004280,50,67,61.21,4197.0,1,One year,Bank transfer,DSL,0
CUST_004281,76,1,24.99,0.0,0,One year,Electronic check,Fiber optic,0
CUST_004282,22,10,35.67,339.06,1,Month-to-month,Bank transfer,Fiber optic,0
CUST_004283,62,76,58.02,4449.54,4,Month-to-month,Credit card,No,1
CUST_004284,59,2,90.7,185.85,5,One year,Mailed check,No,0
CUST_004285,33,24,88.22,2186.05,2,One year,Electronic check,DSL,0
CUST_004286,48,86,83.99,7302.63,3,Month-to-month,Mailed check,DSL,0
CUST_004287,38,91,88.8,7944.89,1,Month-to-month,Electronic check,DSL,1
CUST_004288,47,15,108.6,1757.06,1,Two year,Credit card,Fiber optic,0
CUST_004289,67,4,72.18,239.05,1,Two year,Mailed check,Fiber optic,0
CUST_004290,54,5,92.35,402.17,1,Month-to-month,Mailed check,DSL,0
CUST_004291,52,52,91.28,4686.42,0,Two year,Mailed check,DSL,0
CUST_004292,38,58,72.77,4301.62,2,One year,Electronic check,DSL,0
CUST_004293,22,22,128.04,2790.18,2,Month-to-month,Electronic check,DSL,1
CUST_004294,41,34,93.56,3114.85,2,Month-to-month,Mailed check,Fiber optic,0
CUST_004295,63,32,49.1,1528.75,1,One year,Mailed check,DSL,0
CUST_004296,22,26,73.61,1734.36,2,Two year,Credit card,No,0
CUST_004297,29,42,73.93,3021.0,0,Month-to-month,Electronic check,Fiber optic,0
CUST_004298,46,27,54.91,1358.58,2,One year,Mailed check,Fiber optic,1
CUST_004299,30,18,122.34,2175.28,2,Two year,Credit card,Fiber optic,0
CUST_004300,33,6,111.09,732.97,2,Two year,Electronic check,Fiber optic,0
CUST_004301,38,32,55.91,1844.66,2,Month-to-month,Bank transfer,Fiber optic,0
CUST_004302,24,15,62.71,1066.4,2,One year,Electronic check,DSL,1
CUST_004303,30,8,100.23,905.25,1,Month-to-month,Credit card,DSL,0
CUST_004304,55,38,59.85,2221.46,0,One year,Electronic check,Fiber optic,1
CUST_004305,25,28,93.16,2610.29,0,One year,Bank transfer,DSL,0
CUST_004306,21,66,122.98,8113.38,1,One year,Credit card,DSL,1
CUST_004307,35,4,87.4,134.48,1,Month-to-month,Bank transfer,Fiber optic,0
CUST_004308,55,25,103.14,2456.8,2,One year,Mailed check,Fiber optic,0
CUST_004309,42,6,93.67,545.29,2,Month-to-month,Credit card,Fiber optic,1
CUST_004310,38,56,144.48,8073.62,3,Month-to-month,Bank transfer,No,0
CUST_004311,45,2,55.65,162.53,1,One year,Bank transfer,DSL,0
CUST_004312,18,25,120.36,3055.34,2,Two year,Electronic check,Fiber optic,1
CUST_004313,52,37,40.68,1328.12,1,One year,Mailed check,DSL,0
CUST_004314,50,10,53.82,590.06,4,Month-to-month,Mailed check,Fiber optic,0
CUST_004315,38,73,61.37,4497.55,1,Two year,Electronic check,DSL,0
CUST_004316,60,45,107.62,4905.26,0,Month-to-month,Credit card,No,0
CUST_004317,28,8,34.08,379.32,0,Month-to-month,Electronic check,DSL,0
CUST_004318,61,0,104.57,0.0,2,One year,Bank transfer,Fiber optic,0
CUST_004319,47,8,88.66,833.83,1,Month-to-month,Electronic check,Fiber optic,1
CUST_004320,39,7,26.38,95.73,2,One year,Electronic check,Fiber optic,0
CUST_004321,44,52,117.48,6014.27,2,One year,Bank transfer,DSL,1
CUST_004322,43,81,146.7,11925.86,1,One year,Mailed check,DSL,0
CUST_004323,63,1,86.61,49.74,3,Month-to-month,Electronic check,Fiber optic,1
CUST_004324,28,15,30.55,484.45,0,Month-to-month,Mailed check,Fiber optic,1
CUST_004325,33,19,115.29,2389.85,1,Two year,Electronic check,DSL,1
CUST_004326,60,2,94.25,227.84,1,Month-to-month,Credit card,Fiber optic,1
CUST_004327,36,11,63.35,718.01,4,Month-to-month,Bank transfer,Fiber optic,0
CUST_004328,58,9,57.36,429.35,3,Month-to-month,Bank transfer,Fiber optic,0
CUST_004329,70,18,76.98,1215.68,0,Month-to-month,Credit card,DSL,0
CUST_004330,38,25,119.21,2973.0,3,Month-to-month,Bank transfer,Fiber optic,1
CUST_004331,55,29,59.71,1838.16,2,Month-to-month,Electronic check,Fiber optic,0
CUST_004332,27,3,31.6,62.5,1,Two year,Credit card,DSL,0
CUST_004333,56,40,126.46,5098.69,0,Two year,Electronic check,Fiber optic,0
CUST_004334,47,27,36.13,1118.13,5,One year,Electronic check,DSL,1
CUST_004335,52,52,137.1,7269.34,2,One year,Electronic check,DSL,0
CUST_004336,35,14,57.57,848.92,2,Month-to-month,Electronic check,DSL,1
CUST_004337,20,53,97.32,5175.09,1,Two year,Electronic check,Fiber optic,0
CUST_004338,52,48,57.23,2595.16,3,Month-to-month,Mailed check,DSL,0
CUST_004339,18,13,116.73,1454.41,2,Month-to-month,Bank transfer,DSL,1
CUST_004340,40,11,100.48,1077.24,1,Month-to-month,Mailed check,No,0
CUST_004341,59,64,144.42,9157.36,2,Month-to-month,Electronic check,Fiber optic,1
CUST_004342,47,30,103.32,3124.53,2,Month-to-month,Credit card,Fiber optic,1
CUST_004343,74,63,69.97,4599.24,2,Month-to-month,Mailed check,DSL,0
CUST_004344,60,38,69.83,2805.19,0,Two year,Bank transfer,Fiber optic,0
CUST_004345,35,22,79.68,1777.45,3,One year,Electronic check,Fiber optic,1
CUST_004346,45,2,81.73,241.4,3,One year,Electronic check,DSL,1
CUST_004347,44,8,116.65,860.31,2,Month-to-month,Bank transfer,DSL,1
CUST_004348,21,83,99.9,8437.71,2,Month-to-month,Electronic check,Fiber optic,1
CUST_004349,30,9,94.81,697.07,5,One year,Credit card,No,1
CUST_004350,36,2,117.1,325.48,1,One year,Mailed check,Fiber optic,0
CUST_004351,18,29,49.74,1491.94,1,Two year,Credit card,Fiber optic,1
CUST_004352,45,31,121.77,3699.31,5,Month-to-month,Bank transfer,DSL,0
CUST_004353,41,8,66.07,507.69,1,Month-to-month,Credit card,No,0
CUST_004354,19,8,97.24,664.51,1,One year,Electronic check,Fiber optic,1
CUST_004355,51,15,56.85,743.64,4,Two year,Bank transfer,DSL,0
CUST_004356,55,0,53.4,0.0,0,Month-to-month,Credit card,No,1
CUST_004357,48,37,41.21,1601.64,2,One year,Credit card,Fiber optic,0
CUST_004358,40,9,121.64,1215.3,2,Month-to-month,Electronic check,DSL,0
CUST_004359,53,46,124.35,5503.7,4,Two year,Electronic check,DSL,0
CUST_004360,55,38,48.39,2022.72,1,One year,Bank transfer,No,0
CUST_004361,49,25,132.45,3310.07,4,Month-to-month,Electronic check,Fiber optic,1
CUST_004362,32,9,85.0,794.01,0,One year,Electronic check,Fiber optic,1
CUST_004363,49,17,113.87,1788.6,0,One year,Mailed check,DSL,0
CUST_004364,62,14,33.67,603.41,2,Month-to-month,Mailed check,DSL,0
CUST_004365,36,9,63.45,591.03,3,Month-to-month,Bank transfer,Fiber optic,1
CUST_004366,76,45,109.47,5039.81,4,Month-to-month,Electronic check,DSL,1
CUST_004367,37,15,38.14,694.24,4,Two year,Mailed check,No,0
CUST_004368,45,42,89.89,3908.88,2,Month-to-month,Electronic check,DSL,1
CUST_004369,34,2,65.27,65.71,2,Month-to-month,Bank transfer,DSL,0
CUST_004370,48,3,43.1,108.52,1,Month-to-month,Electronic check,Fiber optic,1
CUST_004371,18,90,95.03,8491.26,1,One year,Mailed check,Fiber optic,0
CUST_004372,36,21,127.21,2760.96,2,Month-to-month,Bank transfer,Fiber optic,1
CUST_004373,28,17,57.36,1008.49,6,Two year,Bank transfer,DSL,0
CUST_004374,47,17,49.84,954.24,2,Month-to-month,Electronic check,DSL,1
CUST_004375,59,5,76.12,491.88,3,Month-to-month,Bank transfer,DSL,1
CUST_004376,54,30,102.1,2890.15,1,Month-to-month,Bank transfer,DSL,1
CUST_004377,18,2,93.51,322.1,3,Month-to-month,Mailed check,DSL,1
CUST_004378,75,20,105.42,2203.58,1,Month-to-month,Bank transfer,No,0
CUST_004379,49,20,33.68,636.74,1,Two year,Electronic check,No,0
CUST_004380,33,58,88.38,5160.79,2,One year,Credit card,DSL,0
CUST_004381,47,17,105.9,1787.86,3,Two year,Mailed check,Fiber optic,1
CUST_004382,47,3,111.99,397.56,1,Month-to-month,Mailed check,No,0
CUST_004383,34,20,90.22,1767.26,4,One year,Electronic check,Fiber optic,0
CUST_004384,47,2,26.23,100.35,4,One year,Bank transfer,Fiber optic,1
CUST_004385,35,5,62.16,317.55,3,Month-to-month,Mailed check,DSL,1
CUST_004386,38,0,27.42,0.0,2,One year,Credit card,Fiber optic,0
CUST_004387,34,17,103.35,1776.03,0,Two year,Mailed check,Fiber optic,0
CUST_004388,23,2,27.35,325.35,2,Month-to-month,Bank transfer,DSL,0
CUST_004389,47,15,46.07,622.54,3,Month-to-month,Electronic check,DSL,1
CUST_004390,53,64,93.7,5971.54,3,Two year,Electronic check,Fiber optic,0
CUST_004391,52,30,81.26,2371.13,0,Month-to-month,Credit card,No,0
CUST_004392,57,1,61.15,4.83,1,One year,Electronic check,Fiber optic,0
CUST_004393,49,6,69.34,497.62,2,Month-to-month,Credit card,No,0
CUST_004394,37,26,104.32,2784.01,1,One year,Electronic check,No,0
CUST_004395,57,54,83.93,4531.47,0,One year,Bank transfer,DSL,0
CUST_004396,24,0,74.78,102.63,2,One year,Mailed check,DSL,0
CUST_004397,31,40,70.34,2892.82,3,Two year,Credit card,Fiber optic,0
CUST_004398,30,19,64.86,1216.16,7,Month-to-month,Mailed check,No,0
CUST_004399,61,18,90.38,1473.45,2,Two year,Electronic check,No,1
CUST_004400,59,75,106.55,8074.19,2,Month-to-month,Mailed check,DSL,1
CUST_004401,52,33,108.8,3607.49,1,One year,Bank transfer,DSL,0
CUST_004402,61,45,98.55,4437.15,2,Month-to-month,Electronic check,Fiber optic,0
CUST_004403,31,10,105.36,1006.97,2,Month-to-month,Electronic check,DSL,1
CUST_004404,50,19,73.84,1477.44,3,One year,Bank transfer,No,1
CUST_004405,43,22,80.1,1797.12,1,Month-to-month,Bank transfer,Fiber optic,0
CUST_004406,57,9,91.5,799.79,2,Month-to-month,Electronic check,DSL,1
CUST_004407,43,20,52.12,919.94,1,Month-to-month,Bank transfer,DSL,0
CUST_004408,39,6,61.59,476.35,3,One year,Electronic check,Fiber optic,0
CUST_004409,53,3,83.98,312.44,1,One year,Bank transfer,DSL,0
CUST_004410,58,11,28.39,337.8,1,Two year,Electronic check,No,0
CUST_004411,34,32,79.7,2284.63,2,Two year,Electronic check,Fiber optic,0
CUST_004412,44,59,109.38,6449.93,4,One year,Bank transfer,No,0
CUST_004413,29,14,123.74,1708.21,2,Month-to-month,Credit card,Fiber optic,0
CUST_004414,18,24,119.7,2810.99,4,Month-to-month,Electronic check,Fiber optic,1
CUST_004415,48,2,49.07,173.57,4,Month-to-month,Electronic check,Fiber optic,1
CUST_004416,54,56,98.72,5599.86,3,Month-to-month,Electronic check,Fiber optic,1
CUST_004417,48,20,35.64,756.51,3,Two year,Credit card,DSL,0
CUST_004418,18,36,62.08,2338.5,1,Two year,Credit card,Fiber optic,1
CUST_004419,39,37,115.99,4189.24,0,Month-to-month,Credit card,Fiber optic,1
CUST_004420,18,7,35.83,205.45,1,Two year,Mailed check,DSL,0
CUST_004421,65,18,54.77,993.32,4,Two year,Electronic check,Fiber optic,0
CUST_004422,28,77,152.9,11711.43,1,Two year,Electronic check,DSL,1
CUST_004423,63,2,103.39,279.49,2,Month-to-month,Credit card,Fiber optic,0
CUST_004424,59,27,111.68,2963.21,1,Month-to-month,Electronic check,No,1
CUST_004425,31,78,145.46,11475.39,4,Month-to-month,Mailed check,Fiber optic,1
CUST_004426,28,8,98.96,698.57,3,Month-to-month,Electronic check,DSL,1
CUST_004427,50,47,55.56,2824.45,4,Month-to-month,Mailed check,Fiber optic,1
CUST_004428,32,65,104.16,6973.08,6,Month-to-month,Electronic check,DSL,1
CUST_004429,46,32,80.42,2564.11,1,Two year,Electronic check,No,1
CUST_004430,37,6,54.12,439.31,2,Month-to-month,Mailed check,DSL,1
CUST_004431,18,9,107.9,931.09,3,One year,Electronic check,Fiber optic,1
CUST_004432,18,0,66.41,101.33,0,Two year,Bank transfer,DSL,0
CUST_004433,48,42,47.03,1957.65,3,Two year,Mailed check,Fiber optic,0
CUST_004434,36,45,70.0,3021.3,2,One year,Electronic check,Fiber optic,0
CUST_004435,36,24,54.86,963.41,4,One year,Electronic check,DSL,0
CUST_004436,55,10,113.75,1110.61,4,Month-to-month,Electronic check,Fiber optic,1
CUST_004437,62,1,85.24,113.15,2,Month-to-month,Electronic check,DSL,1
CUST_004438,40,33,92.54,3186.77,2,Month-to-month,Bank transfer,Fiber optic,1
CUST_004439,39,31,86.16,2674.78,1,Month-to-month,Electronic check,DSL,0
CUST_004440,52,58,114.01,6712.95,0,Two year,Electronic check,Fiber optic,0
CUST_004441,24,31,110.99,3395.22,0,Month-to-month,Electronic check,No,1
CUST_004442,48,42,96.44,4016.69,0,Month-to-month,Bank transfer,DSL,0
CUST_004443,53,32,129.83,4259.92,0,One year,Mailed check,DSL,0
CUST_004444,55,23,129.18,2724.75,1,One year,Electronic check,DSL,0
CUST_004445,18,13,126.03,1639.74,2,Month-to-month,Credit card,No,1
CUST_004446,33,55,114.44,6254.15,3,Month-to-month,Mailed check,DSL,0
CUST_004447,31,25,125.76,3280.11,0,One year,Mailed check,DSL,1
CUST_004448,46,12,66.45,744.55,2,One year,Electronic check,Fiber optic,1
CUST_004449,52,2,106.96,265.58,3,One year,Bank transfer,Fiber optic,1
CUST_004450,67,8,114.92,1011.49,3,Month-to-month,Mailed check,No,0
CUST_004451,37,18,119.41,2000.19,4,Month-to-month,Electronic check,Fiber optic,1
CUST_004452,37,7,106.58,732.16,3,Month-to-month,Electronic check,No,1
CUST_004453,62,6,63.66,338.8,2,Month-to-month,Electronic check,DSL,1
CUST_004454,49,17,44.39,849.27,2,Month-to-month,Electronic check,DSL,1
CUST_004455,64,4,55.4,289.09,2,Two year,Mailed check,No,0
CUST_004456,49,38,115.73,4374.38,4,One year,Mailed check,No,1
CUST_004457,27,15,50.79,657.09,0,One year,Mailed check,Fiber optic,0
CUST_004458,25,20,77.83,1660.36,2,Month-to-month,Electronic check,Fiber optic,0
CUST_004459,21,3,78.04,227.35,2,Month-to-month,Mailed check,DSL,1
CUST_004460,54,9,84.89,602.14,2,Month-to-month,Mailed check,Fiber optic,0
CUST_004461,62,12,119.57,1281.63,2,Month-to-month,Bank transfer,Fiber optic,1
CUST_004462,72,39,105.65,4164.09,1,One year,Electronic check,DSL,0
CUST_004463,57,35,116.13,3936.97,2,One year,Bank transfer,DSL,0
CUST_004464,62,6,81.19,673.09,1,Two year,Electronic check,DSL,0
CUST_004465,36,22,114.36,2422.17,0,One year,Bank transfer,DSL,0
CUST_004466,27,6,49.37,296.16,2,Two year,Electronic check,DSL,0
CUST_004467,57,106,93.99,9978.61,0,Two year,Mailed check,DSL,0
CUST_004468,51,72,148.63,10628.57,3,Two year,Mailed check,DSL,0
CUST_004469,46,19,98.85,1654.13,2,One year,Bank transfer,Fiber optic,0
CUST_004470,50,28,101.15,2851.36,3,Month-to-month,Mailed check,DSL,0
CUST_004471,49,38,85.73,3182.4,1,Month-to-month,Credit card,No,1
CUST_004472,64,30,72.67,2191.75,3,Two year,Credit card,Fiber optic,0
CUST_004473,64,28,89.57,2495.7,2,Month-to-month,Electronic check,Fiber optic,1
CUST_004474,53,76,70.06,5350.63,1,Month-to-month,Mailed check,Fiber optic,1
CUST_004475,57,21,75.97,1751.58,2,Month-to-month,Bank transfer,Fiber optic,0
CUST_004476,52,24,77.54,1806.26,3,One year,Electronic check,DSL,0
CUST_004477,38,45,96.33,4288.13,0,Two year,Electronic check,DSL,1
CUST_004478,56,26,96.47,2341.6,1,Month-to-month,Credit card,No,1
CUST_004479,24,31,131.23,4048.67,3,Month-to-month,Credit card,DSL,0
CUST_004480,60,6,88.22,570.29,4,One year,Electronic check,DSL,0
CUST_004481,27,11,113.87,1204.25,1,One year,Electronic check,DSL,0
CUST_004482,49,3,77.13,273.03,1,Month-to-month,Electronic check,No,1
CUST_004483,32,16,90.69,1433.33,3,Two year,Bank transfer,DSL,0
CUST_004484,53,14,33.98,345.55,4,One year,Bank transfer,Fiber optic,0
CUST_004485,44,120,93.33,11230.36,3,Month-to-month,Mailed check,Fiber optic,0
CUST_004486,21,22,88.97,1936.69,2,Month-to-month,Electronic check,No,0
CUST_004487,51,37,78.07,2900.91,2,Month-to-month,Mailed check,DSL,1
CUST_004488,36,9,104.38,882.73,2,Two year,Mailed check,Fiber optic,0
CUST_004489,58,42,95.32,3937.81,3,Month-to-month,Mailed check,No,0
CUST_004490,45,22,119.23,2638.78,3,Month-to-month,Mailed check,DSL,0
CUST_004491,50,28,131.23,3651.47,1,Month-to-month,Electronic check,DSL,1
CUST_004492,30,8,38.76,482.54,0,One year,Mailed check,DSL,0
CUST_004493,36,19,68.98,1390.55,2,Month-to-month,Electronic check,Fiber optic,1
CUST_004494,38,24,98.5,2418.45,5,One year,Mailed check,DSL,0
CUST_004495,57,21,61.05,1264.28,2,Month-to-month,Electronic check,Fiber optic,1
CUST_004496,70,59,76.2,4293.39,0,Two year,Credit card,Fiber optic,0
CUST_004497,32,54,128.37,6851.43,1,One year,Credit card,Fiber optic,0
CUST_004498,61,84,160.04,13378.45,2,Month-to-month,Mailed check,Fiber optic,0
CUST_004499,18,26,110.38,2842.39,1,Month-to-month,Bank transfer,No,0
CUST_004500,27,85,114.87,9760.42,1,Month-to-month,Mailed check,Fiber optic,0
CUST_004501,30,42,85.25,3646.15,1,One year,Mailed check,DSL,0
CUST_004502,24,7,77.46,569.57,3,One year,Bank transfer,DSL,0
CUST_004503,21,13,72.78,1062.11,2,Two year,Mailed check,Fiber optic,0
CUST_004504,51,6,73.29,408.54,2,Month-to-month,Credit card,Fiber optic,1
CUST_004505,41,0,40.35,25.72,0,Month-to-month,Bank transfer,Fiber optic,0
CUST_004506,50,4,112.37,483.88,2,One year,Credit card,No,1
CUST_004507,55,0,95.45,24.57,5,One year,Mailed check,Fiber optic,0
CUST_004508,48,30,103.1,3221.12,1,One year,Electronic check,DSL,1
CUST_004509,54,13,121.49,1659.78,2,Month-to-month,Electronic check,No,1
CUST_004510,43,8,52.44,287.58,5,Two year,Bank transfer,Fiber optic,0
CUST_004511,27,34,45.12,1522.51,7,Month-to-month,Credit card,DSL,1
CUST_004512,60,42,123.61,5190.39,0,Month-to-month,Bank transfer,Fiber optic,0
CUST_004513,36,88,163.84,14633.22,0,Month-to-month,Mailed check,Fiber optic,1
CUST_004514,30,24,89.84,2123.26,5,Month-to-month,Electronic check,Fiber optic,1
CUST_004515,42,14,32.88,362.08,1,Two year,Electronic check,No,0
CUST_004516,31,8,102.05,860.21,3,Month-to-month,Electronic check,DSL,1
CUST_004517,38,6,30.37,231.95,1,Month-to-month,Bank transfer,DSL,0
CUST_004518,50,5,76.5,375.13,3,Month-to-month,Bank transfer,No,0
CUST_004519,50,12,53.75,623.01,4,Month-to-month,Electronic check,DSL,0
CUST_004520,31,115,169.0,19530.2,3,Two year,Electronic check,Fiber optic,0
CUST_004521,37,0,65.13,0.0,3,Two year,Mailed check,DSL,1
CUST_004522,61,5,112.35,527.64,3,Month-to-month,Electronic check,No,1
CUST_004523,52,5,52.41,209.83,2,Month-to-month,Mailed check,No,0
CUST_004524,76,30,73.74,2321.48,1,Two year,Credit card,DSL,0
CUST_004525,62,10,119.71,1225.67,6,One year,Bank transfer,DSL,1
CUST_004526,62,14,47.13,553.34,4,One year,Electronic check,No,1
CUST_004527,24,3,79.35,141.6,4,One year,Electronic check,Fiber optic,0
CUST_004528,56,12,64.85,965.55,3,One year,Mailed check,DSL,0
CUST_004529,44,2,98.42,305.16,1,Month-to-month,Credit card,DSL,1
CUST_004530,36,18,41.93,838.89,2,One year,Bank transfer,Fiber optic,1
CUST_004531,47,2,64.72,130.67,4,One year,Electronic check,No,1
CUST_004532,59,37,108.39,4161.4,2,Two year,Electronic check,DSL,0
CUST_004533,52,20,70.7,1303.69,2,Month-to-month,Mailed check,Fiber optic,1
CUST_004534,31,30,40.85,1300.89,1,Month-to-month,Electronic check,DSL,0
CUST_004535,56,13,97.01,1216.82,2,Month-to-month,Electronic check,Fiber optic,1
CUST_004536,35,11,75.82,809.13,3,One year,Electronic check,Fiber optic,0
CUST_004537,48,2,22.13,116.84,3,One year,Bank transfer,DSL,0
CUST_004538,40,17,89.77,1511.66,0,Month-to-month,Electronic check,DSL,0
CUST_004539,41,17,120.49,2004.83,2,One year,Mailed check,Fiber optic,0
CUST_004540,56,15,38.6,529.52,1,One year,Bank transfer,DSL,0
CUST_004541,29,32,95.07,2843.51,2,Month-to-month,Electronic check,Fiber optic,1
CUST_004542,74,42,113.87,4858.73,0,Month-to-month,Credit card,Fiber optic,0
CUST_004543,18,33,43.58,1337.39,3,Two year,Electronic check,Fiber optic,0
CUST_004544,36,3,23.76,257.13,1,One year,Bank transfer,DSL,0
CUST_004545,50,23,77.92,1763.39,1,One year,Electronic check,Fiber optic,0
CUST_004546,53,2,100.12,331.18,6,Two year,Bank transfer,Fiber optic,1
CUST_004547,43,28,50.07,1221.11,3,Month-to-month,Mailed check,No,1
CUST_004548,44,11,109.16,1273.95,1,Month-to-month,Mailed check,Fiber optic,0
CUST_004549,51,3,87.16,360.33,3,Month-to-month,Electronic check,Fiber optic,1
CUST_004550,41,47,76.72,3736.07,0,Month-to-month,Electronic check,DSL,0
CUST_004551,65,22,82.58,1664.01,3,Two year,Mailed check,DSL,0
CUST_004552,57,10,121.56,1145.3,1,Month-to-month,Bank transfer,No,1
CUST_004553,58,0,41.64,57.65,2,Month-to-month,Electronic check,Fiber optic,1
CUST_004554,30,18,78.95,1436.01,2,Month-to-month,Bank transfer,DSL,1
CUST_004555,43,61,112.95,6919.2,5,Two year,Mailed check,No,0
CUST_004556,40,21,44.3,894.3,2,One year,Mailed check,No,0
CUST_004557,29,85,66.85,5837.52,3,One year,Electronic check,Fiber optic,1
CUST_004558,50,3,22.85,329.38,2,Month-to-month,Electronic check,DSL,1
CUST_004559,36,20,62.47,1259.78,2,Month-to-month,Mailed check,DSL,0
CUST_004560,54,38,46.39,1808.34,4,Two year,Credit card,No,0
CUST_004561,28,17,108.88,1856.53,5,One year,Electronic check,Fiber optic,0
CUST_004562,70,2,120.73,369.87,1,Month-to-month,Electronic check,No,1
CUST_004563,31,20,36.13,805.52,2,One year,Mailed check,No,0
CUST_004564,48,22,74.27,1527.36,1,Month-to-month,Electronic check,Fiber optic,1
CUST_004565,56,31,38.07,1119.0,3,Month-to-month,Electronic check,Fiber optic,0
CUST_004566,36,34,50.4,1612.64,1,One year,Mailed check,DSL,1
CUST_004567,57,35,69.79,2712.21,1,Month-to-month,Electronic check,Fiber optic,1
CUST_004568,26,26,72.37,1945.15,3,Two year,Bank transfer,DSL,0
CUST_004569,66,5,116.48,522.82,0,One year,Credit card,Fiber optic,0
CUST_004570,45,12,65.58,719.45,1,Two year,Credit card,DSL,0
CUST_004571,36,35,87.13,3129.99,1,Month-to-month,Mailed check,Fiber optic,0
CUST_004572,40,73,81.06,6007.75,3,One year,Electronic check,Fiber optic,0
CUST_004573,57,1,20.51,100.32,2,One year,Bank transfer,Fiber optic,0
CUST_004574,36,18,118.93,2098.25,1,One year,Bank transfer,Fiber optic,0
CUST_004575,33,8,32.17,287.96,1,One year,Mailed check,Fiber optic,1
CUST_004576,41,6,119.42,727.64,2,One year,Mailed check,Fiber optic,0
CUST_004577,27,16,41.08,563.72,0,Month-to-month,Bank transfer,Fiber optic,0
CUST_004578,72,22,91.49,1920.08,4,Two year,Electronic check,No,0
CUST_004579,36,0,119.94,41.2,3,Month-to-month,Electronic check,Fiber optic,1
CUST_004580,57,36,51.85,1886.12,1,Two year,Mailed check,DSL,0
CUST_004581,48,41,82.89,3454.0,1,Two year,Bank transfer,DSL,0
CUST_004582,30,80,138.04,11122.49,1,One year,Mailed check,Fiber optic,0
CUST_004583,44,4,25.22,250.81,1,Two year,Mailed check,DSL,0
CUST_004584,56,21,99.48,2011.45,3,One year,Mailed check,DSL,0
CUST_004585,42,13,34.54,512.01,2,Two year,Bank transfer,DSL,0
CUST_004586,62,9,48.15,508.29,2,Month-to-month,Electronic check,Fiber optic,1
CUST_004587,60,20,46.01,888.94,1,Month-to-month,Electronic check,No,0
CUST_004588,58,36,128.73,4646.6,1,One year,Mailed check,DSL,0
CUST_004589,38,0,38.05,0.0,2,Month-to-month,Credit card,No,1
CUST_004590,28,83,65.54,5650.96,1,One year,Bank transfer,DSL,1
CUST_004591,35,39,98.26,3842.73,1,Month-to-month,Mailed check,Fiber optic,1
CUST_004592,47,33,71.12,2392.05,1,Two year,Mailed check,DSL,0
CUST_004593,53,34,77.57,2611.0,4,One year,Bank transfer,DSL,0
CUST_004594,18,11,37.41,363.51,1,Month-to-month,Mailed check,DSL,0
CUST_004595,44,33,111.32,3543.47,1,Month-to-month,Electronic check,DSL,1
CUST_004596,47,11,85.66,1052.2,3,One year,Mailed check,DSL,0
CUST_004597,40,54,83.42,4581.62,2,Two year,Mailed check,Fiber optic,0
CUST_004598,64,4,39.16,126.52,3,Month-to-month,Credit card,DSL,0
CUST_004599,51,8,83.35,576.72,2,Month-to-month,Electronic check,No,0
CUST_004600,64,19,107.36,2057.83,3,Two year,Electronic check,Fiber optic,0
CUST_004601,41,9,55.74,451.89,3,Two year,Mailed check,DSL,1
CUST_004602,59,13,29.09,355.91,2,Month-to-month,Electronic check,Fiber optic,0
CUST_004603,69,16,49.43,664.59,4,Month-to-month,Bank transfer,Fiber optic,0
CUST_004604,64,46,111.24,5138.74,3,One year,Mailed check,Fiber optic,0
CUST_004605,28,17,127.41,2189.66,3,One year,Mailed check,Fiber optic,0
CUST_004606,41,10,26.34,372.85,2,One year,Mailed check,No,0
CUST_004607,39,6,53.62,306.62,2,Month-to-month,Mailed check,No,1
CUST_004608,52,12,32.2,353.07,1,Month-to-month,Bank transfer,No,1
CUST_004609,55,17,60.13,866.62,4,One year,Electronic check,No,0
CUST_004610,32,32,76.59,2561.02,2,Month-to-month,Electronic check,Fiber optic,1
CUST_004611,46,3,113.59,430.04,1,Month-to-month,Mailed check,Fiber optic,1
CUST_004612,18,6,31.06,189.21,2,One year,Credit card,Fiber optic,1
CUST_004613,66,11,103.21,1002.42,3,Month-to-month,Mailed check,Fiber optic,1
CUST_004614,37,10,64.55,524.08,0,One year,Bank transfer,No,0
CUST_004615,45,11,106.63,1118.18,2,One year,Credit card,DSL,0
CUST_004616,40,37,89.84,3420.61,4,Month-to-month,Electronic check,No,1
CUST_004617,62,9,28.43,284.89,2,One year,Mailed check,No,0
CUST_004618,18,16,122.62,1812.59,0,One year,Bank transfer,DSL,0
CUST_004619,44,23,39.77,955.21,3,Month-to-month,Bank transfer,Fiber optic,1
CUST_004620,43,6,82.77,412.7,4,One year,Mailed check,No,1
CUST_004621,38,30,122.77,3630.78,0,Month-to-month,Bank transfer,No,1
CUST_004622,70,19,37.48,809.24,1,Month-to-month,Bank transfer,DSL,1
CUST_004623,31,14,82.39,1230.0,2,Month-to-month,Mailed check,No,1
CUST_004624,56,39,121.93,4864.54,3,One year,Electronic check,DSL,0
CUST_004625,50,6,121.63,727.48,1,One year,Bank transfer,DSL,1
CUST_004626,63,51,117.93,6102.87,2,Month-to-month,Electronic check,DSL,1
CUST_004627,34,19,57.33,1030.72,1,Two year,Electronic check,Fiber optic,1
CUST_004628,34,22,100.96,2195.3,5,Month-to-month,Bank transfer,No,0
CUST_004629,61,49,115.08,5606.13,2,Month-to-month,Mailed check,DSL,1
CUST_004630,51,40,110.0,4402.25,5,Month-to-month,Bank transfer,DSL,0
CUST_004631,21,22,116.43,2432.72,2,Month-to-month,Mailed check,DSL,1
CUST_004632,36,33,45.24,1470.35,0,Two year,Credit card,DSL,0
CUST_004633,50,13,37.34,630.61,2,One year,Mailed check,No,0
CUST_004634,57,19,93.56,1668.42,2,One year,Mailed check,Fiber optic,0
CUST_004635,34,1,115.89,0.0,1,Month-to-month,Electronic check,Fiber optic,1
CUST_004636,18,2,67.58,10.3,4,Month-to-month,Mailed check,DSL,1
CUST_004637,52,42,137.06,6022.55,0,Two year,Electronic check,DSL,0
CUST_004638,26,1,114.31,160.79,0,Month-to-month,Bank transfer,No,1
CUST_004639,18,4,112.29,422.14,2,Month-to-month,Bank transfer,No,0
CUST_004640,18,38,129.99,4946.27,1,Month-to-month,Electronic check,DSL,0
CUST_004641,57,0,109.83,22.76,2,Month-to-month,Mailed check,Fiber optic,0
CUST_004642,46,7,105.49,674.38,1,One year,Electronic check,Fiber optic,0
CUST_004643,41,21,100.0,2048.23,1,Month-to-month,Mailed check,Fiber optic,1
CUST_004644,65,21,32.94,675.99,1,Two year,Credit card,DSL,0
CUST_004645,54,36,51.23,1771.64,2,Month-to-month,Credit card,Fiber optic,0
CUST_004646,69,16,41.42,623.08,1,Month-to-month,Electronic check,DSL,1
CUST_004647,24,17,30.85,559.83,1,Two year,Electronic check,No,1
CUST_004648,44,31,47.17,1362.56,4,One year,Bank transfer,DSL,0
CUST_004649,20,16,119.97,2180.59,1,One year,Mailed check,DSL,0
CUST_004650,41,22,97.38,2217.69,1,Month-to-month,Mailed check,DSL,1
CUST_004651,41,54,78.21,4096.19,0,Month-to-month,Bank transfer,DSL,0
CUST_004652,54,12,105.34,1016.24,3,Two year,Electronic check,No,1
CUST_004653,45,11,74.34,748.96,1,One year,Electronic check,DSL,0
CUST_004654,54,0,34.21,68.44,3,Month-to-month,Bank transfer,No,1
CUST_004655,55,22,119.45,2676.95,4,Month-to-month,Electronic check,No,1
CUST_004656,77,0,53.87,0.0,4,Month-to-month,Mailed check,No,0
CUST_004657,40,16,97.89,1506.03,5,Two year,Mailed check,No,1
CUST_004658,30,39,68.56,2583.4,3,One year,Electronic check,Fiber optic,0
CUST_004659,48,19,79.51,1470.38,1,One year,Electronic check,Fiber optic,1
CUST_004660,32,7,105.13,634.64,1,One year,Bank transfer,Fiber optic,1
CUST_004661,67,37,54.18,1964.69,0,Two year,Bank transfer,DSL,1
CUST_004662,40,7,121.23,981.67,4,One year,Mailed check,Fiber optic,0
CUST_004663,36,31,42.52,1241.05,2,Month-to-month,Electronic check,DSL,1
CUST_004664,37,22,84.4,1917.91,2,Month-to-month,Mailed check,No,0
CUST_004665,55,4,113.6,530.75,3,One year,Electronic check,No,1
CUST_004666,42,56,142.57,7875.93,0,Month-to-month,Credit card,DSL,0
CUST_004667,35,5,45.71,144.22,2,One year,Bank transfer,Fiber optic,0
CUST_004668,69,109,88.9,9796.83,1,Month-to-month,Electronic check,Fiber optic,1
CUST_004669,32,0,92.44,0.0,1,Month-to-month,Electronic check,Fiber optic,1
CUST_004670,45,7,27.7,188.13,4,Month-to-month,Credit card,DSL,1
CUST_004671,54,5,71.02,559.12,1,Month-to-month,Electronic check,DSL,1
CUST_004672,20,0,99.64,97.98,2,Month-to-month,Credit card,Fiber optic,0
CUST_004673,52,31,91.53,2845.81,3,Month-to-month,Credit card,Fiber optic,1
CUST_004674,29,28,52.8,1562.51,0,Month-to-month,Electronic check,DSL,1
CUST_004675,57,37,87.2,3220.97,2,Month-to-month,Mailed check,Fiber optic,1
CUST_004676,30,7,115.63,911.22,2,Two year,Bank transfer,No,0
CUST_004677,55,14,88.72,1037.47,2,Month-to-month,Mailed check,No,1
CUST_004678,61,25,104.65,2602.3,1,Month-to-month,Electronic check,Fiber optic,0
CUST_004679,57,13,60.13,573.01,5,One year,Mailed check,Fiber optic,0
CUST_004680,48,28,52.85,1495.89,1,Two year,Electronic check,Fiber optic,0
CUST_004681,41,24,57.56,1357.92,3,Month-to-month,Electronic check,DSL,1
CUST_004682,36,2,74.32,284.71,4,Month-to-month,Mailed check,DSL,0
CUST_004683,67,36,66.02,2447.98,2,One year,Mailed check,Fiber optic,0
CUST_004684,34,30,89.2,2623.29,3,Month-to-month,Electronic check,Fiber optic,0
CUST_004685,29,25,103.28,2541.36,2,Two year,Credit card,DSL,0
CUST_004686,54,4,95.44,419.83,1,Month-to-month,Electronic check,Fiber optic,0
CUST_004687,33,7,39.97,222.52,4,One year,Credit card,Fiber optic,0
CUST_004688,30,11,100.54,1102.74,0,One year,Electronic check,DSL,1
CUST_004689,23,7,90.77,767.05,3,Month-to-month,Electronic check,DSL,1
CUST_004690,37,6,24.2,62.29,2,Month-to-month,Electronic check,DSL,1
CUST_004691,43,39,45.39,1725.33,2,Month-to-month,Mailed check,DSL,0
CUST_004692,48,24,96.62,2288.26,1,One year,Mailed check,DSL,0
CUST_004693,59,20,68.37,1683.22,0,Two year,Credit card,Fiber optic,0
CUST_004694,52,6,37.61,286.49,2,Month-to-month,Bank transfer,Fiber optic,0
CUST_004695,42,60,54.44,3379.59,5,Month-to-month,Electronic check,Fiber optic,0
CUST_004696,42,5,38.44,269.01,3,One year,Electronic check,Fiber optic,1
CUST_004697,52,38,134.75,5204.09,1,Month-to-month,Electronic check,DSL,1
CUST_004698,64,81,133.26,10841.14,2,Month-to-month,Bank transfer,Fiber optic,1
CUST_004699,46,31,88.27,2772.91,2,Two year,Electronic check,Fiber optic,0
CUST_004700,37,118,173.15,20287.1,1,Two year,Electronic check,DSL,0
CUST_004701,30,25,94.41,2396.06,4,Two year,Bank transfer,Fiber optic,1
CUST_004702,23,5,95.06,464.49,1,Month-to-month,Electronic check,DSL,1
CUST_004703,54,5,50.77,308.37,2,Month-to-month,Electronic check,DSL,0
CUST_004704,53,9,83.4,743.5,1,One year,Electronic check,Fiber optic,0
CUST_004705,53,0,34.35,76.32,1,Month-to-month,Mailed check,DSL,0
CUST_004706,43,27,73.95,2090.6,2,Month-to-month,Electronic check,Fiber optic,1
CUST_004707,66,7,26.82,0.0,3,One year,Bank transfer,Fiber optic,0
CUST_004708,37,40,61.66,2423.12,1,One year,Bank transfer,No,0
CUST_004709,59,10,32.49,139.13,3,One year,Mailed check,Fiber optic,0
CUST_004710,44,15,66.28,1018.06,1,Month-to-month,Bank transfer,DSL,1
CUST_004711,35,80,144.3,11514.21,4,One year,Electronic check,Fiber optic,0
CUST_004712,53,6,60.79,500.34,1,One year,Credit card,DSL,0
CUST_004713,51,30,118.16,3565.64,1,Month-to-month,Mailed check,Fiber optic,1
CUST_004714,50,33,102.15,3322.39,4,Month-to-month,Bank transfer,No,1
CUST_004715,46,5,73.45,461.12,1,One year,Electronic check,DSL,0
CUST_004716,44,16,51.69,795.21,0,Month-to-month,Mailed check,Fiber optic,1
CUST_004717,80,10,117.22,1122.36,0,Month-to-month,Bank transfer,Fiber optic,0
CUST_004718,62,35,42.92,1541.57,1,Month-to-month,Electronic check,DSL,0
CUST_004719,55,23,100.39,2470.3,0,Two year,Bank transfer,Fiber optic,0
CUST_004720,46,15,89.62,1429.72,4,Month-to-month,Electronic check,Fiber optic,1
CUST_004721,60,36,82.1,3012.44,0,Month-to-month,Mailed check,Fiber optic,1
CUST_004722,52,6,47.03,557.29,1,Month-to-month,Electronic check,Fiber optic,0
CUST_004723,45,33,79.57,2552.56,2,Two year,Credit card,No,0
CUST_004724,40,48,131.28,6225.84,5,Two year,Bank transfer,Fiber optic,0
CUST_004725,43,50,128.68,6448.39,1,Month-to-month,Mailed check,Fiber optic,1
CUST_004726,18,36,132.14,4908.48,1,Two year,Mailed check,Fiber optic,0
CUST_004727,48,12,56.78,587.18,2,One year,Bank transfer,Fiber optic,0
CUST_004728,37,96,106.71,10419.66,3,One year,Bank transfer,Fiber optic,0
CUST_004729,68,11,27.37,157.19,4,Month-to-month,Bank transfer,No,1
CUST_004730,45,24,126.29,3018.96,0,Month-to-month,Mailed check,No,1
CUST_004731,27,4,54.94,237.1,0,One year,Credit card,Fiber optic,0
CUST_004732,44,94,107.42,10008.88,2,Month-to-month,Electronic check,No,1
CUST_004733,29,29,125.28,3571.01,3,Two year,Credit card,Fiber optic,0
CUST_004734,52,33,89.16,3021.94,0,Two year,Mailed check,Fiber optic,0
CUST_004735,49,1,77.12,221.27,1,One year,Bank transfer,Fiber optic,0
CUST_004736,59,34,54.62,1645.73,5,Month-to-month,Credit card,Fiber optic,0
CUST_004737,33,35,87.37,3075.83,3,Month-to-month,Mailed check,No,1
CUST_004738,45,26,124.82,3234.01,0,Month-to-month,Bank transfer,Fiber optic,0
CUST_004739,24,8,79.87,649.71,3,Two year,Mailed check,Fiber optic,0
CUST_004740,55,16,53.51,824.51,1,One year,Credit card,DSL,1
CUST_004741,52,2,24.12,0.0,5,Month-to-month,Mailed check,Fiber optic,1
CUST_004742,52,15,61.13,1071.18,3,One year,Electronic check,Fiber optic,1
CUST_004743,45,6,80.26,597.49,1,Month-to-month,Mailed check,No,0
CUST_004744,51,10,29.26,282.21,1,Month-to-month,Credit card,DSL,1
CUST_004745,69,4,82.98,283.09,2,Month-to-month,Mailed check,Fiber optic,0
CUST_004746,40,6,75.34,391.1,1,Two year,Electronic check,DSL,0
CUST_004747,47,1,98.84,0.0,0,One year,Mailed check,DSL,0
CUST_004748,28,60,52.89,3208.71,1,Month-to-month,Mailed check,DSL,0
CUST_004749,31,18,107.08,2005.56,2,Month-to-month,Bank transfer,No,1
CUST_004750,46,12,78.09,950.84,1,Month-to-month,Electronic check,Fiber optic,0
CUST_004751,61,18,66.05,1180.32,0,One year,Electronic check,DSL,0
CUST_004752,41,23,128.04,2958.22,2,Month-to-month,Mailed check,Fiber optic,0
CUST_004753,41,61,66.51,3971.91,1,Month-to-month,Electronic check,Fiber optic,0
CUST_004754,38,4,76.13,254.57,1,Month-to-month,Electronic check,DSL,0
CUST_004755,36,8,56.1,432.15,3,Two year,Bank transfer,DSL,0
CUST_004756,49,89,117.25,10504.8,1,Month-to-month,Credit card,DSL,1
CUST_004757,22,11,80.73,1025.89,2,Two year,Credit card,Fiber optic,0
CUST_004758,64,0,28.94,0.0,1,Month-to-month,Credit card,No,1
CUST_004759,35,3,87.61,158.36,1,Two year,Credit card,Fiber optic,0
CUST_004760,55,0,83.45,3.56,4,One year,Bank transfer,No,0
CUST_004761,25,110,151.95,16915.29,1,Two year,Bank transfer,No,0
CUST_004762,55,7,32.57,132.18,0,Month-to-month,Electronic check,DSL,1
CUST_004763,55,61,80.23,4982.36,3,Month-to-month,Mailed check,No,1
CUST_004764,50,120,145.01,17534.92,2,Month-to-month,Mailed check,DSL,0
CUST_004765,30,21,44.17,891.63,1,Month-to-month,Bank transfer,Fiber optic,0
CUST_004766,48,0,87.76,0.0,3,Two year,Mailed check,Fiber optic,1
CUST_004767,27,2,26.9,111.3,1,Month-to-month,Mailed check,Fiber optic,0
CUST_004768,41,15,60.99,950.22,1,Two year,Bank transfer,Fiber optic,0
CUST_004769,60,12,110.67,1397.53,0,One year,Bank transfer,DSL,1
CUST_004770,56,22,108.43,2592.81,3,Two year,Mailed check,No,0
CUST_004771,45,13,90.98,1199.39,2,Month-to-month,Mailed check,DSL,1
CUST_004772,30,65,139.55,8951.26,3,Month-to-month,Credit card,No,0
CUST_004773,54,18,99.93,1805.35,1,Month-to-month,Bank transfer,No,0
CUST_004774,45,28,85.94,2430.41,3,One year,Bank transfer,Fiber optic,0
CUST_004775,18,54,144.97,7955.19,1,Two year,Bank transfer,Fiber optic,0
CUST_004776,56,3,90.99,253.28,2,Month-to-month,Electronic check,No,1
CUST_004777,44,6,83.14,457.91,4,One year,Mailed check,DSL,0
CUST_004778,63,2,61.89,0.0,0,Month-to-month,Electronic check,Fiber optic,1
CUST_004779,28,3,111.74,389.97,2,Two year,Electronic check,Fiber optic,1
CUST_004780,18,17,58.07,1322.03,4,Two year,Bank transfer,DSL,0
CUST_004781,49,9,25.42,206.54,2,Month-to-month,Electronic check,DSL,0
CUST_004782,49,13,46.17,645.46,3,One year,Electronic check,Fiber optic,1
CUST_004783,19,97,79.45,7652.04,1,One year,Bank transfer,DSL,0
CUST_004784,30,4,53.9,87.47,3,One year,Bank transfer,Fiber optic,0
CUST_004785,80,18,111.59,2052.01,2,Month-to-month,Mailed check,DSL,0
CUST_004786,40,2,86.15,175.12,2,Two year,Mailed check,Fiber optic,0
CUST_004787,55,9,41.4,134.03,2,Month-to-month,Bank transfer,Fiber optic,0
CUST_004788,35,17,107.38,1986.5,2,One year,Electronic check,Fiber optic,1
CUST_004789,18,70,105.42,7421.14,3,Month-to-month,Electronic check,No,1
CUST_004790,42,11,76.77,851.88,3,One year,Bank transfer,Fiber optic,1
CUST_004791,41,1,56.71,14.51,1,Two year,Bank transfer,DSL,0
CUST_004792,39,11,111.96,1272.11,1,Month-to-month,Electronic check,No,0
CUST_004793,43,3,53.33,205.14,1,Two year,Mailed check,Fiber optic,0
CUST_004794,48,6,32.41,234.62,1,Month-to-month,Bank transfer,No,0
CUST_004795,42,23,61.77,1527.58,2,Month-to-month,Bank transfer,DSL,1
CUST_004796,26,1,92.04,221.56,1,Month-to-month,Mailed check,Fiber optic,1
CUST_004797,52,14,92.76,1499.17,2,One year,Electronic check,DSL,0
CUST_004798,18,22,49.8,1011.95,1,Month-to-month,Electronic check,DSL,1
CUST_004799,18,13,37.68,432.48,3,Two year,Mailed check,No,0
CUST_004800,56,0,86.09,36.12,3,Month-to-month,Bank transfer,DSL,1
CUST_004801,52,101,138.14,13874.0,1,One year,Mailed check,Fiber optic,0
CUST_004802,44,10,61.61,554.35,3,One year,Bank transfer,DSL,0
CUST_004803,24,36,122.28,4449.61,2,Month-to-month,Credit card,Fiber optic,1
CUST_004804,34,9,122.32,1190.97,3,Two year,Bank transfer,DSL,0
CUST_004805,41,15,48.06,848.56,1,Month-to-month,Electronic check,Fiber optic,1
CUST_004806,21,11,83.21,896.01,2,Two year,Electronic check,DSL,1
CUST_004807,33,10,25.53,301.66,3,Month-to-month,Electronic check,DSL,1
CUST_004808,54,0,91.31,24.28,1,Month-to-month,Electronic check,DSL,1
CUST_004809,66,10,66.43,666.05,4,Two year,Electronic check,DSL,0
CUST_004810,38,52,65.33,3315.4,0,One year,Electronic check,Fiber optic,0
CUST_004811,56,28,109.22,2963.9,2,One year,Bank transfer,Fiber optic,1
CUST_004812,18,3,102.56,374.36,4,Month-to-month,Electronic check,Fiber optic,0
CUST_004813,54,21,41.62,790.67,4,Month-to-month,Mailed check,Fiber optic,1
CUST_004814,32,53,50.6,2504.09,1,One year,Electronic check,DSL,0
CUST_004815,49,28,67.41,1884.24,3,One year,Electronic check,Fiber optic,1
CUST_004816,41,3,84.1,397.82,2,Month-to-month,Electronic check,Fiber optic,1
CUST_004817,64,48,123.34,5640.93,2,Month-to-month,Bank transfer,DSL,0
CUST_004818,31,8,78.61,600.02,2,Two year,Mailed check,DSL,0
CUST_004819,54,14,85.07,1258.57,1,Two year,Mailed check,Fiber optic,0
CUST_004820,40,17,108.49,1661.91,0,Month-to-month,Bank transfer,Fiber optic,0
CUST_004821,42,45,95.38,4270.96,1,One year,Credit card,Fiber optic,0
CUST_004822,42,64,113.12,7125.44,1,Month-to-month,Mailed check,DSL,0
CUST_004823,32,63,103.12,6395.95,3,Two year,Bank transfer,DSL,0
CUST_004824,44,0,108.05,0.0,1,Month-to-month,Bank transfer,No,0
CUST_004825,44,61,74.05,4404.84,1,One year,Electronic check,Fiber optic,0
CUST_004826,48,1,46.9,0.0,4,One year,Bank transfer,No,1
CUST_004827,46,7,36.3,248.15,2,Month-to-month,Bank transfer,DSL,1
CUST_004828,56,17,110.45,2100.31,3,One year,Mailed check,Fiber optic,1
CUST_004829,58,15,68.68,1105.94,2,Month-to-month,Electronic check,DSL,1
CUST_004830,29,22,65.79,1548.42,2,Month-to-month,Credit card,No,1
CUST_004831,58,15,125.63,1964.25,1,Month-to-month,Credit card,Fiber optic,0
CUST_004832,27,65,145.18,9366.97,2,Two year,Bank transfer,Fiber optic,0
CUST_004833,53,6,120.2,752.28,4,Two year,Mailed check,No,0
CUST_004834,54,7,37.73,373.88,2,Two year,Bank transfer,DSL,0
CUST_004835,18,60,139.13,8430.34,2,Two year,Bank transfer,Fiber optic,0
CUST_004836,46,1,53.37,72.83,1,Month-to-month,Mailed check,DSL,1
CUST_004837,37,22,32.27,761.85,0,Month-to-month,Electronic check,DSL,1
CUST_004838,33,27,72.63,2207.29,1,Two year,Credit card,DSL,0
CUST_004839,65,16,78.92,1346.66,1,Month-to-month,Electronic check,DSL,1
CUST_004840,35,28,44.82,1223.5,3,Two year,Mailed check,Fiber optic,0
CUST_004841,32,4,75.77,295.67,2,One year,Electronic check,DSL,0
CUST_004842,46,45,124.45,5494.67,0,One year,Electronic check,DSL,0
CUST_004843,55,3,59.27,412.5,1,Month-to-month,Electronic check,No,1
CUST_004844,42,12,61.26,895.56,0,Month-to-month,Credit card,Fiber optic,0
CUST_004845,62,1,54.38,62.7,1,One year,Bank transfer,DSL,0
CUST_004846,52,18,121.31,2401.65,3,Month-to-month,Electronic check,No,0
CUST_004847,18,26,37.88,1048.01,2,Month-to-month,Bank transfer,Fiber optic,1
CUST_004848,37,68,98.51,6655.43,0,Month-to-month,Electronic check,No,1
CUST_004849,36,32,62.46,2089.36,3,One year,Bank transfer,DSL,0
CUST_004850,52,18,118.38,2170.72,0,One year,Mailed check,No,0
CUST_004851,18,64,61.61,4026.52,3,Month-to-month,Credit card,No,0
CUST_004852,80,15,68.64,892.75,1,Month-to-month,Mailed check,No,1
CUST_004853,52,19,70.18,1252.42,4,Month-to-month,Bank transfer,DSL,0
CUST_004854,47,21,119.34,2654.98,3,Month-to-month,Electronic check,Fiber optic,1
CUST_004855,62,12,47.55,739.91,1,Month-to-month,Credit card,No,0
CUST_004856,80,43,105.99,4699.06,2,One year,Mailed check,DSL,0
CUST_004857,58,4,35.44,363.63,2,One year,Electronic check,DSL,1
CUST_004858,59,19,124.9,2430.79,1,One year,Electronic check,DSL,0
CUST_004859,46,30,94.3,2879.75,1,One year,Bank transfer,Fiber optic,0
CUST_004860,42,56,110.63,6103.72,0,One year,Bank transfer,DSL,1
CUST_004861,37,51,88.88,4474.69,3,Month-to-month,Electronic check,Fiber optic,0
CUST_004862,32,17,62.73,867.55,1,Month-to-month,Electronic check,DSL,1
CUST_004863,34,24,53.27,1246.27,2,Month-to-month,Mailed check,DSL,1
CUST_004864,24,12,86.4,830.93,2,Two year,Credit card,Fiber optic,0
CUST_004865,43,15,122.96,1952.44,1,Month-to-month,Credit card,DSL,1
CUST_004866,19,56,83.98,4741.67,1,Two year,Bank transfer,Fiber optic,1
CUST_004867,47,64,140.32,8777.59,0,One year,Electronic check,No,0
CUST_004868,44,54,61.88,3322.41,4,One year,Credit card,Fiber optic,0
CUST_004869,47,3,115.11,542.1,3,Month-to-month,Electronic check,DSL,1
CUST_004870,37,45,77.55,3477.12,4,One year,Credit card,No,0
CUST_004871,80,71,93.47,6536.73,2,Month-to-month,Mailed check,Fiber optic,0
CUST_004872,65,10,71.28,534.29,4,Month-to-month,Bank transfer,Fiber optic,1
CUST_004873,26,17,100.32,1529.95,0,Month-to-month,Electronic check,DSL,0
CUST_004874,48,36,109.97,4012.31,4,Two year,Electronic check,DSL,0
CUST_004875,35,19,77.46,1428.33,3,One year,Mailed check,DSL,0
CUST_004876,29,120,132.32,15842.74,5,One year,Electronic check,No,0
CUST_004877,24,14,30.0,377.04,1,Two year,Mailed check,DSL,0
CUST_004878,51,30,65.43,1948.87,2,One year,Bank transfer,Fiber optic,0
CUST_004879,34,37,73.1,2582.05,2,Month-to-month,Bank transfer,Fiber optic,0
CUST_004880,59,16,83.87,1373.57,4,Two year,Mailed check,DSL,0
CUST_004881,59,46,98.83,4403.91,2,Month-to-month,Electronic check,No,1
CUST_004882,65,18,99.99,1724.24,3,Month-to-month,Electronic check,No,0
CUST_004883,32,12,97.7,1273.52,1,Month-to-month,Bank transfer,DSL,1
CUST_004884,52,2,44.52,126.66,2,One year,Electronic check,Fiber optic,1
CUST_004885,54,11,102.52,1196.27,3,Two year,Mailed check,DSL,1
CUST_004886,37,31,37.46,1376.31,1,One year,Electronic check,Fiber optic,1
CUST_004887,33,61,122.12,7443.12,3,Month-to-month,Bank transfer,Fiber optic,0
CUST_004888,69,6,33.21,201.38,3,One year,Bank transfer,DSL,0
CUST_004889,48,10,97.96,953.22,0,One year,Mailed check,Fiber optic,1
CUST_004890,54,4,74.71,254.51,3,One year,Bank transfer,DSL,0
CUST_004891,32,28,77.73,2075.25,2,Month-to-month,Credit card,Fiber optic,0
CUST_004892,26,77,127.57,9831.04,4,Month-to-month,Bank transfer,No,1
CUST_004893,36,24,35.64,890.79,2,Month-to-month,Mailed check,DSL,0
CUST_004894,43,23,53.85,1279.56,1,One year,Credit card,DSL,0
CUST_004895,29,19,91.14,1738.17,4,One year,Mailed check,DSL,1
CUST_004896,44,2,105.72,304.06,2,One year,Bank transfer,Fiber optic,0
CUST_004897,19,31,73.61,2284.88,4,Month-to-month,Mailed check,No,0
CUST_004898,28,22,56.88,1210.35,1,Month-to-month,Bank transfer,Fiber optic,1
CUST_004899,55,25,84.37,2016.64,0,One year,Mailed check,DSL,1
CUST_004900,54,54,109.23,5743.6,2,Month-to-month,Mailed check,No,0
CUST_004901,39,36,80.01,3026.41,2,One year,Mailed check,Fiber optic,0
CUST_004902,29,36,125.67,4454.25,2,Two year,Electronic check,No,1
CUST_004903,29,62,103.34,6314.75,2,Month-to-month,Credit card,Fiber optic,0
CUST_004904,39,110,78.58,8602.31,0,Month-to-month,Credit card,No,0
CUST_004905,54,20,52.31,1018.27,1,Two year,Bank transfer,Fiber optic,0
CUST_004906,58,2,66.06,295.98,2,Month-to-month,Electronic check,No,1
CUST_004907,37,14,96.77,1322.0,1,Two year,Mailed check,Fiber optic,0
CUST_004908,27,37,60.48,2500.92,3,Two year,Electronic check,Fiber optic,1
CUST_004909,49,0,117.63,6.37,2,Month-to-month,Electronic check,DSL,1
CUST_004910,32,1,52.36,258.06,2,One year,Mailed check,No,0
CUST_004911,37,1,73.75,163.14,1,Month-to-month,Electronic check,DSL,1
CUST_004912,64,31,37.4,1195.4,3,Month-to-month,Electronic check,Fiber optic,1
CUST_004913,57,16,116.49,2021.61,1,One year,Electronic check,DSL,1
CUST_004914,47,11,104.38,1260.44,0,Month-to-month,Mailed check,No,0
CUST_004915,25,2,40.55,144.56,7,Two year,Mailed check,DSL,0
CUST_004916,48,31,128.82,4225.29,2,One year,Electronic check,No,0
CUST_004917,60,9,56.08,454.92,2,One year,Credit card,Fiber optic,0
CUST_004918,39,7,92.72,549.54,0,Month-to-month,Credit card,No,0
CUST_004919,65,25,114.4,2792.32,3,One year,Electronic check,Fiber optic,1
CUST_004920,64,19,103.59,2143.46,4,Month-to-month,Credit card,Fiber optic,0
CUST_004921,69,10,116.76,1312.66,0,One year,Electronic check,DSL,1
CUST_004922,49,24,118.43,2789.73,1,Two year,Electronic check,DSL,0
CUST_004923,53,7,122.96,625.26,1,Month-to-month,Bank transfer,DSL,0
CUST_004924,66,38,57.26,2155.34,0,Month-to-month,Bank transfer,DSL,0
CUST_004925,51,6,53.48,219.53,4,Month-to-month,Electronic check,Fiber optic,1
CUST_004926,37,4,85.62,293.1,1,Two year,Bank transfer,DSL,0
CUST_004927,38,36,111.3,3901.53,1,One year,Bank transfer,DSL,1
CUST_004928,48,29,87.96,2389.9,1,One year,Credit card,No,0
CUST_004929,25,4,29.39,305.89,3,One year,Credit card,DSL,0
CUST_004930,42,2,105.16,141.95,3,Two year,Credit card,DSL,1
CUST_004931,61,43,137.59,6057.53,1,Month-to-month,Mailed check,DSL,0
CUST_004932,18,35,78.05,2709.67,2,Two year,Bank transfer,Fiber optic,0
CUST_004933,68,9,46.98,309.75,3,Two year,Credit card,No,0
CUST_004934,61,25,34.43,911.69,3,Month-to-month,Electronic check,No,1
CUST_004935,38,3,45.23,96.58,2,Month-to-month,Bank transfer,No,0
CUST_004936,53,16,97.99,1547.16,3,Two year,Electronic check,Fiber optic,0
CUST_004937,45,0,111.16,14.49,2,Two year,Credit card,Fiber optic,0
CUST_004938,63,11,34.85,302.14,0,Two year,Electronic check,Fiber optic,0
CUST_004939,59,1,75.83,0.0,0,One year,Mailed check,No,1
CUST_004940,23,15,97.05,1450.67,1,Month-to-month,Mailed check,Fiber optic,1
CUST_004941,53,13,54.14,800.19,3,Month-to-month,Electronic check,Fiber optic,1
CUST_004942,41,14,83.99,1085.7,2,Two year,Bank transfer,Fiber optic,0
CUST_004943,46,1,92.02,107.42,2,One year,Electronic check,DSL,0
CUST_004944,34,10,108.77,1238.27,1,Month-to-month,Electronic check,DSL,1
CUST_004945,71,33,81.75,2688.77,4,Month-to-month,Electronic check,DSL,1
CUST_004946,60,11,100.29,1111.75,2,Month-to-month,Bank transfer,DSL,1
CUST_004947,33,30,65.18,1960.87,3,Month-to-month,Electronic check,Fiber optic,1
CUST_004948,24,11,46.8,446.62,1,Two year,Credit card,Fiber optic,0
CUST_004949,39,13,45.23,488.67,1,Two year,Electronic check,No,1
CUST_004950,51,19,65.39,1143.43,4,Two year,Mailed check,Fiber optic,0
CUST_004951,48,72,59.59,4327.15,1,Month-to-month,Mailed check,DSL,1
CUST_004952,63,2,49.3,174.39,2,Month-to-month,Bank transfer,Fiber optic,1
CUST_004953,56,0,85.22,80.51,0,Month-to-month,Electronic check,DSL,1
CUST_004954,59,22,95.79,2069.57,2,Month-to-month,Bank transfer,DSL,1
CUST_004955,49,71,62.86,4572.06,4,Month-to-month,Bank transfer,DSL,1
CUST_004956,24,109,103.24,11284.07,2,Two year,Electronic check,Fiber optic,0
CUST_004957,42,15,84.46,1273.91,3,Two year,Electronic check,No,0
CUST_004958,60,15,59.36,556.39,3,Month-to-month,Mailed check,Fiber optic,0
CUST_004959,44,24,73.8,1689.43,1,Month-to-month,Credit card,DSL,1
CUST_004960,52,19,100.78,1762.73,1,Month-to-month,Electronic check,DSL,0
CUST_004961,40,24,32.93,852.95,2,One year,Bank transfer,No,0
CUST_004962,29,49,72.14,3544.33,4,One year,Bank transfer,Fiber optic,0
CUST_004963,43,32,50.24,1500.39,1,One year,Electronic check,Fiber optic,1
CUST_004964,49,16,40.76,682.61,0,Two year,Mailed check,No,0
CUST_004965,35,14,122.9,1578.31,1,Month-to-month,Bank transfer,No,1
CUST_004966,41,24,69.66,1567.37,3,Month-to-month,Bank transfer,Fiber optic,1
CUST_004967,30,14,79.71,1044.9,1,Month-to-month,Credit card,Fiber optic,0
CUST_004968,61,14,100.38,1459.36,1,Month-to-month,Credit card,DSL,0
CUST_004969,40,0,24.74,139.94,1,One year,Electronic check,No,0
CUST_004970,66,4,46.1,125.81,3,Month-to-month,Electronic check,DSL,0
CUST_004971,67,16,111.21,1911.68,2,Month-to-month,Electronic check,Fiber optic,0
CUST_004972,43,41,126.7,5199.4,1,One year,Credit card,Fiber optic,0
CUST_004973,29,7,60.8,449.18,2,One year,Credit card,No,0
CUST_004974,18,17,65.99,1115.38,0,Month-to-month,Bank transfer,DSL,1
CUST_004975,22,10,100.69,987.17,1,Month-to-month,Credit card,Fiber optic,0
CUST_004976,24,2,50.51,144.94,1,Month-to-month,Electronic check,No,1
CUST_004977,65,76,69.71,5371.95,0,Two year,Bank transfer,Fiber optic,0
CUST_004978,46,46,68.75,3074.2,3,Month-to-month,Mailed check,Fiber optic,0
CUST_004979,50,1,59.23,40.3,2,Month-to-month,Bank transfer,Fiber optic,1
CUST_004980,18,30,40.22,1373.54,3,One year,Bank transfer,No,1
CUST_004981,27,10,72.87,746.4,2,Month-to-month,Bank transfer,DSL,1
CUST_004982,58,120,154.0,18508.76,5,Month-to-month,Mailed check,Fiber optic,0
CUST_004983,49,8,75.37,719.72,2,Month-to-month,Credit card,DSL,0
CUST_004984,42,6,30.19,131.01,3,Month-to-month,Electronic check,Fiber optic,0
CUST_004985,53,20,74.01,1476.9,2,Two year,Bank transfer,No,0
CUST_004986,69,43,112.39,4914.47,3,One year,Bank transfer,Fiber optic,0
CUST_004987,41,5,28.31,265.44,0,Month-to-month,Mailed check,Fiber optic,1
CUST_004988,46,29,40.48,937.54,2,One year,Electronic check,Fiber optic,1
CUST_004989,47,1,57.56,0.0,1,Month-to-month,Mailed check,DSL,1
CUST_004990,80,60,69.5,4069.95,3,Month-to-month,Mailed check,Fiber optic,0
CUST_004991,18,2,114.48,216.57,2,Month-to-month,Electronic check,DSL,1
CUST_004992,55,58,107.13,6121.53,5,One year,Bank transfer,Fiber optic,1
CUST_004993,43,16,56.73,974.13,4,Month-to-month,Electronic check,DSL,1
CUST_004994,53,14,97.48,1381.93,6,One year,Bank transfer,DSL,0
CUST_004995,35,86,100.49,8731.31,4,Two year,Electronic check,Fiber optic,0
CUST_004996,44,111,88.71,9942.28,2,Month-to-month,Mailed check,Fiber optic,0
CUST_004997,55,25,56.22,1473.49,1,One year,Bank transfer,Fiber optic,1
CUST_004998,80,3,85.77,223.75,4,Two year,Credit card,Fiber optic,0
CUST_004999,57,16,33.19,541.43,2,Two year,Electronic check,DSL,0
CUST_005000,32,18,56.27,966.75,1,One year,Bank transfer,DSL,0
CUST_005001,38,17,49.33,702.16,1,One year,Electronic check,DSL,0
CUST_005002,38,20,50.11,1097.65,3,One year,Bank transfer,Fiber optic,0
CUST_005003,18,0,88.28,0.0,2,Two year,Credit card,Fiber optic,0
CUST_005004,40,29,117.08,3245.11,2,Month-to-month,Credit card,Fiber optic,1
CUST_005005,55,29,106.09,3130.21,1,One year,Credit card,Fiber optic,0
CUST_005006,25,2,85.57,148.75,5,Month-to-month,Mailed check,Fiber optic,1
CUST_005007,60,20,121.65,2226.92,2,Month-to-month,Bank transfer,DSL,1
CUST_005008,52,20,35.84,579.41,1,One year,Electronic check,Fiber optic,0
CUST_005009,33,27,50.25,1286.64,3,One year,Bank transfer,DSL,0
CUST_005010,42,2,62.44,145.93,1,Month-to-month,Mailed check,Fiber optic,1
CUST_005011,68,23,68.75,1659.94,1,Month-to-month,Mailed check,Fiber optic,0
CUST_005012,56,7,65.31,532.51,1,Month-to-month,Electronic check,Fiber optic,0
CUST_005013,45,16,48.65,838.61,4,Two year,Credit card,No,0
CUST_005014,41,35,52.45,1832.33,0,Month-to-month,Mailed check,No,1
CUST_005015,46,29,85.42,2649.38,4,Month-to-month,Bank transfer,No,0
CUST_005016,37,3,114.31,412.9,3,Two year,Bank transfer,Fiber optic,0
CUST_005017,18,21,69.7,1485.85,2,One year,Electronic check,DSL,0
CUST_005018,75,83,65.84,5520.99,2,Two year,Bank transfer,DSL,0
CUST_005019,47,4,92.62,330.56,1,Two year,Bank transfer,DSL,0
CUST_005020,50,46,72.11,3311.36,2,Month-to-month,Mailed check,Fiber optic,0
CUST_005021,44,29,59.01,1503.08,2,One year,Credit card,No,0
CUST_005022,33,35,69.93,2408.73,2,One year,Electronic check,Fiber optic,0
CUST_005023,42,7,95.88,847.16,3,One year,Mailed check,Fiber optic,0
CUST_005024,21,8,105.88,861.89,2,One year,Electronic check,DSL,1
CUST_005025,79,56,106.81,5991.79,3,Month-to-month,Mailed check,DSL,1
CUST_005026,26,10,57.25,672.34,1,Two year,Credit card,DSL,0
CUST_005027,29,1,51.55,87.33,3,Month-to-month,Mailed check,Fiber optic,1
CUST_005028,38,22,43.43,876.83,2,Month-to-month,Mailed check,Fiber optic,1
CUST_005029,64,3,114.83,346.86,1,Month-to-month,Bank transfer,DSL,0
CUST_005030,45,38,102.81,3793.41,2,One year,Electronic check,DSL,0
CUST_005031,26,24,34.7,851.1,1,Two year,Mailed check,DSL,0
CUST_005032,63,49,110.74,5342.32,2,Month-to-month,Mailed check,DSL,0
CUST_005033,55,36,82.72,3070.58,2,One year,Mailed check,Fiber optic,1
CUST_005034,53,2,118.26,185.49,4,Month-to-month,Bank transfer,DSL,0
CUST_005035,55,11,107.41,1099.01,4,Month-to-month,Electronic check,DSL,1
CUST_005036,80,35,54.63,1900.82,0,Two year,Mailed check,DSL,0
CUST_005037,77,12,98.01,1212.67,1,Two year,Bank transfer,Fiber optic,0
CUST_005038,34,86,111.56,9473.13,1,One year,Electronic check,DSL,1
CUST_005039,69,31,54.2,1628.21,2,One year,Bank transfer,DSL,0
CUST_005040,50,0,89.87,10.52,0,Month-to-month,Credit card,DSL,0
CUST_005041,52,50,99.74,5120.77,3,One year,Credit card,DSL,0
CUST_005042,19,2,24.04,0.0,3,One year,Bank transfer,No,0
CUST_005043,42,3,86.16,319.99,2,Month-to-month,Electronic check,DSL,1
CUST_005044,32,31,99.0,3030.6,2,Two year,Bank transfer,Fiber optic,1
CUST_005045,57,48,58.41,2754.15,4,One year,Mailed check,Fiber optic,0
CUST_005046,61,18,63.9,1082.07,2,One year,Credit card,DSL,0
CUST_005047,18,8,82.59,624.33,0,Month-to-month,Bank transfer,No,1
CUST_005048,44,10,38.88,450.86,4,Month-to-month,Electronic check,No,1
CUST_005049,61,10,110.27,1049.04,1,One year,Electronic check,DSL,0
CUST_005050,42,9,27.25,411.1,2,One year,Electronic check,No,1
CUST_005051,55,6,33.28,262.09,2,One year,Electronic check,Fiber optic,1
CUST_005052,50,22,42.61,957.23,2,Month-to-month,Bank transfer,No,0
CUST_005053,50,55,100.31,5500.48,1,Month-to-month,Electronic check,Fiber optic,0
CUST_005054,40,8,86.01,807.08,2,One year,Electronic check,Fiber optic,1
CUST_005055,26,4,62.37,383.1,0,One year,Mailed check,DSL,0
CUST_005056,28,43,70.37,2909.63,0,One year,Mailed check,No,0
CUST_005057,55,32,116.93,3671.63,4,One year,Electronic check,Fiber optic,0
CUST_005058,45,64,58.83,3828.49,4,Two year,Electronic check,DSL,1
CUST_005059,42,4,50.03,293.78,1,Two year,Electronic check,No,0
CUST_005060,38,3,25.41,46.2,1,Month-to-month,Bank transfer,No,1
CUST_005061,40,18,30.39,472.76,1,Month-to-month,Credit card,DSL,0
CUST_005062,60,22,66.34,1467.3,3,Month-to-month,Mailed check,Fiber optic,0
CUST_005063,39,15,46.98,852.4,3,One year,Mailed check,No,0
CUST_005064,24,21,57.34,1208.17,2,Month-to-month,Bank transfer,Fiber optic,0
CUST_005065,56,4,104.09,289.98,3,One year,Electronic check,Fiber optic,1
CUST_005066,41,15,43.8,667.93,4,Month-to-month,Electronic check,Fiber optic,1
CUST_005067,45,25,110.52,2841.36,0,One year,Bank transfer,DSL,0
CUST_005068,69,13,94.01,1211.93,3,Month-to-month,Bank transfer,Fiber optic,0
CUST_005069,44,27,66.14,1911.72,0,Month-to-month,Bank transfer,No,0
CUST_005070,49,14,81.66,1229.76,4,Two year,Credit card,DSL,0
CUST_005071,27,9,68.94,614.32,2,Month-to-month,Mailed check,Fiber optic,1
CUST_005072,41,8,36.84,299.03,4,Two year,Mailed check,No,1
CUST_005073,54,12,116.72,1216.45,1,Month-to-month,Credit card,DSL,1
CUST_005074,21,0,76.96,121.02,1,Month-to-month,Credit card,No,1
CUST_005075,48,26,121.02,3113.67,1,Month-to-month,Electronic check,DSL,0
CUST_005076,46,44,124.38,5432.84,2,One year,Mailed check,Fiber optic,0
CUST_005077,45,10,32.98,274.79,1,Month-to-month,Bank transfer,DSL,0
CUST_005078,60,1,41.23,86.9,2,Two year,Electronic check,DSL,0
CUST_005079,50,103,86.03,8747.82,2,One year,Credit card,Fiber optic,0
CUST_005080,67,7,106.58,647.63,3,One year,Mailed check,DSL,1
CUST_005081,30,3,107.74,317.98,2,Two year,Electronic check,DSL,0
CUST_005082,47,11,78.3,798.62,2,Month-to-month,Mailed check,DSL,1
CUST_005083,46,32,46.42,1518.89,4,Two year,Mailed check,DSL,0
CUST_005084,28,8,37.56,241.5,1,Two year,Mailed check,DSL,1
CUST_005085,59,20,111.35,2386.6,3,One year,Mailed check,No,0
CUST_005086,79,12,118.92,1496.37,1,Month-to-month,Credit card,DSL,0
CUST_005087,44,3,41.45,192.43,6,One year,Electronic check,Fiber optic,0
CUST_005088,52,9,25.61,170.03,3,Two year,Credit card,DSL,0
CUST_005089,46,30,68.1,2283.43,5,Month-to-month,Bank transfer,No,1
CUST_005090,34,22,34.05,705.2,5,Month-to-month,Credit card,DSL,1
CUST_005091,18,3,104.3,241.51,4,One year,Electronic check,DSL,1
CUST_005092,34,4,71.15,355.28,3,One year,Mailed check,Fiber optic,0
CUST_005093,24,24,96.19,2327.99,2,Month-to-month,Mailed check,Fiber optic,1
CUST_005094,70,40,81.15,3164.1,3,Two year,Electronic check,Fiber optic,1
CUST_005095,43,10,59.55,815.09,4,Two year,Mailed check,Fiber optic,0
CUST_005096,39,21,52.72,1204.68,3,Month-to-month,Credit card,No,0
CUST_005097,58,4,99.05,396.61,1,Two year,Electronic check,DSL,0
CUST_005098,28,8,93.55,988.55,3,Month-to-month,Bank transfer,No,0
CUST_005099,33,0,56.07,81.08,1,Month-to-month,Credit card,Fiber optic,1
CUST_005100,46,35,69.61,2435.22,4,Month-to-month,Mailed check,DSL,0
CUST_005101,60,12,26.12,541.64,2,Month-to-month,Electronic check,DSL,1
CUST_005102,52,40,46.36,1920.11,1,Two year,Mailed check,No,0
CUST_005103,48,29,96.83,2869.47,1,Month-to-month,Mailed check,DSL,1
CUST_005104,46,42,92.46,3844.72,2,One year,Electronic check,DSL,1
CUST_005105,51,8,67.48,544.78,1,Month-to-month,Electronic check,Fiber optic,1
CUST_005106,48,4,104.75,377.93,2,Month-to-month,Bank transfer,No,1
CUST_005107,29,85,112.89,9739.61,4,Two year,Mailed check,DSL,0
CUST_005108,45,30,73.45,2042.54,2,One year,Electronic check,Fiber optic,1
CUST_005109,28,43,57.63,2614.49,4,One year,Credit card,DSL,0
CUST_005110,46,0,102.07,0.0,0,One year,Bank transfer,DSL,0
CUST_005111,37,10,82.62,820.46,1,Month-to-month,Electronic check,Fiber optic,1
CUST_005112,80,32,45.25,1418.35,0,Month-to-month,Mailed check,DSL,0
CUST_005113,44,1,85.39,33.37,1,Month-to-month,Bank transfer,DSL,0
CUST_005114,23,20,72.51,1519.12,1,Two year,Bank transfer,DSL,0
CUST_005115,42,13,107.64,1398.78,1,One year,Electronic check,Fiber optic,1
CUST_005116,52,0,111.89,0.0,1,Month-to-month,Bank transfer,No,0
CUST_005117,70,6,83.05,513.68,1,Month-to-month,Electronic check,DSL,0
CUST_005118,36,8,97.16,707.68,3,Two year,Mailed check,Fiber optic,1
CUST_005119,21,2,26.66,0.0,0,Month-to-month,Bank transfer,DSL,0
CUST_005120,57,23,87.53,1863.36,3,Month-to-month,Mailed check,No,0
CUST_005121,24,6,98.53,546.17,1,Month-to-month,Bank transfer,Fiber optic,1
CUST_005122,38,7,73.18,561.65,2,Two year,Mailed check,DSL,0
CUST_005123,41,54,106.36,5746.88,1,One year,Bank transfer,DSL,0
CUST_005124,43,15,117.39,1942.43,2,One year,Electronic check,DSL,0
CUST_005125,55,11,45.31,759.69,1,Month-to-month,Electronic check,Fiber optic,1
CUST_005126,34,30,44.82,1298.32,2,Month-to-month,Credit card,Fiber optic,0
CUST_005127,40,57,117.56,6617.84,1,Month-to-month,Electronic check,Fiber optic,0
CUST_005128,44,0,102.28,112.98,2,Two year,Bank transfer,Fiber optic,1
CUST_005129,47,14,112.05,1602.21,3,Two year,Credit card,DSL,0
CUST_005130,46,22,95.16,2207.21,3,Month-to-month,Credit card,DSL,1
CUST_005131,51,9,107.82,1010.28,1,Month-to-month,Credit card,No,0
CUST_005132,57,35,107.57,3745.39,1,Two year,Credit card,DSL,0
CUST_005133,50,85,71.24,6036.34,0,Month-to-month,Mailed check,Fiber optic,0
CUST_005134,51,68,130.2,8897.17,0,Month-to-month,Electronic check,DSL,1
CUST_005135,21,7,41.44,268.94,2,Month-to-month,Electronic check,No,1
CUST_005136,45,6,46.66,401.92,0,One year,Electronic check,Fiber optic,0
CUST_005137,52,75,96.97,7142.15,1,Two year,Bank transfer,DSL,0
CUST_005138,55,14,58.46,939.81,1,Month-to-month,Electronic check,Fiber optic,1
CUST_005139,34,5,54.67,85.99,2,Month-to-month,Electronic check,DSL,1
CUST_005140,35,29,51.43,1505.86,2,Month-to-month,Bank transfer,Fiber optic,1
CUST_005141,36,8,53.39,393.99,3,Month-to-month,Electronic check,No,1
CUST_005142,53,7,25.47,26.63,3,Two year,Electronic check,DSL,0
CUST_005143,60,50,92.29,4408.55,2,Month-to-month,Bank transfer,DSL,0
CUST_005144,38,4,98.86,285.68,3,Month-to-month,Bank transfer,Fiber optic,1
CUST_005145,58,1,106.72,111.29,2,One year,Mailed check,Fiber optic,1
CUST_005146,46,7,105.54,678.58,0,Month-to-month,Mailed check,DSL,1
CUST_005147,43,22,72.65,1494.11,3,Month-to-month,Electronic check,No,1
CUST_005148,41,3,94.54,418.86,1,Month-to-month,Mailed check,Fiber optic,1
CUST_005149,56,15,56.29,721.12,1,One year,Electronic check,DSL,0
CUST_005150,49,23,37.06,920.21,2,Month-to-month,Electronic check,DSL,0
CUST_005151,79,45,110.1,4865.47,2,Two year,Electronic check,Fiber optic,1
CUST_005152,32,6,87.88,415.0,2,Month-to-month,Mailed check,DSL,0
CUST_005153,52,40,120.16,4746.13,6,Two year,Mailed check,Fiber optic,0
CUST_005154,37,6,84.61,569.66,1,Month-to-month,Mailed check,DSL,0
CUST_005155,31,27,49.19,1190.96,4,One year,Electronic check,Fiber optic,0
CUST_005156,44,13,111.82,1482.36,2,Two year,Electronic check,No,1
CUST_005157,47,2,83.73,71.37,4,One year,Mailed check,No,0
CUST_005158,80,30,115.76,3394.75,1,Month-to-month,Credit card,DSL,0
CUST_005159,42,5,99.91,539.62,3,One year,Credit card,Fiber optic,0
CUST_005160,28,4,51.79,424.49,2,Month-to-month,Electronic check,No,1
CUST_005161,49,10,32.46,233.45,0,Month-to-month,Credit card,DSL,0
CUST_005162,18,25,50.15,1325.75,4,Two year,Mailed check,DSL,1
CUST_005163,43,6,32.29,162.45,2,One year,Bank transfer,DSL,0
CUST_005164,45,4,46.34,137.89,1,Month-to-month,Bank transfer,DSL,1
CUST_005165,56,0,65.95,107.14,0,Month-to-month,Mailed check,DSL,0
CUST_005166,59,15,118.18,1688.36,1,One year,Electronic check,No,0
CUST_005167,37,13,113.7,1362.71,1,Month-to-month,Electronic check,Fiber optic,1
CUST_005168,42,6,94.86,615.18,2,Month-to-month,Bank transfer,DSL,0
CUST_005169,33,1,22.91,182.39,4,Month-to-month,Credit card,Fiber optic,0
CUST_005170,28,13,60.64,863.31,1,One year,Electronic check,No,1
CUST_005171,49,37,106.73,3808.49,1,Month-to-month,Bank transfer,Fiber optic,0
CUST_005172,25,30,47.9,1375.55,5,Month-to-month,Electronic check,DSL,0
CUST_005173,38,47,123.61,5907.57,1,Two year,Credit card,No,0
CUST_005174,30,0,111.46,158.11,3,Two year,Credit card,DSL,0
CUST_005175,53,81,95.91,7791.62,6,Month-to-month,Bank transfer,DSL,1
CUST_005176,72,10,95.58,897.93,7,Month-to-month,Bank transfer,DSL,0
CUST_005177,25,111,90.32,10190.17,2,One year,Bank transfer,DSL,0
CUST_005178,18,6,92.08,545.03,4,One year,Electronic check,Fiber optic,1
CUST_005179,43,15,29.65,384.1,1,Month-to-month,Credit card,DSL,0
CUST_005180,45,10,40.08,323.28,2,One year,Electronic check,Fiber optic,0
CUST_005181,48,10,95.99,840.38,2,One year,Electronic check,DSL,0
CUST_005182,38,44,113.19,5263.5,4,Two year,Mailed check,Fiber optic,0
CUST_005183,41,32,100.12,3345.82,0,Month-to-month,Mailed check,No,1
CUST_005184,50,116,125.74,14519.79,3,Month-to-month,Electronic check,DSL,1
CUST_005185,60,22,98.49,2339.98,1,Month-to-month,Bank transfer,No,1
CUST_005186,18,14,104.38,1514.65,1,Two year,Electronic check,DSL,0
CUST_005187,39,2,117.65,282.71,3,Month-to-month,Bank transfer,DSL,1
CUST_005188,48,120,168.86,20191.9,1,One year,Mailed check,DSL,0
CUST_005189,31,19,108.95,2018.7,3,Two year,Bank transfer,No,0
CUST_005190,70,28,103.48,2893.08,2,Two year,Electronic check,Fiber optic,0
CUST_005191,35,12,83.42,804.43,4,Month-to-month,Bank transfer,Fiber optic,0
CUST_005192,44,19,41.56,740.97,1,Two year,Electronic check,DSL,0
CUST_005193,53,68,70.56,4798.24,4,One year,Mailed check,Fiber optic,1
CUST_005194,36,4,104.03,547.06,2,Two year,Mailed check,Fiber optic,0
CUST_005195,18,8,104.33,773.0,3,Month-to-month,Mailed check,Fiber optic,1
CUST_005196,38,3,82.95,330.05,1,One year,Electronic check,DSL,0
CUST_005197,60,37,82.38,2842.16,5,One year,Mailed check,DSL,0
CUST_005198,39,1,23.1,139.81,2,One year,Electronic check,Fiber optic,0
CUST_005199,32,2,53.72,17.4,4,One year,Electronic check,Fiber optic,0
CUST_005200,58,8,66.06,541.54,4,Month-to-month,Bank transfer,Fiber optic,1
CUST_005201,40,17,77.08,1351.02,0,Month-to-month,Mailed check,DSL,1
CUST_005202,37,12,118.93,1448.21,1,One year,Mailed check,Fiber optic,1
CUST_005203,47,1,31.37,20.69,2,Month-to-month,Mailed check,Fiber optic,0
CUST_005204,56,75,109.39,8079.85,1,Month-to-month,Electronic check,No,1
CUST_005205,80,73,93.29,6721.38,2,Two year,Electronic check,DSL,0
CUST_005206,57,7,122.51,957.21,2,Month-to-month,Mailed check,Fiber optic,0
CUST_005207,62,31,121.69,3712.54,0,Month-to-month,Mailed check,No,1
CUST_005208,37,20,73.88,1467.24,3,Month-to-month,Mailed check,Fiber optic,1
CUST_005209,29,6,122.97,588.61,0,Month-to-month,Credit card,DSL,0
CUST_005210,45,7,74.91,610.2,3,Two year,Electronic check,DSL,0
CUST_005211,46,16,44.71,583.44,2,Month-to-month,Credit card,No,1
CUST_005212,28,13,82.09,1158.73,0,One year,Credit card,Fiber optic,0
CUST_005213,42,8,46.62,266.69,1,Month-to-month,Credit card,DSL,0
CUST_005214,50,39,103.13,4123.57,6,One year,Bank transfer,Fiber optic,0
CUST_005215,50,15,121.24,1819.68,1,One year,Credit card,No,0
CUST_005216,52,25,111.12,2722.12,4,One year,Credit card,DSL,1
CUST_005217,49,5,49.82,409.12,3,Two year,Mailed check,Fiber optic,0
CUST_005218,37,18,58.69,1049.46,2,Two year,Credit card,DSL,0
CUST_005219,37,9,31.43,246.68,3,Two year,Credit card,Fiber optic,0
CUST_005220,27,17,57.09,1061.39,4,One year,Electronic check,Fiber optic,0
CUST_005221,71,36,47.26,1553.4,1,One year,Mailed check,Fiber optic,0
CUST_005222,45,35,87.44,2807.85,1,Month-to-month,Mailed check,No,0
CUST_005223,41,10,95.83,1074.15,3,Month-to-month,Electronic check,Fiber optic,1
CUST_005224,31,28,109.12,2971.68,1,Month-to-month,Electronic check,No,1
CUST_005225,80,68,59.95,4163.26,4,One year,Mailed check,DSL,0
CUST_005226,28,23,65.5,1511.01,3,Month-to-month,Mailed check,DSL,0
CUST_005227,38,3,50.32,34.55,1,Month-to-month,Electronic check,DSL,0
CUST_005228,51,27,43.93,1246.84,2,One year,Mailed check,DSL,0
CUST_005229,54,2,57.25,73.48,3,Month-to-month,Bank transfer,Fiber optic,0
CUST_005230,59,49,74.43,3539.43,3,One year,Bank transfer,DSL,0
CUST_005231,72,17,91.95,1458.02,1,One year,Mailed check,Fiber optic,0
CUST_005232,52,11,113.83,1078.85,2,Two year,Electronic check,Fiber optic,0
CUST_005233,29,1,65.98,106.29,3,Month-to-month,Bank transfer,DSL,0
CUST_005234,41,11,100.17,1008.29,3,Month-to-month,Mailed check,Fiber optic,1
CUST_005235,49,56,62.6,3502.19,2,Month-to-month,Credit card,DSL,0
CUST_005236,76,0,109.5,0.0,4,Month-to-month,Electronic check,DSL,1
CUST_005237,24,15,42.76,547.24,3,Month-to-month,Electronic check,Fiber optic,1
CUST_005238,63,64,71.21,4405.16,2,One year,Electronic check,Fiber optic,0
CUST_005239,47,12,36.65,693.13,3,One year,Electronic check,Fiber optic,0
CUST_005240,57,13,57.47,742.23,2,One year,Mailed check,Fiber optic,0
CUST_005241,43,20,85.24,1887.16,0,One year,Electronic check,Fiber optic,0
CUST_005242,32,14,125.8,1877.69,2,Month-to-month,Electronic check,Fiber optic,1
CUST_005243,56,4,101.34,373.23,1,Two year,Electronic check,No,0
CUST_005244,54,0,58.04,18.1,3,Two year,Bank transfer,No,0
CUST_005245,59,22,88.58,1964.05,1,Month-to-month,Bank transfer,DSL,1
CUST_005246,44,60,112.33,6924.27,1,Month-to-month,Electronic check,No,1
CUST_005247,36,2,103.27,289.53,2,Month-to-month,Credit card,No,0
CUST_005248,21,5,96.15,400.0,1,One year,Electronic check,Fiber optic,1
CUST_005249,57,11,82.43,941.88,1,Month-to-month,Electronic check,DSL,0
CUST_005250,51,39,106.42,4230.75,0,One year,Electronic check,Fiber optic,0
CUST_005251,30,7,98.09,569.11,1,Month-to-month,Electronic check,No,1
CUST_005252,36,51,58.81,3048.95,2,Month-to-month,Bank transfer,DSL,0
CUST_005253,37,1,40.55,175.09,1,Month-to-month,Electronic check,Fiber optic,0
CUST_005254,22,67,122.36,8112.27,1,Two year,Bank transfer,DSL,1
CUST_005255,32,19,114.54,2104.38,1,Month-to-month,Electronic check,DSL,0
CUST_005256,27,25,73.43,1951.7,3,Two year,Electronic check,DSL,1
CUST_005257,38,11,123.49,1322.96,1,Two year,Credit card,No,0
CUST_005258,33,36,59.61,2047.66,1,Month-to-month,Electronic check,DSL,0
CUST_005259,20,4,63.67,342.91,1,Month-to-month,Credit card,Fiber optic,0
CUST_005260,75,1,58.35,116.04,2,Two year,Electronic check,Fiber optic,0
CUST_005261,63,12,119.03,1437.79,3,One year,Credit card,No,1
CUST_005262,33,46,71.54,3403.2,1,Month-to-month,Credit card,Fiber optic,0
CUST_005263,49,33,83.58,2877.67,4,Two year,Bank transfer,No,0
CUST_005264,51,17,47.22,794.52,2,Month-to-month,Credit card,Fiber optic,1
CUST_005265,62,20,82.13,1839.97,3,Month-to-month,Bank transfer,Fiber optic,0
CUST_005266,32,3,107.24,480.06,2,Month-to-month,Bank transfer,No,0
CUST_005267,61,44,72.4,2987.34,1,One year,Bank transfer,DSL,0
CUST_005268,36,37,119.58,4321.42,3,Month-to-month,Bank transfer,DSL,1
CUST_005269,24,25,123.63,2865.25,3,Two year,Bank transfer,Fiber optic,0
CUST_005270,55,15,34.8,489.47,3,Month-to-month,Credit card,DSL,0
CUST_005271,64,80,135.64,10730.27,1,Month-to-month,Bank transfer,No,0
CUST_005272,80,50,70.53,3445.29,1,Two year,Credit card,Fiber optic,0
CUST_005273,27,24,49.53,1297.84,2,Two year,Mailed check,Fiber optic,0
CUST_005274,55,11,85.61,766.25,5,Month-to-month,Credit card,No,1
CUST_005275,38,23,102.06,2360.36,1,One year,Electronic check,No,0
CUST_005276,56,20,69.48,1401.89,1,One year,Electronic check,Fiber optic,0
CUST_005277,22,12,29.92,350.77,1,One year,Electronic check,DSL,0
CUST_005278,26,8,114.87,932.04,0,One year,Electronic check,Fiber optic,1
CUST_005279,33,12,99.07,965.67,1,Two year,Bank transfer,Fiber optic,0
CUST_005280,46,20,57.17,1062.38,2,Two year,Mailed check,DSL,0
CUST_005281,35,13,76.19,1144.72,0,Two year,Electronic check,DSL,0
CUST_005282,54,7,26.28,64.27,3,Month-to-month,Bank transfer,DSL,1
CUST_005283,60,34,70.93,2578.22,2,Month-to-month,Electronic check,No,1
CUST_005284,53,18,81.25,1321.88,2,Month-to-month,Electronic check,DSL,1
CUST_005285,69,1,72.22,0.0,2,Two year,Mailed check,DSL,1
CUST_005286,51,11,46.32,414.33,1,Month-to-month,Electronic check,Fiber optic,0
CUST_005287,26,51,123.17,6394.82,3,Month-to-month,Electronic check,Fiber optic,1
CUST_005288,65,33,66.39,2136.13,3,Two year,Bank transfer,DSL,0
CUST_005289,35,9,82.54,777.41,0,Month-to-month,Mailed check,DSL,0
CUST_005290,58,66,80.15,5297.41,4,Month-to-month,Electronic check,Fiber optic,1
CUST_005291,68,1,63.02,57.57,2,Two year,Mailed check,No,0
CUST_005292,51,78,79.75,6348.03,3,Month-to-month,Mailed check,DSL,1
CUST_005293,22,6,86.3,594.96,1,Two year,Electronic check,DSL,1
CUST_005294,31,0,62.56,0.0,2,Month-to-month,Electronic check,No,1
CUST_005295,64,13,28.11,337.9,2,Month-to-month,Bank transfer,Fiber optic,0
CUST_005296,42,10,27.82,452.51,1,Month-to-month,Electronic check,DSL,1
CUST_005297,46,18,76.11,1402.0,2,Two year,Credit card,Fiber optic,0
CUST_005298,56,38,57.32,2027.47,1,One year,Electronic check,No,0
CUST_005299,55,44,100.5,4278.48,3,Month-to-month,Bank transfer,Fiber optic,0
CUST_005300,49,12,66.82,890.84,1,One year,Electronic check,DSL,1
CUST_005301,41,13,91.94,1265.49,2,Month-to-month,Mailed check,DSL,0
CUST_005302,40,3,116.74,258.08,2,One year,Electronic check,No,1
CUST_005303,57,1,73.37,148.14,3,Month-to-month,Electronic check,DSL,1
CUST_005304,53,24,110.74,2817.65,4,Two year,Credit card,Fiber optic,0
CUST_005305,41,1,95.8,241.59,2,One year,Mailed check,DSL,1
CUST_005306,61,31,127.68,4118.48,1,Two year,Electronic check,Fiber optic,1
CUST_005307,43,18,50.4,962.78,3,One year,Credit card,No,0
CUST_005308,32,5,105.23,508.4,1,One year,Electronic check,Fiber optic,0
CUST_005309,33,18,119.55,2111.69,1,One year,Electronic check,DSL,1
CUST_005310,30,4,61.28,243.37,2,One year,Electronic check,Fiber optic,1
CUST_005311,40,13,57.88,664.86,3,Month-to-month,Credit card,DSL,0
CUST_005312,63,38,134.2,5063.81,1,One year,Mailed check,No,0
CUST_005313,32,14,89.76,1384.2,2,One year,Bank transfer,DSL,0
CUST_005314,47,3,59.57,17.8,2,Month-to-month,Electronic check,DSL,0
CUST_005315,35,30,114.18,3271.42,0,Month-to-month,Electronic check,Fiber optic,1
CUST_005316,41,4,52.45,292.84,0,Month-to-month,Bank transfer,Fiber optic,0
CUST_005317,22,32,53.64,1681.49,2,One year,Electronic check,Fiber optic,0
CUST_005318,41,15,81.9,1035.89,3,Month-to-month,Mailed check,DSL,0
CUST_005319,42,14,83.62,1164.56,4,Month-to-month,Credit card,Fiber optic,1
CUST_005320,53,45,125.07,5607.95,3,Month-to-month,Credit card,DSL,1
CUST_005321,48,29,80.2,2282.77,2,Month-to-month,Mailed check,DSL,1
CUST_005322,27,0,101.46,68.57,4,Month-to-month,Mailed check,No,1
CUST_005323,61,8,55.13,307.74,2,Two year,Electronic check,Fiber optic,0
CUST_005324,48,49,102.04,5001.1,3,Month-to-month,Credit card,Fiber optic,0
CUST_005325,47,0,40.85,0.0,2,One year,Mailed check,Fiber optic,0
CUST_005326,44,18,67.54,1219.59,2,Two year,Electronic check,Fiber optic,0
CUST_005327,37,31,121.25,3585.65,2,Two year,Bank transfer,Fiber optic,0
CUST_005328,48,23,53.1,1169.01,3,One year,Mailed check,Fiber optic,1
CUST_005329,52,34,118.02,4014.79,1,Two year,Bank transfer,Fiber optic,0
CUST_005330,18,31,63.79,2031.52,2,Month-to-month,Bank transfer,No,0
CUST_005331,36,28,37.45,1233.21,2,One year,Electronic check,DSL,1
CUST_005332,41,41,51.49,2191.83,1,Two year,Mailed check,DSL,0
CUST_005333,48,24,106.59,2604.23,4,Month-to-month,Electronic check,DSL,1
CUST_005334,62,12,52.21,753.63,2,Month-to-month,Electronic check,No,0
CUST_005335,33,15,92.91,1363.34,4,One year,Electronic check,No,1
CUST_005336,37,30,104.92,3302.99,2,Month-to-month,Bank transfer,DSL,0
CUST_005337,37,50,79.51,4087.52,1,Month-to-month,Electronic check,No,1
CUST_005338,32,7,70.99,452.36,3,Two year,Bank transfer,No,0
CUST_005339,39,10,65.38,846.16,1,Month-to-month,Bank transfer,Fiber optic,0
CUST_005340,56,64,146.73,9435.73,4,Month-to-month,Bank transfer,Fiber optic,1
CUST_005341,29,20,61.99,1459.19,2,Two year,Electronic check,DSL,0
CUST_005342,51,4,40.33,191.65,3,Month-to-month,Mailed check,DSL,1
CUST_005343,19,26,69.56,1752.35,3,Two year,Bank transfer,DSL,0
CUST_005344,36,112,142.95,15933.82,3,Month-to-month,Electronic check,Fiber optic,1
CUST_005345,40,41,110.24,4484.11,1,Two year,Electronic check,Fiber optic,0
CUST_005346,70,32,128.41,4051.85,3,Two year,Bank transfer,No,0
CUST_005347,40,5,110.68,680.52,4,Month-to-month,Mailed check,Fiber optic,1
CUST_005348,18,50,73.83,3688.71,1,Two year,Electronic check,Fiber optic,1
CUST_005349,18,17,74.02,1096.88,3,One year,Mailed check,DSL,1
CUST_005350,45,52,120.73,6299.1,1,Month-to-month,Bank transfer,No,0
CUST_005351,54,9,116.15,1057.93,1,One year,Bank transfer,No,0
CUST_005352,50,1,54.22,7.36,2,Month-to-month,Electronic check,DSL,1
CUST_005353,47,15,71.94,1105.92,1,Two year,Electronic check,Fiber optic,1
CUST_005354,62,7,113.45,789.72,3,Month-to-month,Bank transfer,DSL,1
CUST_005355,36,30,70.85,2188.83,3,Month-to-month,Mailed check,Fiber optic,1
CUST_005356,58,75,105.55,7973.85,3,One year,Bank transfer,Fiber optic,0
CUST_005357,20,28,124.45,3521.1,2,Month-to-month,Mailed check,Fiber optic,0
CUST_005358,31,52,126.22,6433.78,3,One year,Mailed check,Fiber optic,0
CUST_005359,18,14,51.34,930.7,3,Month-to-month,Mailed check,DSL,1
CUST_005360,40,35,69.98,2293.68,2,One year,Bank transfer,DSL,0
CUST_005361,44,44,77.3,3388.15,3,Month-to-month,Mailed check,Fiber optic,1
CUST_005362,46,29,125.77,3538.0,1,Two year,Mailed check,DSL,0
CUST_005363,45,17,128.39,2222.32,5,One year,Electronic check,No,0
CUST_005364,31,23,108.9,2518.55,3,Month-to-month,Electronic check,No,1
CUST_005365,42,28,82.43,2291.24,1,Month-to-month,Electronic check,DSL,0
CUST_005366,22,7,24.52,323.4,2,One year,Electronic check,Fiber optic,1
CUST_005367,65,39,109.25,4371.55,9,Month-to-month,Mailed check,No,1
CUST_005368,40,72,94.94,6802.69,3,Two year,Bank transfer,Fiber optic,1
CUST_005369,37,15,90.8,1442.39,2,Month-to-month,Mailed check,DSL,1
CUST_005370,68,28,94.67,2807.21,2,Two year,Mailed check,DSL,0
CUST_005371,26,32,84.08,2800.8,3,One year,Electronic check,Fiber optic,0
CUST_005372,28,26,127.44,3299.79,1,Month-to-month,Credit card,DSL,1
CUST_005373,28,19,31.81,445.45,4,Two year,Bank transfer,No,0
CUST_005374,43,51,116.71,5984.84,3,Two year,Mailed check,DSL,0
CUST_005375,51,14,67.98,1018.64,2,One year,Electronic check,DSL,0
CUST_005376,56,1,91.88,14.92,0,Month-to-month,Bank transfer,Fiber optic,0
CUST_005377,80,44,109.52,4821.22,1,Month-to-month,Electronic check,Fiber optic,0
CUST_005378,18,26,34.02,876.33,1,One year,Bank transfer,Fiber optic,0
CUST_005379,54,45,71.03,3335.29,2,Month-to-month,Electronic check,DSL,0
CUST_005380,36,3,40.41,306.61,2,One year,Credit card,DSL,1
CUST_005381,36,0,36.7,117.52,1,One year,Mailed check,Fiber optic,0
CUST_005382,35,65,125.35,8139.04,2,One year,Electronic check,DSL,0
CUST_005383,31,3,45.46,251.14,4,One year,Electronic check,DSL,1
CUST_005384,70,39,86.97,3456.86,3,Month-to-month,Electronic check,Fiber optic,0
CUST_005385,57,41,65.2,2665.66,1,Month-to-month,Mailed check,Fiber optic,0
CUST_005386,45,29,92.52,2892.42,1,One year,Bank transfer,No,0
CUST_005387,65,3,93.56,206.87,2,Month-to-month,Electronic check,Fiber optic,0
CUST_005388,22,26,66.11,1779.19,2,Month-to-month,Electronic check,DSL,1
CUST_005389,25,52,106.3,5611.66,5,Month-to-month,Mailed check,DSL,1
CUST_005390,18,13,108.99,1388.06,4,Month-to-month,Electronic check,DSL,1
CUST_005391,34,12,35.42,480.98,0,One year,Bank transfer,DSL,1
CUST_005392,47,14,98.07,1467.49,2,One year,Electronic check,Fiber optic,0
CUST_005393,46,2,53.31,131.09,0,Month-to-month,Bank transfer,No,0
CUST_005394,47,53,58.76,3161.79,4,One year,Electronic check,Fiber optic,1
CUST_005395,23,48,98.57,4741.68,1,Month-to-month,Mailed check,DSL,1
CUST_005396,57,120,102.63,12394.9,2,One year,Mailed check,Fiber optic,0
CUST_005397,48,21,112.64,2342.46,1,Two year,Electronic check,No,1
CUST_005398,55,33,40.79,1314.88,3,Month-to-month,Electronic check,Fiber optic,0
CUST_005399,18,5,32.37,163.88,2,Month-to-month,Credit card,Fiber optic,0
CUST_005400,49,26,85.1,2330.96,5,One year,Electronic check,DSL,1
CUST_005401,27,25,91.39,2110.12,0,Two year,Electronic check,DSL,0
CUST_005402,39,55,120.49,6535.94,1,Month-to-month,Electronic check,DSL,0
CUST_005403,53,42,66.93,3038.47,4,Month-to-month,Bank transfer,Fiber optic,1
CUST_005404,46,66,137.18,9081.14,3,Two year,Electronic check,DSL,1
CUST_005405,32,48,139.31,6646.38,0,Month-to-month,Electronic check,Fiber optic,1
CUST_005406,45,48,93.9,4586.87,1,Month-to-month,Mailed check,Fiber optic,0
CUST_005407,22,1,96.55,18.05,3,One year,Electronic check,Fiber optic,0
CUST_005408,62,44,94.48,3947.05,3,Month-to-month,Mailed check,DSL,0
CUST_005409,41,22,37.95,870.31,4,One year,Credit card,No,0
CUST_005410,61,11,58.11,566.14,1,One year,Mailed check,Fiber optic,1
CUST_005411,37,1,29.25,39.39,1,Two year,Mailed check,Fiber optic,0
CUST_005412,37,27,132.39,3607.41,0,Month-to-month,Bank transfer,DSL,0
CUST_005413,33,9,47.4,440.83,4,One year,Mailed check,DSL,1
CUST_005414,58,15,91.09,1195.45,0,One year,Electronic check,Fiber optic,1
CUST_005415,34,27,61.93,1674.86,1,Two year,Electronic check,DSL,1
CUST_005416,54,58,114.32,6675.29,2,Month-to-month,Credit card,No,0
CUST_005417,39,41,61.54,2383.14,2,One year,Bank transfer,Fiber optic,1
CUST_005418,18,14,105.53,1325.46,1,One year,Bank transfer,DSL,0
CUST_005419,36,11,36.58,295.49,1,One year,Mailed check,Fiber optic,0
CUST_005420,27,6,112.52,749.77,0,Two year,Mailed check,No,0
CUST_005421,45,11,109.54,1005.13,1,One year,Bank transfer,No,1
CUST_005422,27,2,88.88,260.74,2,One year,Bank transfer,Fiber optic,0
CUST_005423,58,85,69.24,5924.73,0,One year,Bank transfer,Fiber optic,0
CUST_005424,43,20,50.86,991.39,3,Month-to-month,Mailed check,Fiber optic,0
CUST_005425,42,3,107.44,174.25,1,Month-to-month,Electronic check,No,1
CUST_005426,54,10,37.2,292.33,3,Month-to-month,Mailed check,Fiber optic,0
CUST_005427,59,19,45.09,934.96,3,One year,Mailed check,Fiber optic,0
CUST_005428,44,18,83.4,1626.88,4,Month-to-month,Electronic check,Fiber optic,1
CUST_005429,33,0,47.42,0.0,1,One year,Electronic check,Fiber optic,1
CUST_005430,18,72,78.21,5745.13,0,Month-to-month,Bank transfer,Fiber optic,0
CUST_005431,34,7,81.08,636.16,0,One year,Electronic check,No,0
CUST_005432,35,0,57.26,0.0,2,Month-to-month,Credit card,Fiber optic,0
CUST_005433,46,1,34.56,0.0,2,Month-to-month,Mailed check,DSL,1
CUST_005434,39,20,83.49,1611.57,0,Month-to-month,Bank transfer,No,1
CUST_005435,55,3,60.2,362.9,1,Two year,Mailed check,No,0
CUST_005436,35,1,93.95,111.8,2,Month-to-month,Mailed check,Fiber optic,1
CUST_005437,44,11,35.78,526.52,3,Month-to-month,Credit card,DSL,0
CUST_005438,62,23,93.56,2176.07,3,Two year,Electronic check,Fiber optic,0
CUST_005439,50,2,64.65,84.03,1,Month-to-month,Electronic check,DSL,0
CUST_005440,44,9,65.11,644.36,2,One year,Electronic check,DSL,0
CUST_005441,35,12,49.23,806.53,1,Two year,Electronic check,DSL,1
CUST_005442,35,4,25.04,35.76,0,One year,Credit card,DSL,0
CUST_005443,32,16,112.77,1895.69,4,One year,Electronic check,Fiber optic,1
CUST_005444,36,2,53.64,126.33,3,Month-to-month,Electronic check,DSL,0
CUST_005445,56,1,88.61,0.0,2,One year,Bank transfer,DSL,0
CUST_005446,41,17,123.26,1948.21,2,Two year,Electronic check,Fiber optic,0
CUST_005447,24,6,79.5,431.8,1,Two year,Bank transfer,Fiber optic,0
CUST_005448,71,2,60.71,156.18,2,One year,Electronic check,DSL,0
CUST_005449,49,13,53.33,781.09,2,Month-to-month,Electronic check,Fiber optic,1
CUST_005450,23,59,142.9,8274.27,2,Two year,Mailed check,Fiber optic,0
CUST_005451,38,30,103.21,3161.5,3,Month-to-month,Mailed check,DSL,1
CUST_005452,46,40,106.53,4249.29,1,Month-to-month,Electronic check,No,1
CUST_005453,70,49,87.12,4269.01,3,Month-to-month,Bank transfer,Fiber optic,1
CUST_005454,28,86,147.5,12744.28,4,Month-to-month,Electronic check,Fiber optic,1
CUST_005455,59,34,108.37,3859.1,0,One year,Electronic check,DSL,0
CUST_005456,65,22,59.32,1335.37,5,Month-to-month,Mailed check,Fiber optic,1
CUST_005457,35,10,84.96,713.9,3,Month-to-month,Credit card,DSL,1
CUST_005458,40,4,65.02,241.37,1,Month-to-month,Electronic check,Fiber optic,1
CUST_005459,29,27,34.16,1007.51,3,Month-to-month,Bank transfer,DSL,0
CUST_005460,41,120,160.76,19379.99,3,One year,Bank transfer,Fiber optic,0
CUST_005461,44,15,39.78,663.33,1,One year,Electronic check,DSL,0
CUST_005462,54,30,86.0,2528.86,0,One year,Mailed check,DSL,0
CUST_005463,61,16,61.62,849.18,3,One year,Credit card,Fiber optic,0
CUST_005464,33,13,60.71,848.17,0,Month-to-month,Electronic check,DSL,1
CUST_005465,18,12,73.74,763.41,1,One year,Electronic check,DSL,0
CUST_005466,44,16,127.7,2112.54,2,One year,Bank transfer,Fiber optic,0
CUST_005467,49,10,65.84,727.71,4,Month-to-month,Mailed check,Fiber optic,0
CUST_005468,48,33,54.73,1759.42,1,Month-to-month,Electronic check,DSL,1
CUST_005469,40,49,105.86,5175.92,2,Month-to-month,Electronic check,No,1
CUST_005470,46,51,69.13,3545.44,5,Month-to-month,Bank transfer,DSL,1
CUST_005471,67,6,33.55,139.85,3,Month-to-month,Mailed check,Fiber optic,0
CUST_005472,50,54,52.02,2670.77,1,Month-to-month,Electronic check,DSL,1
CUST_005473,39,10,27.29,268.96,2,Month-to-month,Credit card,DSL,1
CUST_005474,37,8,67.12,543.43,0,Month-to-month,Mailed check,No,0
CUST_005475,42,31,78.17,2559.45,2,Month-to-month,Mailed check,No,1
CUST_005476,69,8,42.55,262.24,0,Month-to-month,Bank transfer,No,1
CUST_005477,42,1,98.9,205.75,2,One year,Mailed check,No,0
CUST_005478,44,11,38.43,307.99,3,Month-to-month,Electronic check,DSL,0
CUST_005479,37,30,126.53,3661.49,1,Two year,Bank transfer,DSL,1
CUST_005480,61,9,83.26,719.23,5,Two year,Electronic check,DSL,0
CUST_005481,74,23,34.26,693.93,1,One year,Credit card,DSL,0
CUST_005482,51,25,128.8,3084.07,1,Month-to-month,Electronic check,Fiber optic,1
CUST_005483,46,31,66.29,2249.55,0,Two year,Mailed check,Fiber optic,0
CUST_005484,45,54,92.0,4922.7,1,Month-to-month,Credit card,Fiber optic,1
CUST_005485,18,13,54.93,945.18,5,Month-to-month,Electronic check,Fiber optic,1
CUST_005486,56,4,94.84,279.9,3,One year,Mailed check,DSL,0
CUST_005487,47,9,73.07,486.76,0,Month-to-month,Bank transfer,DSL,0
CUST_005488,51,13,39.74,645.71,1,One year,Mailed check,Fiber optic,1
CUST_005489,34,30,45.42,1289.95,2,One year,Electronic check,No,1
CUST_005490,39,0,92.54,13.89,3,Month-to-month,Electronic check,DSL,0
CUST_005491,38,9,48.21,298.31,3,Month-to-month,Mailed check,DSL,1
CUST_005492,60,36,51.78,1860.24,3,Two year,Mailed check,No,0
CUST_005493,39,26,82.94,2019.35,4,One year,Electronic check,No,1
CUST_005494,76,31,115.78,3581.68,5,Month-to-month,Electronic check,Fiber optic,1
CUST_005495,51,40,67.88,2667.74,2,One year,Electronic check,DSL,0
CUST_005496,25,36,65.64,2386.18,1,Month-to-month,Mailed check,Fiber optic,1
CUST_005497,43,27,116.89,3218.55,0,Two year,Bank transfer,DSL,0
CUST_005498,35,13,41.28,560.79,1,Month-to-month,Electronic check,No,0
CUST_005499,18,98,130.67,12851.04,2,Two year,Electronic check,DSL,0
CUST_005500,68,20,125.5,2499.12,2,Two year,Bank transfer,Fiber optic,1
CUST_005501,55,5,106.63,489.62,0,Two year,Bank transfer,DSL,0
CUST_005502,52,8,30.18,288.46,0,Month-to-month,Bank transfer,Fiber optic,0
CUST_005503,47,28,65.99,1836.61,1,Two year,Bank transfer,Fiber optic,0
CUST_005504,24,62,65.24,4037.39,3,Month-to-month,Credit card,Fiber optic,1
CUST_005505,37,4,116.92,507.47,1,Month-to-month,Bank transfer,DSL,1
CUST_005506,57,2,119.59,135.87,3,Month-to-month,Electronic check,DSL,1
CUST_005507,29,51,69.0,3661.93,1,One year,Electronic check,No,0
CUST_005508,18,59,116.47,6846.79,3,One year,Electronic check,DSL,0
CUST_005509,41,7,107.66,766.06,2,One year,Mailed check,No,0
CUST_005510,42,11,48.87,533.1,2,Two year,Electronic check,DSL,0
CUST_005511,47,25,51.27,1346.98,3,Month-to-month,Bank transfer,DSL,0
CUST_005512,55,9,25.62,264.51,2,Month-to-month,Bank transfer,Fiber optic,1
CUST_005513,54,50,86.2,4304.82,1,One year,Bank transfer,No,1
CUST_005514,48,2,110.94,366.76,3,One year,Electronic check,No,1
CUST_005515,62,0,110.3,0.0,0,Month-to-month,Electronic check,Fiber optic,1
CUST_005516,22,5,35.27,300.64,0,Two year,Mailed check,Fiber optic,0
CUST_005517,52,8,44.44,447.5,5,Month-to-month,Bank transfer,Fiber optic,1
CUST_005518,54,2,61.8,0.0,2,One year,Bank transfer,Fiber optic,0
CUST_005519,26,1,98.56,191.49,1,Month-to-month,Credit card,Fiber optic,1
CUST_005520,22,33,97.69,3329.46,2,Month-to-month,Electronic check,DSL,1
CUST_005521,33,4,73.38,349.72,5,Two year,Bank transfer,No,0
CUST_005522,35,58,108.19,6119.3,1,Month-to-month,Electronic check,No,0
CUST_005523,56,11,35.12,454.58,0,Two year,Electronic check,No,0
CUST_005524,35,26,80.77,2200.65,6,Month-to-month,Bank transfer,Fiber optic,1
CUST_005525,32,6,122.21,676.02,3,One year,Credit card,DSL,0
CUST_005526,35,6,31.84,235.18,0,One year,Mailed check,DSL,0
CUST_005527,61,20,81.92,1603.17,2,Month-to-month,Mailed check,Fiber optic,0
CUST_005528,45,19,59.06,1210.77,4,Two year,Electronic check,DSL,1
CUST_005529,42,35,91.49,3170.85,1,Month-to-month,Bank transfer,Fiber optic,1
CUST_005530,43,34,94.38,3150.97,1,One year,Credit card,DSL,0
CUST_005531,64,26,90.75,2355.5,2,Two year,Bank transfer,DSL,0
CUST_005532,33,14,112.22,1436.93,1,Month-to-month,Mailed check,Fiber optic,1
CUST_005533,64,53,85.47,4516.3,2,One year,Mailed check,DSL,0
CUST_005534,48,23,83.14,1948.32,2,Month-to-month,Bank transfer,DSL,0
CUST_005535,42,111,76.59,8588.8,1,Month-to-month,Credit card,DSL,1
CUST_005536,80,41,119.46,4922.55,1,Month-to-month,Credit card,DSL,0
CUST_005537,29,1,46.45,0.0,1,Two year,Bank transfer,DSL,1
CUST_005538,39,9,106.16,1090.63,1,Month-to-month,Electronic check,Fiber optic,1
CUST_005539,26,20,56.56,1274.89,1,Month-to-month,Electronic check,DSL,1
CUST_005540,59,30,36.08,1093.62,2,Two year,Electronic check,No,1
CUST_005541,70,19,44.98,779.49,3,Month-to-month,Electronic check,Fiber optic,0
CUST_005542,70,37,137.07,5018.36,3,One year,Electronic check,No,1
CUST_005543,63,7,55.48,368.01,1,One year,Credit card,DSL,0
CUST_005544,42,4,32.88,159.4,1,One year,Bank transfer,DSL,0
CUST_005545,39,1,32.38,1.93,1,Month-to-month,Electronic check,DSL,1
CUST_005546,19,20,61.03,1134.85,1,One year,Electronic check,Fiber optic,1
CUST_005547,75,28,37.76,1159.71,1,Two year,Credit card,No,0
CUST_005548,52,9,75.65,706.57,5,Month-to-month,Electronic check,DSL,1
CUST_005549,37,22,52.37,1046.99,1,Month-to-month,Bank transfer,No,1
CUST_005550,64,1,72.43,101.56,3,Two year,Electronic check,Fiber optic,0
CUST_005551,30,2,35.08,86.34,0,Month-to-month,Electronic check,Fiber optic,1
CUST_005552,51,29,77.49,2175.28,3,Month-to-month,Mailed check,Fiber optic,1
CUST_005553,42,11,85.29,1057.71,3,Month-to-month,Mailed check,DSL,1
CUST_005554,54,26,39.2,1032.69,3,Month-to-month,Bank transfer,Fiber optic,0
CUST_005555,44,42,80.87,3375.08,2,Month-to-month,Electronic check,Fiber optic,1
CUST_005556,23,45,72.75,3265.51,3,Month-to-month,Electronic check,No,1
CUST_005557,46,4,46.04,228.54,2,Month-to-month,Bank transfer,Fiber optic,0
CUST_005558,60,15,87.95,1312.08,4,Two year,Electronic check,Fiber optic,0
CUST_005559,44,31,94.35,2916.93,1,One year,Credit card,Fiber optic,0
CUST_005560,56,35,100.57,3626.55,1,Month-to-month,Electronic check,Fiber optic,1
CUST_005561,29,36,53.89,1798.14,1,Month-to-month,Mailed check,DSL,1
CUST_005562,44,6,51.57,184.27,1,Two year,Electronic check,DSL,0
CUST_005563,35,5,43.47,295.04,4,Two year,Bank transfer,DSL,0
CUST_005564,56,21,84.55,2017.14,2,Two year,Electronic check,Fiber optic,0
CUST_005565,45,32,82.11,2715.06,2,Two year,Electronic check,Fiber optic,0
CUST_005566,55,9,57.53,704.19,1,One year,Mailed check,Fiber optic,0
CUST_005567,61,2,99.6,155.77,0,Month-to-month,Credit card,Fiber optic,0
CUST_005568,55,30,44.4,1268.21,3,Two year,Credit card,Fiber optic,0
CUST_005569,49,8,121.49,1017.57,4,One year,Bank transfer,DSL,0
CUST_005570,30,4,33.65,229.98,3,One year,Electronic check,Fiber optic,0
CUST_005571,44,3,98.81,165.27,2,One year,Credit card,DSL,0
CUST_005572,37,9,61.32,530.59,4,One year,Credit card,DSL,1
CUST_005573,39,21,117.03,2454.85,2,One year,Electronic check,DSL,1
CUST_005574,39,10,32.42,256.28,1,Month-to-month,Electronic check,Fiber optic,0
CUST_005575,30,0,57.47,0.0,2,Month-to-month,Mailed check,DSL,0
CUST_005576,18,2,54.54,193.4,2,Month-to-month,Mailed check,Fiber optic,1
CUST_005577,34,8,123.32,1033.49,1,One year,Electronic check,No,1
CUST_005578,47,25,131.05,3356.22,1,Two year,Electronic check,DSL,0
CUST_005579,24,2,39.98,113.65,4,Month-to-month,Mailed check,DSL,1
CUST_005580,45,19,92.49,1670.07,0,Two year,Bank transfer,No,0
CUST_005581,73,3,75.05,267.47,3,Month-to-month,Credit card,Fiber optic,0
CUST_005582,60,5,37.94,94.48,5,Two year,Electronic check,DSL,0
CUST_005583,69,4,38.78,123.94,3,Month-to-month,Bank transfer,Fiber optic,0
CUST_005584,50,1,119.43,15.8,2,One year,Bank transfer,DSL,0
CUST_005585,62,26,78.27,1974.01,3,Month-to-month,Mailed check,Fiber optic,0
CUST_005586,34,14,39.58,563.17,3,Month-to-month,Credit card,Fiber optic,1
CUST_005587,35,42,62.48,2578.37,2,Month-to-month,Electronic check,No,0
CUST_005588,18,2,47.83,7.35,5,One year,Credit card,DSL,0
CUST_005589,62,3,72.59,331.55,2,Month-to-month,Credit card,No,0
CUST_005590,68,8,57.55,448.48,2,Two year,Electronic check,No,0
CUST_005591,36,34,82.5,2752.25,2,One year,Mailed check,Fiber optic,0
CUST_005592,41,8,40.65,216.96,1,Month-to-month,Mailed check,Fiber optic,1
CUST_005593,33,12,58.67,516.87,4,One year,Mailed check,Fiber optic,1
CUST_005594,50,8,31.03,226.05,0,Month-to-month,Credit card,DSL,0
CUST_005595,61,2,109.97,82.12,5,One year,Bank transfer,DSL,0
CUST_005596,18,67,73.38,4987.35,2,One year,Electronic check,Fiber optic,0
CUST_005597,51,19,105.19,2001.56,3,Month-to-month,Credit card,Fiber optic,1
CUST_005598,40,37,73.46,2873.68,1,One year,Electronic check,Fiber optic,0
CUST_005599,46,25,79.94,2020.8,2,Month-to-month,Mailed check,Fiber optic,0
CUST_005600,51,17,57.63,906.98,3,Month-to-month,Mailed check,DSL,1
CUST_005601,42,2,90.64,0.0,3,One year,Electronic check,Fiber optic,1
CUST_005602,43,24,116.45,2875.57,2,Month-to-month,Bank transfer,Fiber optic,0
CUST_005603,41,4,50.63,72.61,3,Month-to-month,Credit card,No,0
CUST_005604,59,12,50.22,561.85,2,Month-to-month,Mailed check,DSL,0
CUST_005605,51,23,99.64,2459.22,0,One year,Mailed check,DSL,0
CUST_005606,48,36,57.52,2131.65,1,Month-to-month,Mailed check,DSL,0
CUST_005607,25,27,97.48,2671.05,1,Two year,Credit card,Fiber optic,0
CUST_005608,39,26,42.44,1197.95,5,One year,Credit card,Fiber optic,0
CUST_005609,58,3,83.51,341.25,3,One year,Mailed check,DSL,0
CUST_005610,45,10,76.34,921.5,1,Month-to-month,Credit card,No,0
CUST_005611,54,1,31.89,0.0,3,Month-to-month,Electronic check,Fiber optic,1
CUST_005612,71,30,99.91,2959.64,2,Two year,Mailed check,Fiber optic,0
CUST_005613,60,73,101.16,7292.13,3,Month-to-month,Electronic check,Fiber optic,1
CUST_005614,46,7,45.21,313.21,0,Month-to-month,Electronic check,Fiber optic,1
CUST_005615,37,2,56.34,99.45,2,Month-to-month,Credit card,DSL,0
CUST_005616,18,15,76.71,975.16,2,Month-to-month,Bank transfer,Fiber optic,1
CUST_005617,42,46,52.16,2333.76,1,Month-to-month,Electronic check,No,1
CUST_005618,40,19,125.26,2523.87,3,Two year,Bank transfer,DSL,0
CUST_005619,50,1,87.06,111.48,1,Month-to-month,Mailed check,DSL,1
CUST_005620,42,87,73.75,6488.09,1,Two year,Bank transfer,DSL,0
CUST_005621,40,42,123.29,5165.97,3,Month-to-month,Mailed check,Fiber optic,1
CUST_005622,18,3,53.76,0.0,1,Two year,Mailed check,Fiber optic,0
CUST_005623,30,61,110.18,6708.11,1,One year,Mailed check,No,1
CUST_005624,52,14,54.71,870.17,2,Month-to-month,Electronic check,Fiber optic,1
CUST_005625,70,11,98.84,968.68,0,One year,Electronic check,Fiber optic,1
CUST_005626,43,14,99.3,1464.92,4,Month-to-month,Electronic check,No,1
CUST_005627,49,43,96.7,3988.1,4,Two year,Mailed check,DSL,0
CUST_005628,59,25,56.59,1416.83,1,Two year,Electronic check,Fiber optic,0
CUST_005629,32,1,45.87,100.32,0,Month-to-month,Bank transfer,DSL,1
CUST_005630,50,75,95.79,7152.76,1,Month-to-month,Credit card,No,0
CUST_005631,33,3,36.0,355.25,3,One year,Bank transfer,Fiber optic,0
CUST_005632,57,32,69.77,2183.18,1,One year,Electronic check,DSL,1
CUST_005633,47,24,100.44,2352.61,1,Month-to-month,Mailed check,Fiber optic,1
CUST_005634,49,4,105.08,440.79,7,Month-to-month,Bank transfer,No,1
CUST_005635,33,4,55.26,145.54,6,Two year,Bank transfer,DSL,1
CUST_005636,55,49,67.86,3180.96,2,Month-to-month,Electronic check,Fiber optic,1
CUST_005637,76,13,109.76,1317.17,3,Month-to-month,Mailed check,Fiber optic,1
CUST_005638,29,25,121.57,3115.06,2,Month-to-month,Electronic check,No,1
CUST_005639,39,16,69.0,1073.54,2,Month-to-month,Bank transfer,No,0
CUST_005640,48,31,38.19,1354.1,3,One year,Mailed check,DSL,0
CUST_005641,56,15,97.0,1410.82,1,One year,Electronic check,Fiber optic,0
CUST_005642,36,8,102.4,890.28,2,One year,Mailed check,Fiber optic,1
CUST_005643,18,10,26.8,319.11,3,One year,Bank transfer,No,0
CUST_005644,65,47,103.0,4795.53,2,Two year,Electronic check,Fiber optic,1
CUST_005645,56,15,86.34,1207.17,3,Month-to-month,Mailed check,DSL,0
CUST_005646,18,5,60.37,128.67,3,Month-to-month,Mailed check,Fiber optic,0
CUST_005647,35,65,127.48,8341.3,2,Month-to-month,Credit card,DSL,0
CUST_005648,68,38,81.82,3228.91,4,Two year,Electronic check,DSL,0
CUST_005649,66,1,88.18,0.0,7,One year,Bank transfer,Fiber optic,1
CUST_005650,59,120,131.71,15768.36,2,Month-to-month,Electronic check,Fiber optic,0
CUST_005651,42,28,58.85,1581.01,2,Month-to-month,Credit card,DSL,1
CUST_005652,46,4,82.65,385.74,2,Two year,Electronic check,Fiber optic,0
CUST_005653,43,6,96.69,547.28,3,Month-to-month,Electronic check,Fiber optic,1
CUST_005654,61,28,131.39,3811.23,2,Month-to-month,Mailed check,DSL,1
CUST_005655,31,36,76.01,2697.95,8,One year,Electronic check,DSL,0
CUST_005656,32,6,29.45,53.05,3,Two year,Electronic check,No,0
CUST_005657,60,7,122.3,809.2,1,Month-to-month,Mailed check,No,0
CUST_005658,44,8,86.38,655.18,4,One year,Credit card,DSL,1
CUST_005659,65,21,125.15,2680.66,1,Month-to-month,Mailed check,Fiber optic,1
CUST_005660,34,4,32.38,92.18,3,One year,Bank transfer,No,0
CUST_005661,44,2,55.2,154.42,0,One year,Bank transfer,Fiber optic,0
CUST_005662,31,27,46.89,1187.08,1,Two year,Electronic check,DSL,0
CUST_005663,45,36,121.55,4346.37,1,Month-to-month,Electronic check,Fiber optic,1
CUST_005664,22,16,116.03,1778.04,2,One year,Credit card,DSL,1
CUST_005665,37,10,75.13,666.65,4,One year,Electronic check,Fiber optic,0
CUST_005666,23,13,45.16,714.57,1,Two year,Mailed check,No,1
CUST_005667,55,11,38.21,348.82,1,One year,Bank transfer,Fiber optic,0
CUST_005668,55,77,117.32,8998.6,3,Month-to-month,Electronic check,Fiber optic,0
CUST_005669,19,35,88.14,3189.28,3,Month-to-month,Credit card,DSL,0
CUST_005670,65,5,91.98,534.89,5,Two year,Mailed check,Fiber optic,1
CUST_005671,80,11,56.02,780.35,3,Two year,Credit card,Fiber optic,0
CUST_005672,45,18,69.24,1294.54,1,Month-to-month,Mailed check,No,0
CUST_005673,35,22,33.14,668.95,2,Month-to-month,Mailed check,DSL,0
CUST_005674,80,15,88.51,1533.43,3,One year,Bank transfer,DSL,0
CUST_005675,25,39,81.81,3248.97,0,Month-to-month,Credit card,No,0
CUST_005676,45,35,129.48,4516.21,3,Month-to-month,Mailed check,DSL,0
CUST_005677,47,16,92.18,1480.6,3,Month-to-month,Credit card,DSL,0
CUST_005678,65,46,82.87,3829.92,0,One year,Bank transfer,No,0
CUST_005679,50,33,62.86,2050.66,2,Two year,Mailed check,Fiber optic,0
CUST_005680,37,36,128.53,4489.44,0,Month-to-month,Electronic check,Fiber optic,1
CUST_005681,30,75,59.13,4597.16,3,Two year,Electronic check,Fiber optic,0
CUST_005682,39,7,56.19,391.16,3,One year,Bank transfer,DSL,0
CUST_005683,29,7,117.85,843.3,3,Two year,Electronic check,Fiber optic,0
CUST_005684,45,52,111.4,6000.79,4,Month-to-month,Mailed check,Fiber optic,1
CUST_005685,36,35,90.77,3108.69,3,Month-to-month,Mailed check,Fiber optic,0
CUST_005686,22,62,71.35,4489.46,1,Month-to-month,Bank transfer,DSL,1
CUST_005687,63,1,103.84,24.61,1,Month-to-month,Credit card,Fiber optic,0
CUST_005688,37,23,51.92,1226.26,2,Two year,Bank transfer,Fiber optic,0
CUST_005689,25,3,46.33,159.13,3,Two year,Mailed check,Fiber optic,1
CUST_005690,42,16,47.19,834.02,3,One year,Bank transfer,DSL,0
CUST_005691,46,4,37.81,272.08,2,Month-to-month,Bank transfer,DSL,0
CUST_005692,18,3,116.83,292.54,0,Month-to-month,Credit card,Fiber optic,0
CUST_005693,49,0,80.2,141.67,0,Month-to-month,Bank transfer,Fiber optic,0
CUST_005694,29,23,95.28,2340.27,2,One year,Bank transfer,DSL,1
CUST_005695,70,10,120.43,1179.33,0,Month-to-month,Electronic check,No,1
CUST_005696,52,2,44.06,87.46,6,Two year,Electronic check,DSL,1
CUST_005697,39,9,25.09,176.39,1,Month-to-month,Credit card,Fiber optic,0
CUST_005698,33,4,81.89,297.01,3,Month-to-month,Electronic check,No,1
CUST_005699,43,68,104.78,7005.0,3,Two year,Electronic check,Fiber optic,1
CUST_005700,54,9,72.27,728.14,0,One year,Electronic check,DSL,0
CUST_005701,44,9,30.69,71.16,2,One year,Bank transfer,DSL,0
CUST_005702,41,43,86.94,3668.86,4,Two year,Electronic check,Fiber optic,0
CUST_005703,45,25,61.26,1526.78,3,Two year,Bank transfer,Fiber optic,0
CUST_005704,35,29,61.96,1926.72,5,Two year,Mailed check,DSL,0
CUST_005705,39,24,54.24,1247.19,3,Two year,Electronic check,Fiber optic,0
CUST_005706,18,70,88.25,6220.48,2,Month-to-month,Electronic check,DSL,0
CUST_005707,59,5,57.81,280.97,1,One year,Electronic check,Fiber optic,1
CUST_005708,49,108,104.88,11421.29,1,One year,Electronic check,No,1
CUST_005709,33,42,138.88,5870.32,3,One year,Bank transfer,Fiber optic,0
CUST_005710,73,21,123.77,2682.26,1,One year,Electronic check,DSL,0
CUST_005711,46,26,90.45,2296.66,2,Two year,Bank transfer,Fiber optic,0
CUST_005712,29,25,130.61,3163.73,0,Month-to-month,Credit card,Fiber optic,0
CUST_005713,57,1,119.62,156.33,2,One year,Credit card,DSL,1
CUST_005714,50,5,58.09,241.7,1,One year,Bank transfer,No,1
CUST_005715,50,78,103.52,8077.5,1,Month-to-month,Credit card,Fiber optic,0
CUST_005716,38,18,124.91,2280.04,0,Month-to-month,Bank transfer,No,1
CUST_005717,51,11,86.36,1074.18,3,One year,Bank transfer,Fiber optic,0
CUST_005718,41,34,58.29,2060.62,2,Two year,Bank transfer,Fiber optic,0
CUST_005719,53,17,97.44,1588.35,7,One year,Credit card,Fiber optic,0
CUST_005720,18,0,40.57,0.0,1,Month-to-month,Bank transfer,No,1
CUST_005721,38,31,69.44,2323.25,2,One year,Electronic check,DSL,1
CUST_005722,70,31,58.26,1647.67,3,Two year,Electronic check,No,0
CUST_005723,33,4,46.5,140.74,1,Month-to-month,Electronic check,Fiber optic,0
CUST_005724,35,75,57.97,4411.94,0,One year,Bank transfer,DSL,0
CUST_005725,38,6,111.07,830.3,4,One year,Bank transfer,Fiber optic,0
CUST_005726,26,14,56.6,773.42,5,One year,Electronic check,Fiber optic,1
CUST_005727,18,2,29.64,62.01,4,Month-to-month,Credit card,Fiber optic,1
CUST_005728,41,22,39.7,785.87,2,Two year,Credit card,DSL,0
CUST_005729,47,11,81.1,904.78,4,Month-to-month,Bank transfer,DSL,1
CUST_005730,44,10,124.29,1127.91,0,Month-to-month,Electronic check,No,1
CUST_005731,42,42,55.5,2256.07,2,Month-to-month,Bank transfer,Fiber optic,0
CUST_005732,45,0,29.96,76.39,1,One year,Credit card,Fiber optic,0
CUST_005733,60,38,82.83,3104.2,2,One year,Electronic check,DSL,1
CUST_005734,42,20,86.33,1818.39,2,Month-to-month,Mailed check,Fiber optic,0
CUST_005735,36,102,100.44,10229.33,0,Month-to-month,Electronic check,DSL,0
CUST_005736,40,21,60.75,1138.91,1,Month-to-month,Credit card,DSL,1
CUST_005737,53,1,62.95,179.78,3,One year,Credit card,Fiber optic,0
CUST_005738,66,1,51.91,0.0,2,Two year,Mailed check,No,0
CUST_005739,35,51,137.03,6928.51,2,Month-to-month,Electronic check,Fiber optic,1
CUST_005740,46,44,46.2,2012.63,3,One year,Electronic check,Fiber optic,0
CUST_005741,50,10,48.46,585.15,3,Month-to-month,Electronic check,No,1
CUST_005742,30,23,112.36,2531.52,3,One year,Bank transfer,Fiber optic,0
CUST_005743,45,16,111.4,1689.66,1,One year,Electronic check,DSL,1
CUST_005744,23,81,71.66,5820.36,5,One year,Electronic check,Fiber optic,0
CUST_005745,18,71,152.88,10832.82,3,Month-to-month,Bank transfer,Fiber optic,1
CUST_005746,50,99,138.84,13697.97,2,Two year,Bank transfer,Fiber optic,0
CUST_005747,39,48,71.26,3442.1,0,Two year,Credit card,Fiber optic,0
CUST_005748,48,57,94.1,5243.56,1,Two year,Mailed check,DSL,0
CUST_005749,44,5,52.21,88.89,3,Month-to-month,Electronic check,DSL,0
CUST_005750,30,42,56.0,2565.97,1,Month-to-month,Bank transfer,DSL,1
CUST_005751,44,29,63.62,1855.33,1,One year,Electronic check,DSL,1
CUST_005752,26,78,117.01,9144.14,2,One year,Electronic check,Fiber optic,0
CUST_005753,65,20,112.6,2173.74,2,Two year,Mailed check,No,0
CUST_005754,24,2,57.35,204.48,0,Month-to-month,Mailed check,DSL,1
CUST_005755,42,21,65.29,1317.74,2,Two year,Electronic check,No,1
CUST_005756,29,27,80.3,1889.49,3,One year,Mailed check,DSL,0
CUST_005757,53,5,86.96,378.07,3,Month-to-month,Credit card,No,0
CUST_005758,40,12,101.16,1185.8,2,Month-to-month,Bank transfer,DSL,1
CUST_005759,37,21,63.18,1309.77,2,Two year,Mailed check,DSL,0
CUST_005760,57,11,84.14,905.59,0,Month-to-month,Electronic check,Fiber optic,0
CUST_005761,45,11,64.44,644.31,2,One year,Mailed check,No,0
CUST_005762,52,3,93.14,205.27,1,One year,Electronic check,Fiber optic,1
CUST_005763,30,67,69.97,4658.02,3,Month-to-month,Bank transfer,No,0
CUST_005764,23,33,62.19,1887.8,5,One year,Bank transfer,DSL,0
CUST_005765,46,0,62.61,0.0,0,Month-to-month,Electronic check,DSL,1
CUST_005766,40,34,125.94,4291.82,2,One year,Mailed check,No,0
CUST_005767,54,32,93.33,2998.12,0,Month-to-month,Electronic check,DSL,0
CUST_005768,43,0,116.54,87.94,1,Month-to-month,Credit card,Fiber optic,0
CUST_005769,48,11,35.83,368.55,1,One year,Bank transfer,No,0
CUST_005770,20,22,77.02,1575.02,3,Two year,Electronic check,DSL,0
CUST_005771,73,14,68.91,770.75,0,Month-to-month,Credit card,Fiber optic,0
CUST_005772,42,36,98.02,3439.72,4,One year,Electronic check,DSL,1
CUST_005773,55,13,107.7,1442.31,3,Month-to-month,Electronic check,Fiber optic,1
CUST_005774,32,4,106.14,568.72,2,Two year,Electronic check,Fiber optic,1
CUST_005775,49,89,131.52,11710.64,2,Two year,Bank transfer,DSL,0
CUST_005776,25,6,87.15,401.56,3,Month-to-month,Credit card,DSL,0
CUST_005777,51,30,129.9,3809.1,4,Month-to-month,Electronic check,DSL,1
CUST_005778,39,3,59.87,94.74,3,Two year,Credit card,Fiber optic,0
CUST_005779,45,9,107.78,929.41,0,One year,Electronic check,No,0
CUST_005780,55,14,119.15,1780.19,2,Month-to-month,Bank transfer,DSL,1
CUST_005781,26,5,71.65,478.16,2,Month-to-month,Credit card,DSL,1
CUST_005782,34,14,99.91,1381.52,3,One year,Electronic check,DSL,0
CUST_005783,51,4,59.7,257.11,5,One year,Mailed check,Fiber optic,0
CUST_005784,76,19,45.39,782.61,3,Month-to-month,Bank transfer,Fiber optic,1
CUST_005785,42,26,91.65,2211.92,1,Month-to-month,Mailed check,Fiber optic,1
CUST_005786,53,1,40.15,218.98,0,Month-to-month,Electronic check,DSL,0
CUST_005787,43,49,90.26,4190.49,0,Month-to-month,Bank transfer,No,0
CUST_005788,74,4,109.29,253.57,2,Month-to-month,Electronic check,No,1
CUST_005789,18,6,31.6,369.25,2,Month-to-month,Credit card,DSL,1
CUST_005790,46,25,35.54,890.23,0,Month-to-month,Mailed check,No,0
CUST_005791,20,15,88.15,1209.63,2,Two year,Credit card,No,0
CUST_005792,18,16,61.11,1045.97,1,Month-to-month,Bank transfer,Fiber optic,1
CUST_005793,49,3,63.29,267.19,2,Two year,Electronic check,Fiber optic,0
CUST_005794,47,39,80.07,2989.5,1,One year,Mailed check,Fiber optic,1
CUST_005795,40,23,40.16,870.44,0,One year,Credit card,No,0
CUST_005796,43,3,21.86,153.19,2,Two year,Mailed check,DSL,0
CUST_005797,80,11,115.34,1187.07,1,Month-to-month,Electronic check,DSL,1
CUST_005798,41,39,61.28,2418.13,1,One year,Bank transfer,Fiber optic,0
CUST_005799,52,20,72.61,1594.64,2,One year,Bank transfer,DSL,0
CUST_005800,35,2,118.19,0.0,4,Two year,Bank transfer,DSL,1
CUST_005801,49,11,108.18,1155.81,1,Month-to-month,Mailed check,Fiber optic,1
CUST_005802,41,6,33.79,228.92,3,Month-to-month,Electronic check,DSL,1
CUST_005803,38,17,79.35,1169.78,1,Two year,Credit card,No,0
CUST_005804,72,44,115.01,5007.39,0,Month-to-month,Electronic check,DSL,1
CUST_005805,62,13,96.34,1356.86,1,Two year,Bank transfer,Fiber optic,0
CUST_005806,47,13,102.58,1263.16,0,Two year,Mailed check,DSL,0
CUST_005807,18,56,93.75,5101.31,1,Month-to-month,Mailed check,Fiber optic,0
CUST_005808,39,20,47.59,1064.93,2,Month-to-month,Mailed check,No,1
CUST_005809,80,20,76.49,1574.2,3,Month-to-month,Electronic check,No,1
CUST_005810,41,7,88.29,611.14,1,Month-to-month,Electronic check,Fiber optic,0
CUST_005811,61,22,91.86,2011.06,3,Month-to-month,Credit card,DSL,1
CUST_005812,66,20,37.05,843.87,1,Two year,Electronic check,DSL,1
CUST_005813,48,12,32.5,419.4,4,One year,Mailed check,DSL,0
CUST_005814,32,112,172.53,19387.45,6,Month-to-month,Credit card,DSL,0
CUST_005815,18,51,60.68,3025.45,3,Month-to-month,Electronic check,Fiber optic,1
CUST_005816,55,33,65.95,1984.49,3,One year,Electronic check,Fiber optic,0
CUST_005817,32,18,105.76,1965.93,1,Month-to-month,Credit card,No,1
CUST_005818,47,14,67.97,1061.64,3,One year,Bank transfer,DSL,0
CUST_005819,26,4,40.15,138.13,2,One year,Mailed check,Fiber optic,1
CUST_005820,41,8,70.72,654.56,3,Two year,Mailed check,Fiber optic,0
CUST_005821,45,35,94.39,3270.3,2,One year,Credit card,No,1
CUST_005822,49,14,72.28,1002.8,0,Month-to-month,Electronic check,DSL,1
CUST_005823,28,51,137.39,7182.37,2,Month-to-month,Electronic check,No,1
CUST_005824,62,3,49.97,120.76,1,Month-to-month,Electronic check,Fiber optic,1
CUST_005825,36,17,94.63,1573.71,6,Month-to-month,Electronic check,DSL,0
CUST_005826,19,24,43.23,850.51,4,Month-to-month,Mailed check,Fiber optic,1
CUST_005827,43,17,67.73,1220.39,2,Month-to-month,Mailed check,DSL,0
CUST_005828,45,52,120.1,6174.18,3,Month-to-month,Credit card,Fiber optic,0
CUST_005829,47,109,96.98,10585.73,2,Month-to-month,Mailed check,DSL,1
CUST_005830,65,2,79.98,128.45,2,Month-to-month,Credit card,Fiber optic,0
CUST_005831,41,3,36.84,65.95,1,One year,Bank transfer,Fiber optic,0
CUST_005832,43,3,31.77,83.54,3,Two year,Bank transfer,Fiber optic,0
CUST_005833,28,27,85.82,2313.14,1,One year,Electronic check,Fiber optic,1
CUST_005834,57,11,93.0,1140.62,3,One year,Mailed check,No,1
CUST_005835,47,31,46.84,1603.96,0,One year,Electronic check,DSL,1
CUST_005836,38,12,117.78,1478.4,6,Month-to-month,Mailed check,Fiber optic,1
CUST_005837,18,23,54.08,1370.93,4,Month-to-month,Credit card,No,0
CUST_005838,66,35,49.5,1817.83,2,Two year,Bank transfer,Fiber optic,0
CUST_005839,26,19,49.77,995.09,0,One year,Bank transfer,DSL,0
CUST_005840,36,18,45.96,972.74,2,Month-to-month,Electronic check,DSL,1
CUST_005841,50,2,30.07,0.0,1,Month-to-month,Electronic check,Fiber optic,1
CUST_005842,27,12,105.78,1200.96,0,Month-to-month,Bank transfer,DSL,0
CUST_005843,22,18,78.55,1331.88,2,Two year,Bank transfer,No,0
CUST_005844,18,14,65.85,891.79,0,One year,Electronic check,DSL,0
CUST_005845,55,55,142.56,7909.54,1,Month-to-month,Bank transfer,Fiber optic,1
CUST_005846,36,56,85.1,4654.14,2,One year,Mailed check,No,0
CUST_005847,80,41,57.2,2395.37,4,Month-to-month,Credit card,Fiber optic,0
CUST_005848,30,11,52.9,523.24,0,Month-to-month,Mailed check,Fiber optic,0
CUST_005849,31,30,58.9,1732.19,2,Month-to-month,Electronic check,DSL,0
CUST_005850,36,12,75.87,930.53,0,Month-to-month,Electronic check,Fiber optic,1
CUST_005851,48,6,52.15,481.03,2,One year,Credit card,No,1
CUST_005852,37,10,76.61,694.83,1,One year,Credit card,DSL,1
CUST_005853,54,1,87.43,79.42,0,One year,Mailed check,DSL,0
CUST_005854,30,9,102.23,812.25,4,One year,Electronic check,Fiber optic,0
CUST_005855,24,14,98.02,1300.03,2,Two year,Electronic check,Fiber optic,0
CUST_005856,18,74,77.56,5630.64,2,Month-to-month,Mailed check,DSL,1
CUST_005857,18,9,36.09,349.29,1,Month-to-month,Electronic check,Fiber optic,1
CUST_005858,37,55,101.75,5638.51,5,Month-to-month,Electronic check,Fiber optic,1
CUST_005859,40,6,42.89,326.05,2,Month-to-month,Credit card,DSL,0
CUST_005860,35,5,30.99,79.6,1,Month-to-month,Bank transfer,Fiber optic,0
CUST_005861,63,17,81.21,1431.35,2,Two year,Bank transfer,DSL,0
CUST_005862,63,26,65.68,1718.97,2,Month-to-month,Mailed check,DSL,0
CUST_005863,39,1,96.11,90.34,4,Month-to-month,Mailed check,DSL,1
CUST_005864,18,5,53.92,145.45,0,Month-to-month,Electronic check,No,1
CUST_005865,36,14,124.87,1763.53,0,Month-to-month,Mailed check,Fiber optic,1
CUST_005866,36,9,100.35,921.67,3,Month-to-month,Bank transfer,No,0
CUST_005867,35,29,40.27,1177.98,0,Month-to-month,Electronic check,DSL,0
CUST_005868,34,17,79.39,1389.59,1,Two year,Mailed check,Fiber optic,0
CUST_005869,35,4,78.26,382.51,0,Month-to-month,Credit card,DSL,0
CUST_005870,39,53,116.03,6039.8,2,Month-to-month,Bank transfer,Fiber optic,1
CUST_005871,35,8,73.78,568.57,3,Two year,Bank transfer,No,0
CUST_005872,48,31,83.84,2650.75,1,Month-to-month,Electronic check,DSL,1
CUST_005873,50,36,74.79,2665.74,1,Month-to-month,Electronic check,Fiber optic,0
CUST_005874,31,79,86.65,6940.99,3,Month-to-month,Electronic check,DSL,1
CUST_005875,64,16,122.62,1970.94,2,One year,Electronic check,No,1
CUST_005876,30,22,62.76,1185.22,2,One year,Electronic check,No,1
CUST_005877,20,9,30.84,361.52,1,Month-to-month,Electronic check,No,1
CUST_005878,50,27,50.23,1344.46,1,Two year,Mailed check,DSL,0
CUST_005879,32,14,112.73,1401.22,4,One year,Electronic check,DSL,0
CUST_005880,49,13,85.16,1081.89,1,One year,Mailed check,DSL,0
CUST_005881,18,46,120.88,5433.55,0,One year,Mailed check,No,1
CUST_005882,65,1,101.38,176.69,5,One year,Electronic check,DSL,1
CUST_005883,55,51,127.82,6515.42,1,One year,Bank transfer,No,0
CUST_005884,22,45,97.56,4297.89,3,Month-to-month,Electronic check,Fiber optic,1
CUST_005885,22,16,45.71,812.48,0,Month-to-month,Bank transfer,Fiber optic,1
CUST_005886,70,16,42.82,731.02,3,Month-to-month,Credit card,Fiber optic,0
CUST_005887,33,10,82.4,800.41,2,Month-to-month,Electronic check,Fiber optic,1
CUST_005888,32,120,116.65,13873.61,1,Two year,Electronic check,DSL,0
CUST_005889,18,2,76.8,69.36,3,Two year,Electronic check,Fiber optic,0
CUST_005890,39,21,80.35,1601.56,4,Month-to-month,Mailed check,Fiber optic,0
CUST_005891,41,27,93.72,2605.08,0,Month-to-month,Bank transfer,No,0
CUST_005892,55,65,55.71,3453.14,0,One year,Credit card,No,0
CUST_005893,24,36,41.28,1481.49,0,Month-to-month,Bank transfer,Fiber optic,0
CUST_005894,22,24,104.16,2474.8,2,One year,Bank transfer,Fiber optic,1
CUST_005895,51,2,40.31,184.18,5,One year,Bank transfer,Fiber optic,0
CUST_005896,60,11,90.72,1021.19,0,One year,Electronic check,Fiber optic,0
CUST_005897,21,3,76.16,281.99,3,One year,Electronic check,No,1
CUST_005898,61,51,143.68,7275.12,2,Month-to-month,Mailed check,No,0
CUST_005899,45,33,120.04,3838.24,3,Month-to-month,Electronic check,Fiber optic,1
CUST_005900,61,34,78.31,2630.11,2,Month-to-month,Bank transfer,DSL,1
CUST_005901,43,25,94.14,2431.25,0,One year,Electronic check,DSL,1
CUST_005902,18,16,39.73,713.15,4,Month-to-month,Electronic check,DSL,0
CUST_005903,42,3,60.14,137.36,1,Two year,Electronic check,Fiber optic,1
CUST_005904,60,9,97.89,794.92,3,Month-to-month,Credit card,No,0
CUST_005905,31,3,83.77,145.63,1,One year,Credit card,Fiber optic,0
CUST_005906,39,30,83.45,2489.75,2,Month-to-month,Credit card,Fiber optic,1
CUST_005907,42,4,39.65,172.27,1,Two year,Credit card,DSL,0
CUST_005908,18,29,114.81,3476.94,0,Month-to-month,Bank transfer,DSL,1
CUST_005909,70,28,61.32,1729.2,1,One year,Electronic check,No,0
CUST_005910,31,14,109.05,1588.05,2,Two year,Electronic check,DSL,0
CUST_005911,52,3,82.66,169.94,3,Month-to-month,Mailed check,Fiber optic,0
CUST_005912,43,9,61.77,560.13,3,One year,Bank transfer,Fiber optic,0
CUST_005913,63,9,28.56,271.05,0,One year,Credit card,DSL,0
CUST_005914,51,28,57.24,1588.72,4,Month-to-month,Mailed check,Fiber optic,1
CUST_005915,41,2,109.91,217.63,1,One year,Electronic check,No,1
CUST_005916,31,42,122.8,5170.11,1,One year,Electronic check,DSL,1
CUST_005917,56,34,94.49,3260.6,1,Month-to-month,Electronic check,DSL,1
CUST_005918,18,4,68.63,391.44,0,One year,Electronic check,DSL,0
CUST_005919,54,30,99.71,2764.87,2,Month-to-month,Electronic check,Fiber optic,1
CUST_005920,28,26,79.62,2181.62,4,Month-to-month,Electronic check,Fiber optic,1
CUST_005921,63,33,100.93,3159.63,1,Two year,Bank transfer,Fiber optic,0
CUST_005922,47,5,53.24,297.08,3,One year,Mailed check,DSL,0
CUST_005923,54,4,105.85,658.96,3,One year,Electronic check,DSL,1
CUST_005924,46,6,93.19,554.9,2,Two year,Mailed check,Fiber optic,0
CUST_005925,18,10,58.0,597.98,2,One year,Bank transfer,No,0
CUST_005926,32,37,121.57,4466.94,3,One year,Bank transfer,Fiber optic,0
CUST_005927,55,32,84.73,2778.22,1,Month-to-month,Electronic check,DSL,0
CUST_005928,47,62,68.46,4280.98,4,Month-to-month,Electronic check,Fiber optic,0
CUST_005929,62,1,28.27,0.0,1,One year,Electronic check,Fiber optic,1
CUST_005930,51,0,89.96,0.0,3,Two year,Mailed check,No,0
CUST_005931,30,28,120.51,3262.49,1,Month-to-month,Electronic check,DSL,0
CUST_005932,33,7,104.24,717.82,2,One year,Bank transfer,No,1
CUST_005933,46,9,90.07,768.65,3,Month-to-month,Mailed check,Fiber optic,0
CUST_005934,18,18,43.14,790.13,1,Month-to-month,Credit card,No,0
CUST_005935,70,2,30.4,0.0,0,One year,Mailed check,DSL,0
CUST_005936,51,24,66.5,1574.63,2,Month-to-month,Credit card,No,0
CUST_005937,63,9,109.99,990.8,1,Month-to-month,Bank transfer,Fiber optic,0
CUST_005938,21,24,128.17,3084.01,2,Month-to-month,Credit card,Fiber optic,1
CUST_005939,63,43,65.64,2849.78,3,Two year,Credit card,DSL,0
CUST_005940,78,4,98.21,375.42,2,One year,Mailed check,DSL,0
CUST_005941,25,64,109.39,6922.09,1,Month-to-month,Bank transfer,Fiber optic,0
CUST_005942,56,18,32.18,587.46,2,Month-to-month,Credit card,Fiber optic,0
CUST_005943,45,61,104.79,6374.4,1,Month-to-month,Mailed check,Fiber optic,0
CUST_005944,21,5,103.09,617.93,1,One year,Electronic check,DSL,0
CUST_005945,52,22,58.61,1404.54,3,One year,Bank transfer,No,1
CUST_005946,57,12,115.74,1251.63,2,Two year,Credit card,No,0
CUST_005947,35,35,61.13,2201.13,1,Two year,Bank transfer,DSL,0
CUST_005948,62,22,38.65,932.02,4,One year,Bank transfer,DSL,1
CUST_005949,19,16,43.99,569.32,1,One year,Electronic check,No,1
CUST_005950,22,58,132.7,7754.56,2,One year,Bank transfer,Fiber optic,1
CUST_005951,47,11,67.23,829.13,4,Month-to-month,Electronic check,No,1
CUST_005952,45,5,102.19,416.01,3,One year,Credit card,No,0
CUST_005953,34,22,84.12,1827.08,5,Month-to-month,Credit card,No,0
CUST_005954,57,23,79.56,1848.42,1,Month-to-month,Credit card,Fiber optic,1
CUST_005955,52,13,107.19,1450.53,2,Two year,Electronic check,DSL,0
CUST_005956,57,16,70.35,1026.74,1,One year,Mailed check,Fiber optic,1
CUST_005957,43,76,138.2,10619.15,6,Month-to-month,Mailed check,Fiber optic,1
CUST_005958,54,31,45.57,1209.62,2,Two year,Mailed check,DSL,0
CUST_005959,38,2,84.63,301.64,4,One year,Mailed check,Fiber optic,0
CUST_005960,75,5,92.76,518.82,1,Month-to-month,Credit card,No,0
CUST_005961,32,89,154.41,13680.29,1,One year,Credit card,DSL,0
CUST_005962,76,31,57.93,1882.34,1,Month-to-month,Bank transfer,No,0
CUST_005963,45,59,109.92,6380.62,2,Month-to-month,Bank transfer,No,0
CUST_005964,24,8,67.33,550.1,1,Two year,Bank transfer,DSL,1
CUST_005965,65,32,74.28,2400.72,0,One year,Bank transfer,No,1
CUST_005966,46,30,45.67,1393.75,2,Two year,Bank transfer,Fiber optic,0
CUST_005967,57,8,37.42,215.41,2,Two year,Bank transfer,Fiber optic,0
CUST_005968,63,19,113.2,2101.17,3,Month-to-month,Credit card,Fiber optic,1
CUST_005969,50,23,106.48,2461.61,1,Two year,Bank transfer,DSL,0
CUST_005970,36,15,65.73,913.34,1,One year,Electronic check,Fiber optic,0
CUST_005971,59,42,123.85,5228.79,3,Month-to-month,Mailed check,No,0
CUST_005972,45,42,49.08,1999.81,7,One year,Bank transfer,DSL,1
CUST_005973,55,45,104.98,4823.98,1,Month-to-month,Electronic check,DSL,1
CUST_005974,18,39,126.32,5082.66,4,Month-to-month,Mailed check,No,0
CUST_005975,51,16,111.89,1760.44,3,Month-to-month,Credit card,Fiber optic,0
CUST_005976,35,11,62.78,782.59,2,One year,Electronic check,Fiber optic,1
CUST_005977,69,42,115.52,4830.75,2,Month-to-month,Electronic check,No,1
CUST_005978,54,16,70.75,1038.31,3,Month-to-month,Credit card,Fiber optic,1
CUST_005979,48,6,107.01,599.51,0,One year,Electronic check,DSL,1
CUST_005980,52,16,81.08,1305.78,4,One year,Credit card,DSL,0
CUST_005981,30,3,97.99,115.26,6,Month-to-month,Electronic check,Fiber optic,1
CUST_005982,69,28,41.86,1234.57,0,Two year,Mailed check,DSL,0
CUST_005983,74,9,83.5,760.13,3,One year,Bank transfer,Fiber optic,0
CUST_005984,50,7,78.53,649.75,3,Two year,Bank transfer,Fiber optic,0
CUST_005985,68,75,118.5,8948.14,0,Month-to-month,Credit card,No,0
CUST_005986,36,36,107.56,3884.3,2,Two year,Electronic check,Fiber optic,1
CUST_005987,33,37,130.31,4785.92,3,Two year,Bank transfer,DSL,0
CUST_005988,45,23,110.07,2683.85,0,One year,Bank transfer,DSL,0
CUST_005989,51,43,63.46,2945.93,0,Two year,Mailed check,Fiber optic,0
CUST_005990,39,34,119.59,4032.13,1,One year,Credit card,Fiber optic,1
CUST_005991,53,21,42.71,1001.1,0,Month-to-month,Mailed check,Fiber optic,1
CUST_005992,49,77,120.72,9224.75,3,Two year,Bank transfer,No,0
CUST_005993,30,5,110.78,495.11,3,One year,Bank transfer,Fiber optic,0
CUST_005994,52,68,64.11,4321.01,3,Month-to-month,Electronic check,DSL,0
CUST_005995,57,12,110.97,1400.1,3,Month-to-month,Mailed check,No,1
CUST_005996,47,18,108.86,1852.03,1,One year,Electronic check,Fiber optic,0
CUST_005997,62,3,71.88,370.63,0,One year,Mailed check,Fiber optic,0
CUST_005998,26,18,59.89,1171.8,3,Two year,Credit card,No,0
CUST_005999,52,22,71.54,1640.12,1,One year,Bank transfer,DSL,0
CUST_006000,27,120,176.87,21194.52,1,Month-to-month,Mailed check,Fiber optic,0
CUST_006001,28,88,84.17,7489.89,1,One year,Bank transfer,No,0
CUST_006002,35,81,118.46,9303.56,1,Month-to-month,Mailed check,Fiber optic,0
CUST_006003,30,10,33.32,377.33,2,One year,Mailed check,DSL,1
CUST_006004,36,113,98.29,11122.7,2,One year,Mailed check,Fiber optic,0
CUST_006005,41,14,103.33,1258.02,2,Two year,Bank transfer,DSL,0
CUST_006006,57,45,72.76,3314.82,1,One year,Bank transfer,DSL,1
CUST_006007,40,5,121.08,664.47,3,One year,Mailed check,DSL,0
CUST_006008,21,16,78.08,1063.93,3,Two year,Electronic check,Fiber optic,1
CUST_006009,62,81,112.15,8965.79,1,Two year,Mailed check,Fiber optic,0
CUST_006010,32,70,58.63,4310.64,0,Month-to-month,Mailed check,No,1
CUST_006011,44,27,129.15,3468.49,2,Month-to-month,Mailed check,Fiber optic,0
CUST_006012,51,38,56.42,2241.65,0,Two year,Mailed check,Fiber optic,0
CUST_006013,47,4,75.83,416.02,0,Two year,Credit card,No,0
CUST_006014,61,30,74.57,2276.42,0,Month-to-month,Mailed check,DSL,0
CUST_006015,52,23,73.06,1782.07,0,Month-to-month,Bank transfer,DSL,1
CUST_006016,32,2,85.33,0.0,2,Month-to-month,Bank transfer,DSL,0
CUST_006017,77,2,87.21,151.36,1,One year,Bank transfer,DSL,0
CUST_006018,47,2,36.43,0.0,0,Two year,Credit card,DSL,0
CUST_006019,42,30,84.96,2374.15,1,Month-to-month,Electronic check,DSL,1
CUST_006020,59,3,100.55,247.04,0,One year,Bank transfer,Fiber optic,0
CUST_006021,48,15,71.83,1010.89,3,Two year,Bank transfer,Fiber optic,0
CUST_006022,50,10,41.58,419.95,1,One year,Mailed check,DSL,0
CUST_006023,80,19,60.82,1153.55,1,Month-to-month,Mailed check,No,1
CUST_006024,40,29,55.74,1629.77,4,One year,Electronic check,Fiber optic,1
CUST_006025,40,27,46.08,1261.68,2,Month-to-month,Mailed check,No,1
CUST_006026,46,17,66.26,1159.68,4,One year,Mailed check,No,0
CUST_006027,61,14,81.09,1039.41,2,Month-to-month,Credit card,DSL,0
CUST_006028,22,12,33.28,326.82,2,Month-to-month,Mailed check,Fiber optic,0
CUST_006029,18,47,103.88,4878.78,2,Month-to-month,Electronic check,No,0
CUST_006030,36,9,123.8,1112.09,1,Month-to-month,Electronic check,No,1
CUST_006031,20,7,119.91,731.19,4,Two year,Bank transfer,Fiber optic,0
CUST_006032,38,32,118.92,3913.51,0,Month-to-month,Bank transfer,No,0
CUST_006033,52,10,51.63,588.82,1,Two year,Mailed check,Fiber optic,0
CUST_006034,31,45,44.74,1927.36,4,Month-to-month,Electronic check,DSL,1
CUST_006035,23,9,107.85,949.85,1,Two year,Bank transfer,Fiber optic,0
CUST_006036,46,29,40.07,1363.04,4,Two year,Electronic check,Fiber optic,0
CUST_006037,57,1,41.06,57.12,2,Month-to-month,Credit card,Fiber optic,1
CUST_006038,19,11,79.95,918.97,0,Two year,Bank transfer,DSL,0
CUST_006039,57,10,42.84,367.48,1,One year,Credit card,DSL,0
CUST_006040,57,40,123.38,4903.84,1,One year,Credit card,Fiber optic,0
CUST_006041,59,81,138.22,11346.63,4,One year,Electronic check,Fiber optic,0
CUST_006042,63,14,102.58,1447.41,2,Month-to-month,Mailed check,DSL,1
CUST_006043,78,41,122.11,4999.53,3,One year,Mailed check,Fiber optic,0
CUST_006044,39,28,55.97,1567.93,2,Month-to-month,Electronic check,DSL,1
CUST_006045,46,82,133.89,11233.46,3,One year,Mailed check,DSL,0
CUST_006046,38,39,75.03,2930.08,0,One year,Mailed check,No,0
CUST_006047,45,1,87.18,4.18,2,One year,Electronic check,DSL,1
CUST_006048,67,29,46.7,1288.83,3,One year,Credit card,DSL,0
CUST_006049,24,18,99.56,1870.13,2,Two year,Electronic check,DSL,0
CUST_006050,32,0,117.21,0.0,1,Two year,Bank transfer,No,0
CUST_006051,65,6,27.36,209.22,1,Month-to-month,Electronic check,DSL,1
CUST_006052,60,61,59.88,3580.47,0,Month-to-month,Electronic check,Fiber optic,0
CUST_006053,39,62,63.36,3742.67,3,Month-to-month,Credit card,Fiber optic,0
CUST_006054,57,38,82.06,3020.14,4,Two year,Electronic check,DSL,1
CUST_006055,50,96,97.08,9322.24,0,Two year,Bank transfer,No,0
CUST_006056,67,39,120.19,4827.01,0,Month-to-month,Bank transfer,No,1
CUST_006057,46,0,67.38,91.33,5,Month-to-month,Mailed check,No,1
CUST_006058,60,8,72.45,550.26,2,One year,Electronic check,DSL,1
CUST_006059,80,0,91.7,97.22,2,One year,Electronic check,DSL,0
CUST_006060,53,2,57.2,78.72,1,Two year,Credit card,No,0
CUST_006061,45,5,57.82,142.45,1,Month-to-month,Credit card,DSL,0
CUST_006062,55,16,103.69,1661.19,3,Two year,Mailed check,Fiber optic,0
CUST_006063,39,45,120.5,5272.09,2,Month-to-month,Mailed check,Fiber optic,0
CUST_006064,80,47,44.94,2191.32,2,Month-to-month,Mailed check,Fiber optic,0
CUST_006065,47,22,45.38,1078.93,5,Month-to-month,Bank transfer,DSL,0
CUST_006066,40,63,72.81,4499.02,1,Two year,Credit card,DSL,0
CUST_006067,32,16,63.16,1025.12,3,Month-to-month,Bank transfer,Fiber optic,1
CUST_006068,61,52,75.14,3921.13,1,Month-to-month,Mailed check,DSL,1
CUST_006069,58,14,93.85,1401.12,2,Two year,Bank transfer,No,0
CUST_006070,37,7,106.31,619.69,2,One year,Electronic check,No,1
CUST_006071,53,59,68.71,4113.76,3,Two year,Credit card,DSL,0
CUST_006072,22,11,81.8,768.1,2,One year,Credit card,Fiber optic,0
CUST_006073,47,16,64.78,1114.22,4,Month-to-month,Credit card,Fiber optic,0
CUST_006074,51,9,75.08,781.97,0,Month-to-month,Electronic check,DSL,1
CUST_006075,70,26,95.08,2405.01,1,Month-to-month,Bank transfer,DSL,0
CUST_006076,33,120,169.36,20445.11,3,Month-to-month,Bank transfer,Fiber optic,1
CUST_006077,25,0,39.23,0.0,2,Month-to-month,Mailed check,No,0
CUST_006078,31,55,56.2,3200.99,1,Two year,Credit card,No,0
CUST_006079,24,0,82.72,143.85,1,Month-to-month,Bank transfer,DSL,0
CUST_006080,65,10,64.41,678.71,0,Month-to-month,Bank transfer,Fiber optic,1
CUST_006081,68,4,38.29,133.61,1,Two year,Electronic check,Fiber optic,0
CUST_006082,49,33,48.21,1622.13,1,One year,Credit card,Fiber optic,0
CUST_006083,63,1,76.39,16.02,3,One year,Bank transfer,DSL,0
CUST_006084,47,19,59.55,1393.86,3,Two year,Credit card,DSL,0
CUST_006085,43,8,123.74,931.29,4,One year,Electronic check,DSL,1
CUST_006086,40,3,62.09,318.01,3,Two year,Bank transfer,Fiber optic,1
CUST_006087,40,35,58.73,1981.38,3,One year,Bank transfer,Fiber optic,0
CUST_006088,21,5,85.38,586.61,1,One year,Electronic check,DSL,1
CUST_006089,48,6,47.43,485.79,1,One year,Electronic check,DSL,0
CUST_006090,44,7,72.91,548.96,0,One year,Bank transfer,DSL,1
CUST_006091,56,21,78.76,1682.58,3,Month-to-month,Bank transfer,Fiber optic,1
CUST_006092,46,25,77.86,1850.74,3,Month-to-month,Credit card,No,0
CUST_006093,42,0,99.61,0.0,3,Month-to-month,Bank transfer,No,0
CUST_006094,31,6,44.66,297.76,2,Month-to-month,Electronic check,No,1
CUST_006095,46,13,116.93,1665.92,1,One year,Credit card,No,0
CUST_006096,56,9,103.63,877.89,4,One year,Electronic check,Fiber optic,1
CUST_006097,27,51,78.81,4240.22,3,One year,Bank transfer,DSL,0
CUST_006098,46,37,56.56,2031.71,4,Two year,Mailed check,Fiber optic,0
CUST_006099,48,23,59.45,1390.37,5,One year,Electronic check,Fiber optic,0
CUST_006100,34,9,57.76,543.07,2,Month-to-month,Credit card,DSL,1
CUST_006101,36,28,89.69,2501.26,2,Month-to-month,Mailed check,DSL,0
CUST_006102,48,44,46.64,1847.64,2,Month-to-month,Electronic check,DSL,1
CUST_006103,27,21,121.94,2498.75,2,Two year,Mailed check,Fiber optic,0
CUST_006104,50,36,47.87,1743.19,2,One year,Bank transfer,DSL,0
CUST_006105,31,33,64.43,2116.5,2,Two year,Bank transfer,No,0
CUST_006106,60,20,40.93,882.2,1,Month-to-month,Electronic check,DSL,1
CUST_006107,80,8,49.67,473.02,2,One year,Mailed check,DSL,1
CUST_006108,32,32,119.77,3808.55,1,One year,Electronic check,No,0
CUST_006109,53,5,84.02,323.84,1,Two year,Mailed check,No,1
CUST_006110,34,36,60.73,2341.2,3,One year,Electronic check,Fiber optic,1
CUST_006111,60,39,126.68,4804.81,3,One year,Mailed check,No,0
CUST_006112,26,41,120.57,4883.89,1,Two year,Bank transfer,DSL,0
CUST_006113,52,15,102.86,1457.98,3,Two year,Electronic check,Fiber optic,1
CUST_006114,31,5,107.26,610.96,1,Month-to-month,Electronic check,Fiber optic,1
CUST_006115,41,2,82.96,297.63,1,One year,Electronic check,Fiber optic,0
CUST_006116,29,32,86.14,2739.23,1,Month-to-month,Bank transfer,Fiber optic,0
CUST_006117,57,52,83.39,4359.44,2,Two year,Mailed check,Fiber optic,0
CUST_006118,32,25,54.88,1414.79,0,Two year,Bank transfer,DSL,0
CUST_006119,53,3,77.24,412.12,5,Month-to-month,Electronic check,Fiber optic,0
CUST_006120,39,65,141.45,9016.84,4,Two year,Electronic check,DSL,0
CUST_006121,43,108,133.4,14481.43,2,One year,Mailed check,DSL,0
CUST_006122,47,13,118.46,1577.64,2,One year,Bank transfer,DSL,1
CUST_006123,33,21,66.19,1352.94,0,One year,Bank transfer,DSL,0
CUST_006124,48,36,107.51,3903.12,1,Month-to-month,Bank transfer,DSL,1
CUST_006125,67,31,100.37,3185.45,2,Two year,Bank transfer,No,0
CUST_006126,33,82,128.04,10557.87,1,Month-to-month,Electronic check,Fiber optic,1
CUST_006127,62,2,85.5,386.86,2,Two year,Bank transfer,Fiber optic,1
CUST_006128,67,20,52.17,1056.06,1,Month-to-month,Mailed check,Fiber optic,0
CUST_006129,32,28,48.36,1356.75,6,One year,Credit card,DSL,0
CUST_006130,23,52,143.86,7462.74,1,Month-to-month,Bank transfer,DSL,0
CUST_006131,49,49,49.03,2457.74,1,Month-to-month,Mailed check,DSL,1
CUST_006132,36,91,112.27,10213.7,1,Two year,Mailed check,No,0
CUST_006133,73,17,71.01,1208.46,0,One year,Bank transfer,DSL,1
CUST_006134,45,42,77.0,3235.86,2,Month-to-month,Electronic check,DSL,1
CUST_006135,32,13,104.7,1347.62,0,One year,Credit card,No,1
CUST_006136,27,13,101.04,1252.59,3,Month-to-month,Electronic check,No,1
CUST_006137,61,7,114.02,839.97,2,Month-to-month,Mailed check,DSL,1
CUST_006138,36,40,79.55,3153.45,4,One year,Mailed check,Fiber optic,1
CUST_006139,45,102,127.42,13058.0,3,Two year,Mailed check,Fiber optic,0
CUST_006140,59,7,112.73,800.19,2,Two year,Electronic check,DSL,1
CUST_006141,37,1,119.88,81.23,1,Month-to-month,Electronic check,Fiber optic,1
CUST_006142,44,40,136.93,5633.66,1,One year,Bank transfer,DSL,0
CUST_006143,44,23,103.28,2365.31,1,One year,Electronic check,No,0
CUST_006144,55,77,72.82,5669.63,0,Month-to-month,Bank transfer,DSL,0
CUST_006145,53,6,25.32,81.91,1,Two year,Credit card,DSL,0
CUST_006146,41,1,103.02,0.0,1,Month-to-month,Bank transfer,DSL,1
CUST_006147,45,16,112.09,1736.81,1,Month-to-month,Electronic check,DSL,1
CUST_006148,39,2,95.64,0.0,3,Month-to-month,Mailed check,DSL,1
CUST_006149,22,7,51.49,336.76,2,Two year,Bank transfer,DSL,0
CUST_006150,48,3,85.48,403.31,2,One year,Credit card,Fiber optic,0
CUST_006151,73,6,54.62,237.22,4,Month-to-month,Bank transfer,DSL,1
CUST_006152,31,2,66.06,0.0,4,Month-to-month,Electronic check,No,0
CUST_006153,33,73,94.74,7066.3,2,Month-to-month,Electronic check,DSL,1
CUST_006154,31,7,114.86,756.51,1,Month-to-month,Bank transfer,DSL,1
CUST_006155,55,14,50.42,704.25,1,Two year,Bank transfer,DSL,0
CUST_006156,51,54,104.76,5735.93,1,Two year,Mailed check,Fiber optic,0
CUST_006157,42,27,69.6,1931.47,3,Two year,Electronic check,Fiber optic,1
CUST_006158,31,23,97.81,2324.61,0,Month-to-month,Bank transfer,Fiber optic,1
CUST_006159,46,29,90.96,2727.78,2,One year,Mailed check,No,0
CUST_006160,21,42,133.4,5428.09,0,Month-to-month,Electronic check,Fiber optic,1
CUST_006161,47,50,55.16,2616.63,2,Month-to-month,Bank transfer,DSL,1
CUST_006162,58,24,54.06,1414.65,1,Two year,Electronic check,DSL,0
CUST_006163,26,52,122.63,6298.84,6,Month-to-month,Bank transfer,DSL,1
CUST_006164,22,18,65.88,1118.55,2,Month-to-month,Bank transfer,No,0
CUST_006165,68,7,40.08,154.26,2,Month-to-month,Electronic check,Fiber optic,1
CUST_006166,35,50,95.33,4726.11,2,One year,Mailed check,No,0
CUST_006167,62,18,94.21,1660.92,0,Month-to-month,Bank transfer,DSL,0
CUST_006168,42,56,52.48,2845.28,1,Month-to-month,Bank transfer,Fiber optic,1
CUST_006169,42,0,49.16,0.0,3,One year,Electronic check,Fiber optic,1
CUST_006170,51,12,106.94,1315.17,3,One year,Electronic check,DSL,1
CUST_006171,31,70,107.02,7410.95,1,One year,Bank transfer,DSL,1
CUST_006172,46,6,26.54,98.6,0,Month-to-month,Electronic check,DSL,0
CUST_006173,39,68,82.2,5370.64,2,Month-to-month,Mailed check,No,0
CUST_006174,25,73,120.41,8984.05,3,Two year,Bank transfer,Fiber optic,0
CUST_006175,50,51,65.44,3431.42,2,Month-to-month,Bank transfer,Fiber optic,0
CUST_006176,41,19,112.24,2083.06,1,Month-to-month,Electronic check,No,1
CUST_006177,42,24,99.66,2301.87,1,Month-to-month,Electronic check,DSL,1
CUST_006178,26,48,91.14,4375.71,1,Month-to-month,Mailed check,DSL,0
CUST_006179,68,35,129.06,4515.53,1,One year,Mailed check,Fiber optic,0
CUST_006180,58,23,70.68,1498.05,5,Two year,Mailed check,Fiber optic,0
CUST_006181,59,96,91.51,8529.65,2,Month-to-month,Electronic check,DSL,1
CUST_006182,40,27,99.64,2637.68,2,One year,Bank transfer,Fiber optic,0
CUST_006183,19,89,121.83,10686.49,1,Month-to-month,Mailed check,DSL,1
CUST_006184,74,1,54.02,71.16,0,Two year,Electronic check,DSL,0
CUST_006185,44,3,55.87,185.41,0,Month-to-month,Bank transfer,No,1
CUST_006186,33,14,66.82,838.17,2,Month-to-month,Bank transfer,Fiber optic,0
CUST_006187,51,11,54.61,547.29,3,Month-to-month,Electronic check,DSL,1
CUST_006188,62,36,109.02,4101.17,2,Month-to-month,Electronic check,DSL,1
CUST_006189,44,4,87.14,426.06,0,One year,Mailed check,Fiber optic,0
CUST_006190,64,89,108.58,9618.2,2,One year,Electronic check,No,1
CUST_006191,61,9,64.29,807.77,1,One year,Electronic check,Fiber optic,0
CUST_006192,28,13,63.01,699.37,3,Two year,Credit card,No,0
CUST_006193,34,7,51.85,281.66,1,Month-to-month,Electronic check,DSL,1
CUST_006194,59,20,38.57,760.34,1,One year,Electronic check,DSL,0
CUST_006195,18,1,47.32,0.0,4,Month-to-month,Electronic check,DSL,0
CUST_006196,42,3,53.62,339.89,5,One year,Credit card,DSL,0
CUST_006197,23,32,90.77,2922.9,3,Two year,Credit card,No,1
CUST_006198,37,4,99.38,318.52,1,Two year,Electronic check,DSL,0
CUST_006199,40,6,62.57,420.2,0,One year,Credit card,DSL,0
CUST_006200,39,37,132.98,4934.71,6,Two year,Electronic check,Fiber optic,0
CUST_006201,36,2,103.73,177.0,4,One year,Mailed check,Fiber optic,1
CUST_006202,28,13,124.98,1503.89,5,Two year,Mailed check,DSL,0
CUST_006203,79,0,107.62,0.0,0,Two year,Mailed check,DSL,0
CUST_006204,73,10,86.67,1085.41,2,Month-to-month,Electronic check,Fiber optic,1
CUST_006205,27,28,93.85,2492.47,1,Month-to-month,Bank transfer,No,0
CUST_006206,68,2,33.95,237.7,1,Month-to-month,Bank transfer,No,0
CUST_006207,39,52,118.24,6064.0,0,Month-to-month,Credit card,No,1
CUST_006208,46,57,108.52,6264.68,1,Month-to-month,Mailed check,No,1
CUST_006209,44,2,71.69,189.93,1,Month-to-month,Mailed check,Fiber optic,0
CUST_006210,35,112,145.33,16343.35,1,Month-to-month,Electronic check,No,0
CUST_006211,59,8,68.4,620.44,1,Month-to-month,Electronic check,DSL,1
CUST_006212,46,2,73.39,0.0,3,Month-to-month,Electronic check,DSL,1
CUST_006213,37,0,59.84,0.0,4,Two year,Bank transfer,DSL,1
CUST_006214,25,12,97.74,1036.04,1,Two year,Electronic check,Fiber optic,0
CUST_006215,31,23,119.16,2759.64,2,Two year,Mailed check,DSL,0
CUST_006216,20,9,108.58,844.93,2,Two year,Credit card,DSL,1
CUST_006217,45,43,120.1,4966.3,1,One year,Electronic check,DSL,0
CUST_006218,27,30,36.38,1067.62,2,One year,Mailed check,DSL,0
CUST_006219,41,10,116.19,940.97,2,Month-to-month,Mailed check,Fiber optic,1
CUST_006220,65,31,62.99,1978.49,2,Month-to-month,Credit card,DSL,1
CUST_006221,62,67,142.3,9408.16,0,One year,Bank transfer,No,1
CUST_006222,44,2,40.7,0.0,3,Month-to-month,Electronic check,No,1
CUST_006223,43,8,67.96,315.68,1,Month-to-month,Electronic check,Fiber optic,1
CUST_006224,73,14,101.94,1592.17,4,Month-to-month,Electronic check,Fiber optic,1
CUST_006225,52,16,92.03,1326.15,1,Month-to-month,Electronic check,DSL,0
CUST_006226,40,18,70.59,1234.26,5,Month-to-month,Electronic check,Fiber optic,1
CUST_006227,23,8,91.86,555.73,3,Two year,Electronic check,No,0
CUST_006228,50,26,87.89,2201.7,0,One year,Mailed check,DSL,0
CUST_006229,57,24,59.57,1604.95,0,Month-to-month,Credit card,No,0
CUST_006230,35,20,94.63,1922.41,3,Month-to-month,Bank transfer,DSL,0
CUST_006231,49,2,41.42,10.49,2,Month-to-month,Electronic check,DSL,1
CUST_006232,39,15,96.9,1450.07,7,Month-to-month,Bank transfer,No,1
CUST_006233,42,10,25.31,197.05,2,Month-to-month,Credit card,Fiber optic,1
CUST_006234,18,16,82.88,1316.79,3,One year,Bank transfer,DSL,0
CUST_006235,41,61,90.61,5601.4,1,One year,Mailed check,No,0
CUST_006236,59,15,57.81,834.05,1,Month-to-month,Electronic check,Fiber optic,1
CUST_006237,35,0,71.57,22.0,4,One year,Bank transfer,Fiber optic,1
CUST_006238,45,13,91.03,1207.05,0,One year,Bank transfer,DSL,0
CUST_006239,33,41,137.03,5585.67,5,Two year,Electronic check,No,1
CUST_006240,50,36,121.31,4293.44,2,One year,Electronic check,Fiber optic,1
CUST_006241,41,17,100.21,1651.14,0,One year,Bank transfer,No,0
CUST_006242,30,6,70.9,495.3,3,One year,Credit card,Fiber optic,0
CUST_006243,64,15,66.71,1078.96,6,Month-to-month,Electronic check,Fiber optic,1
CUST_006244,58,19,32.75,508.53,2,Two year,Credit card,Fiber optic,0
CUST_006245,35,120,115.91,13883.06,2,One year,Electronic check,DSL,1
CUST_006246,52,24,116.84,2728.81,4,One year,Electronic check,DSL,0
CUST_006247,53,28,72.4,2107.26,1,One year,Electronic check,DSL,0
CUST_006248,54,16,74.16,1139.42,0,Month-to-month,Electronic check,No,1
CUST_006249,19,10,52.18,741.93,3,Two year,Electronic check,DSL,0
CUST_006250,60,40,67.41,2718.32,3,Two year,Mailed check,No,0
CUST_006251,36,16,34.19,665.19,2,Month-to-month,Credit card,DSL,1
CUST_006252,39,120,141.38,16864.19,2,Month-to-month,Electronic check,Fiber optic,1
CUST_006253,80,14,71.81,1006.47,2,Month-to-month,Mailed check,Fiber optic,1
CUST_006254,49,1,81.1,142.71,2,Month-to-month,Mailed check,Fiber optic,1
CUST_006255,39,27,88.19,2277.76,2,Month-to-month,Credit card,No,0
CUST_006256,18,1,100.38,102.42,1,Two year,Electronic check,Fiber optic,0
CUST_006257,65,6,98.1,693.79,2,One year,Mailed check,DSL,1
CUST_006258,24,10,102.15,988.71,3,One year,Electronic check,DSL,0
CUST_006259,29,32,85.92,2664.39,1,Two year,Credit card,DSL,0
CUST_006260,40,16,63.39,1194.51,4,One year,Bank transfer,DSL,1
CUST_006261,66,0,113.34,0.0,2,Month-to-month,Mailed check,DSL,1
CUST_006262,56,23,36.93,864.91,2,Month-to-month,Electronic check,No,1
CUST_006263,42,12,41.26,424.32,1,Month-to-month,Electronic check,Fiber optic,1
CUST_006264,49,61,92.46,5546.37,1,Month-to-month,Bank transfer,Fiber optic,1
CUST_006265,35,16,89.4,1504.5,3,Two year,Mailed check,DSL,0
CUST_006266,47,29,35.32,1003.73,3,One year,Electronic check,DSL,0
CUST_006267,46,5,94.43,512.75,0,Month-to-month,Mailed check,DSL,1
CUST_006268,59,34,92.87,2932.16,1,One year,Credit card,DSL,0
CUST_006269,59,30,83.47,2554.42,0,Month-to-month,Electronic check,DSL,1
CUST_006270,52,56,90.35,4987.51,1,Month-to-month,Credit card,DSL,1
CUST_006271,39,0,71.95,0.0,1,Month-to-month,Bank transfer,No,0
CUST_006272,56,14,43.18,792.97,1,Two year,Electronic check,Fiber optic,1
CUST_006273,43,27,44.37,1258.12,2,Month-to-month,Bank transfer,DSL,0
CUST_006274,28,2,49.96,122.66,2,Two year,Bank transfer,DSL,0
CUST_006275,38,12,96.95,1288.35,4,One year,Mailed check,DSL,0
CUST_006276,46,68,112.83,7697.11,1,One year,Bank transfer,Fiber optic,0
CUST_006277,58,13,74.51,888.8,3,Two year,Electronic check,No,0
CUST_006278,42,101,127.65,12875.36,1,Month-to-month,Bank transfer,Fiber optic,1
CUST_006279,26,1,76.43,8.59,2,Two year,Bank transfer,DSL,1
CUST_006280,45,30,65.7,1921.09,2,Month-to-month,Electronic check,DSL,1
CUST_006281,46,20,39.75,669.14,2,Two year,Bank transfer,DSL,0
CUST_006282,47,16,117.68,1785.85,1,Two year,Bank transfer,Fiber optic,0
CUST_006283,58,84,121.99,10336.71,0,Two year,Electronic check,DSL,0
CUST_006284,60,3,91.27,307.03,4,Two year,Electronic check,No,0
CUST_006285,36,54,93.4,4993.28,2,Month-to-month,Mailed check,DSL,0
CUST_006286,35,28,109.65,2967.34,1,Two year,Mailed check,Fiber optic,0
CUST_006287,29,7,81.95,533.11,4,Month-to-month,Bank transfer,Fiber optic,1
CUST_006288,55,55,52.88,2740.02,1,One year,Mailed check,No,0
CUST_006289,66,13,115.51,1514.29,2,Two year,Bank transfer,Fiber optic,0
CUST_006290,40,40,70.55,2916.69,0,Month-to-month,Mailed check,DSL,1
CUST_006291,41,11,39.29,668.88,0,Month-to-month,Electronic check,No,1
CUST_006292,67,45,51.3,2198.36,0,Two year,Bank transfer,DSL,0
CUST_006293,52,24,104.04,2587.44,4,Month-to-month,Credit card,Fiber optic,0
CUST_006294,51,3,91.9,204.97,2,Month-to-month,Mailed check,DSL,1
CUST_006295,27,25,102.52,2450.06,3,One year,Bank transfer,DSL,0
CUST_006296,55,5,114.08,457.49,4,Two year,Bank transfer,Fiber optic,0
CUST_006297,31,12,60.89,744.81,2,Two year,Mailed check,Fiber optic,1
CUST_006298,27,4,78.11,219.37,3,One year,Electronic check,DSL,0
CUST_006299,39,0,81.95,0.0,1,One year,Credit card,Fiber optic,1
CUST_006300,36,5,120.45,558.2,1,Two year,Bank transfer,DSL,0
CUST_006301,41,18,60.23,1010.23,3,Month-to-month,Credit card,Fiber optic,0
CUST_006302,23,15,123.13,1765.74,6,One year,Bank transfer,Fiber optic,0
CUST_006303,59,16,42.87,443.06,2,Month-to-month,Electronic check,DSL,1
CUST_006304,61,6,99.4,605.1,5,Two year,Mailed check,Fiber optic,0
CUST_006305,18,27,96.79,2620.06,2,One year,Electronic check,Fiber optic,1
CUST_006306,59,29,116.19,3289.76,3,One year,Electronic check,No,1
CUST_006307,32,10,27.87,314.72,3,Month-to-month,Bank transfer,Fiber optic,0
CUST_006308,57,51,53.31,2858.66,1,One year,Mailed check,Fiber optic,0
CUST_006309,43,24,38.97,937.63,2,Month-to-month,Electronic check,Fiber optic,0
CUST_006310,45,29,93.8,2853.11,3,Month-to-month,Mailed check,Fiber optic,1
CUST_006311,42,7,83.79,810.37,2,Two year,Credit card,Fiber optic,0
CUST_006312,63,0,110.61,253.05,1,Two year,Electronic check,DSL,0
CUST_006313,26,48,90.76,4237.67,0,Month-to-month,Mailed check,No,0
CUST_006314,54,41,47.3,1821.19,2,Month-to-month,Mailed check,Fiber optic,1
CUST_006315,61,3,42.45,82.92,2,Month-to-month,Electronic check,DSL,1
CUST_006316,55,11,26.31,302.25,2,One year,Credit card,Fiber optic,0
CUST_006317,79,25,110.17,2912.95,6,Month-to-month,Bank transfer,Fiber optic,0
CUST_006318,37,25,114.06,2914.22,1,One year,Electronic check,DSL,0
CUST_006319,59,47,143.29,6614.49,2,Month-to-month,Mailed check,Fiber optic,0
CUST_006320,43,3,62.72,126.99,4,Month-to-month,Mailed check,No,1
CUST_006321,63,13,28.43,365.39,2,One year,Electronic check,No,1
CUST_006322,44,2,44.47,0.0,2,Two year,Electronic check,DSL,0
CUST_006323,39,11,84.28,928.41,1,Two year,Mailed check,Fiber optic,0
CUST_006324,64,0,116.19,0.0,4,One year,Electronic check,Fiber optic,1
CUST_006325,37,54,57.36,2932.25,1,Month-to-month,Electronic check,Fiber optic,0
CUST_006326,23,17,40.66,596.48,0,Month-to-month,Mailed check,Fiber optic,0
CUST_006327,37,45,112.68,5111.52,3,One year,Mailed check,No,1
CUST_006328,54,1,87.22,127.63,2,Month-to-month,Electronic check,Fiber optic,1
CUST_006329,65,6,48.05,297.97,0,Month-to-month,Bank transfer,No,0
CUST_006330,46,7,104.81,832.86,2,Two year,Electronic check,Fiber optic,1
CUST_006331,64,11,38.38,510.71,4,Month-to-month,Electronic check,DSL,1
CUST_006332,24,38,131.57,5020.26,1,Two year,Electronic check,Fiber optic,1
CUST_006333,38,11,45.6,508.27,1,Month-to-month,Bank transfer,DSL,0
CUST_006334,40,5,30.64,166.13,0,Month-to-month,Bank transfer,Fiber optic,0
CUST_006335,43,1,54.45,39.69,2,One year,Electronic check,Fiber optic,0
CUST_006336,46,1,39.28,0.0,1,Month-to-month,Mailed check,Fiber optic,1
CUST_006337,55,34,89.69,3163.15,2,Two year,Bank transfer,Fiber optic,0
CUST_006338,38,14,95.68,1379.34,3,One year,Electronic check,Fiber optic,1
CUST_006339,47,31,84.59,2500.72,4,One year,Bank transfer,DSL,0
CUST_006340,44,27,99.56,2830.92,4,One year,Electronic check,No,1
CUST_006341,31,3,57.99,114.98,5,Two year,Electronic check,No,1
CUST_006342,43,3,24.29,62.1,3,Two year,Bank transfer,No,0
CUST_006343,42,33,133.91,4521.27,0,Month-to-month,Bank transfer,DSL,1
CUST_006344,42,30,116.94,3530.25,2,Two year,Mailed check,DSL,0
CUST_006345,45,11,32.84,494.8,2,One year,Bank transfer,DSL,0
CUST_006346,46,1,65.42,30.21,1,One year,Electronic check,No,0
CUST_006347,38,0,83.5,169.12,2,Month-to-month,Electronic check,Fiber optic,1
CUST_006348,64,8,43.06,266.7,4,Month-to-month,Credit card,DSL,0
CUST_006349,27,0,77.8,131.76,3,One year,Electronic check,Fiber optic,0
CUST_006350,34,6,76.36,231.68,0,Month-to-month,Bank transfer,Fiber optic,0
CUST_006351,80,13,47.33,505.23,2,Month-to-month,Credit card,Fiber optic,0
CUST_006352,29,3,35.62,136.66,0,Month-to-month,Electronic check,DSL,1
CUST_006353,24,2,96.9,153.75,1,Month-to-month,Credit card,DSL,0
CUST_006354,56,54,79.26,4272.49,1,One year,Mailed check,Fiber optic,0
CUST_006355,18,21,54.9,1157.15,1,One year,Credit card,Fiber optic,0
CUST_006356,41,65,126.29,8089.62,0,Month-to-month,Electronic check,DSL,1
CUST_006357,77,10,98.61,874.48,1,Month-to-month,Mailed check,Fiber optic,0
CUST_006358,21,27,61.14,1674.0,0,Month-to-month,Credit card,DSL,0
CUST_006359,18,5,109.76,482.15,3,One year,Electronic check,No,1
CUST_006360,22,23,100.33,2441.58,0,One year,Electronic check,Fiber optic,0
CUST_006361,58,3,56.08,149.03,1,Month-to-month,Electronic check,No,1
CUST_006362,61,0,62.75,71.88,1,Month-to-month,Credit card,DSL,1
CUST_006363,37,64,124.67,8023.23,5,Month-to-month,Electronic check,No,1
CUST_006364,55,19,50.66,902.39,6,Two year,Electronic check,Fiber optic,0
CUST_006365,65,62,97.88,5870.28,2,Month-to-month,Bank transfer,No,0
CUST_006366,71,9,89.86,927.2,1,One year,Mailed check,DSL,0
CUST_006367,41,9,78.45,608.16,3,Month-to-month,Mailed check,DSL,1
CUST_006368,18,12,86.83,1001.62,4,Month-to-month,Bank transfer,DSL,1
CUST_006369,32,29,89.12,2569.43,2,Two year,Bank transfer,DSL,0
CUST_006370,38,20,49.92,993.35,2,Two year,Mailed check,No,0
CUST_006371,41,62,92.02,5801.47,1,One year,Credit card,Fiber optic,0
CUST_006372,42,0,73.2,0.58,2,Month-to-month,Electronic check,Fiber optic,0
CUST_006373,61,29,112.51,3249.95,3,One year,Credit card,Fiber optic,0
CUST_006374,64,9,89.89,910.86,1,One year,Electronic check,Fiber optic,0
CUST_006375,42,4,64.66,318.7,1,Month-to-month,Electronic check,Fiber optic,1
CUST_006376,61,17,125.94,2067.42,0,One year,Bank transfer,Fiber optic,0
CUST_006377,50,16,38.78,505.76,0,Month-to-month,Credit card,DSL,0
CUST_006378,45,3,42.18,44.17,0,Month-to-month,Mailed check,No,1
CUST_006379,58,5,56.63,278.23,0,Month-to-month,Electronic check,DSL,0
CUST_006380,46,12,48.86,461.68,1,One year,Mailed check,Fiber optic,0
CUST_006381,75,12,88.54,1071.61,1,Month-to-month,Credit card,Fiber optic,1
CUST_006382,23,9,28.46,243.18,0,Two year,Mailed check,DSL,0
CUST_006383,37,3,39.24,0.0,4,Month-to-month,Electronic check,DSL,1
CUST_006384,43,0,49.33,0.0,3,Month-to-month,Mailed check,Fiber optic,1
CUST_006385,51,84,130.33,10659.53,2,Two year,Mailed check,DSL,0
CUST_006386,64,68,141.59,9593.49,2,Month-to-month,Electronic check,DSL,1
CUST_006387,44,15,107.35,1717.64,3,Month-to-month,Credit card,DSL,0
CUST_006388,23,120,98.21,11595.91,4,Month-to-month,Bank transfer,DSL,0
CUST_006389,57,26,89.54,2195.83,3,Month-to-month,Electronic check,DSL,1
CUST_006390,56,1,23.5,7.13,3,One year,Credit card,DSL,0
CUST_006391,18,3,52.55,51.29,3,One year,Mailed check,No,0
CUST_006392,44,59,130.1,7568.94,3,Month-to-month,Bank transfer,No,0
CUST_006393,21,23,77.17,1828.99,2,Month-to-month,Mailed check,Fiber optic,1
CUST_006394,35,44,56.99,2458.25,3,Month-to-month,Credit card,DSL,0
CUST_006395,31,54,90.86,4757.52,3,Two year,Credit card,Fiber optic,0
CUST_006396,57,14,46.8,446.47,2,Two year,Electronic check,DSL,0
CUST_006397,46,1,59.82,280.66,1,Two year,Electronic check,DSL,1
CUST_006398,25,5,71.28,469.25,3,Month-to-month,Mailed check,DSL,0
CUST_006399,58,1,55.46,10.29,2,Two year,Electronic check,Fiber optic,1
CUST_006400,23,5,116.2,589.77,0,One year,Mailed check,No,1
CUST_006401,49,12,82.25,938.18,2,One year,Electronic check,Fiber optic,0
CUST_006402,32,3,105.79,368.41,5,One year,Credit card,DSL,1
CUST_006403,39,4,98.07,306.87,2,One year,Electronic check,DSL,0
CUST_006404,52,14,93.12,1249.32,3,One year,Electronic check,No,0
CUST_006405,52,9,74.19,713.24,3,Month-to-month,Electronic check,Fiber optic,1
CUST_006406,65,15,27.72,561.15,1,Month-to-month,Electronic check,Fiber optic,0
CUST_006407,43,13,87.85,1216.15,1,Two year,Mailed check,Fiber optic,1
CUST_006408,49,24,67.6,1745.69,0,Month-to-month,Mailed check,DSL,1
CUST_006409,38,66,64.78,4243.99,1,Month-to-month,Bank transfer,DSL,1
CUST_006410,47,2,65.46,68.62,1,Month-to-month,Electronic check,No,1
CUST_006411,51,2,94.56,0.0,2,Month-to-month,Bank transfer,Fiber optic,0
CUST_006412,43,45,138.67,6247.27,3,One year,Electronic check,No,1
CUST_006413,18,16,65.41,1084.47,2,One year,Bank transfer,No,0
CUST_006414,49,34,91.27,3073.26,3,One year,Electronic check,DSL,0
CUST_006415,50,5,107.62,460.45,4,Month-to-month,Bank transfer,DSL,1
CUST_006416,34,42,74.4,3249.14,4,Month-to-month,Bank transfer,DSL,0
CUST_006417,25,61,64.73,4011.45,2,One year,Electronic check,No,0
CUST_006418,67,24,60.19,1575.8,0,Month-to-month,Credit card,Fiber optic,1
CUST_006419,52,2,110.91,126.47,5,Two year,Electronic check,DSL,0
CUST_006420,41,54,62.94,3327.9,4,One year,Credit card,No,0
CUST_006421,27,37,71.42,2762.94,1,Month-to-month,Electronic check,Fiber optic,0
CUST_006422,32,33,82.96,2733.08,2,Month-to-month,Electronic check,No,0
CUST_006423,64,0,104.71,0.0,0,Two year,Credit card,DSL,0
CUST_006424,47,38,132.77,4995.36,2,Month-to-month,Electronic check,Fiber optic,1
CUST_006425,36,3,64.08,191.14,1,One year,Bank transfer,No,0
CUST_006426,52,6,116.2,797.47,4,One year,Bank transfer,DSL,1
CUST_006427,32,20,46.15,906.87,2,Two year,Credit card,Fiber optic,0
CUST_006428,67,7,39.19,353.35,3,Month-to-month,Credit card,Fiber optic,0
CUST_006429,65,25,127.43,3232.36,1,Month-to-month,Mailed check,DSL,1
CUST_006430,38,22,81.97,1715.46,2,Month-to-month,Bank transfer,DSL,1
CUST_006431,35,2,39.59,0.0,3,One year,Electronic check,DSL,0
CUST_006432,18,25,81.3,1987.45,2,Month-to-month,Electronic check,DSL,0
CUST_006433,22,61,128.82,7724.4,2,One year,Mailed check,DSL,1
CUST_006434,24,4,104.69,367.35,4,One year,Electronic check,Fiber optic,0
CUST_006435,47,21,116.9,2606.18,0,One year,Electronic check,DSL,1
CUST_006436,40,10,81.96,816.43,1,Month-to-month,Electronic check,Fiber optic,1
CUST_006437,24,14,113.69,1515.08,0,One year,Electronic check,Fiber optic,1
CUST_006438,40,8,75.0,791.6,6,Two year,Bank transfer,DSL,0
CUST_006439,52,10,85.71,764.0,1,Month-to-month,Electronic check,No,1
CUST_006440,52,0,95.87,0.0,1,One year,Credit card,Fiber optic,0
CUST_006441,18,95,110.04,10577.08,0,One year,Electronic check,Fiber optic,0
CUST_006442,43,23,38.86,959.87,0,Month-to-month,Electronic check,Fiber optic,0
CUST_006443,24,16,63.02,995.26,3,Month-to-month,Electronic check,DSL,1
CUST_006444,58,11,87.89,1050.03,3,Two year,Bank transfer,Fiber optic,0
CUST_006445,56,18,48.23,898.26,3,One year,Bank transfer,DSL,1
CUST_006446,31,11,40.34,325.1,2,Month-to-month,Electronic check,No,0
CUST_006447,33,10,54.31,303.32,2,Two year,Electronic check,No,0
CUST_006448,38,14,30.21,366.22,2,One year,Bank transfer,Fiber optic,0
CUST_006449,18,7,97.84,793.39,4,Month-to-month,Mailed check,Fiber optic,1
CUST_006450,50,4,47.87,148.64,1,One year,Mailed check,Fiber optic,1
CUST_006451,40,19,41.92,842.56,1,Month-to-month,Bank transfer,Fiber optic,0
CUST_006452,59,44,111.91,4942.62,0,Month-to-month,Mailed check,DSL,1
CUST_006453,28,3,105.79,148.03,3,Month-to-month,Mailed check,DSL,0
CUST_006454,35,0,21.99,0.0,3,Month-to-month,Bank transfer,No,1
CUST_006455,22,6,46.36,314.05,1,Two year,Credit card,Fiber optic,0
CUST_006456,29,93,161.02,14896.45,2,Month-to-month,Mailed check,No,0
CUST_006457,27,42,79.53,3303.81,2,Month-to-month,Electronic check,No,1
CUST_006458,59,21,124.36,2650.72,0,One year,Credit card,Fiber optic,0
CUST_006459,34,63,78.92,4979.3,0,Two year,Bank transfer,Fiber optic,0
CUST_006460,46,14,48.81,787.99,1,Month-to-month,Bank transfer,Fiber optic,0
CUST_006461,39,98,90.41,8898.63,1,Two year,Bank transfer,Fiber optic,0
CUST_006462,25,8,32.52,164.6,2,Month-to-month,Bank transfer,No,1
CUST_006463,42,6,112.64,628.1,1,Month-to-month,Bank transfer,DSL,0
CUST_006464,53,24,129.98,3121.63,4,Month-to-month,Bank transfer,DSL,0
CUST_006465,26,11,120.95,1464.3,1,Month-to-month,Credit card,DSL,1
CUST_006466,57,23,116.7,2636.81,3,Two year,Mailed check,No,0
CUST_006467,32,8,108.69,696.25,3,Two year,Electronic check,No,0
CUST_006468,37,23,97.61,2289.05,2,One year,Mailed check,No,1
CUST_006469,52,7,106.12,667.29,2,Month-to-month,Bank transfer,Fiber optic,1
CUST_006470,35,1,41.33,0.0,1,Month-to-month,Mailed check,No,0
CUST_006471,45,58,87.79,5093.77,1,One year,Credit card,DSL,0
CUST_006472,40,51,109.58,5686.05,5,Month-to-month,Electronic check,Fiber optic,1
CUST_006473,46,84,149.48,12498.69,5,Month-to-month,Bank transfer,DSL,0
CUST_006474,18,30,101.05,3081.07,1,Month-to-month,Electronic check,DSL,1
CUST_006475,18,27,117.4,3238.05,3,Month-to-month,Bank transfer,DSL,1
CUST_006476,54,19,76.89,1540.18,2,Month-to-month,Mailed check,DSL,0
CUST_006477,60,3,93.23,206.46,3,Month-to-month,Credit card,DSL,1
CUST_006478,31,5,120.5,490.38,0,Month-to-month,Bank transfer,DSL,1
CUST_006479,41,8,39.35,216.32,3,One year,Bank transfer,Fiber optic,0
CUST_006480,49,53,139.19,7456.28,1,Month-to-month,Electronic check,DSL,1
CUST_006481,55,4,74.24,363.68,4,Month-to-month,Bank transfer,Fiber optic,1
CUST_006482,18,61,114.82,6908.41,1,Month-to-month,Mailed check,DSL,0
CUST_006483,31,17,116.29,2190.14,0,Month-to-month,Electronic check,DSL,0
CUST_006484,40,30,75.97,2171.33,1,One year,Bank transfer,DSL,0
CUST_006485,55,2,62.87,225.68,3,Month-to-month,Electronic check,No,1
CUST_006486,80,7,76.22,685.49,1,Two year,Electronic check,Fiber optic,0
CUST_006487,41,76,59.91,4564.15,1,Two year,Mailed check,Fiber optic,0
CUST_006488,23,7,73.17,435.19,1,Two year,Bank transfer,Fiber optic,0
CUST_006489,51,8,53.11,350.08,3,Two year,Electronic check,Fiber optic,0
CUST_006490,64,5,115.3,550.27,2,One year,Mailed check,DSL,0
CUST_006491,46,3,30.27,198.91,3,Two year,Mailed check,DSL,0
CUST_006492,31,6,68.93,293.6,2,One year,Mailed check,DSL,0
CUST_006493,59,24,126.75,2858.05,3,Month-to-month,Electronic check,DSL,0
CUST_006494,54,14,117.1,1675.65,2,One year,Electronic check,DSL,0
CUST_006495,29,19,99.63,1951.22,3,One year,Electronic check,No,1
CUST_006496,50,3,80.44,438.11,1,Month-to-month,Electronic check,DSL,1
CUST_006497,59,38,67.07,2410.55,3,One year,Electronic check,Fiber optic,1
CUST_006498,62,36,74.7,2675.56,3,Two year,Mailed check,Fiber optic,0
CUST_006499,44,0,29.01,116.18,2,One year,Electronic check,No,1
CUST_006500,39,11,104.11,1157.31,0,Month-to-month,Credit card,No,1
CUST_006501,63,1,52.89,33.34,1,Month-to-month,Bank transfer,DSL,1
CUST_006502,26,37,105.28,3974.28,0,One year,Mailed check,DSL,0
CUST_006503,51,32,71.76,2236.36,2,Month-to-month,Electronic check,No,1
CUST_006504,24,55,93.93,5251.46,3,One year,Mailed check,DSL,0
CUST_006505,60,6,78.5,345.65,0,Month-to-month,Electronic check,DSL,1
CUST_006506,41,14,107.19,1348.65,1,Month-to-month,Credit card,No,1
CUST_006507,64,4,43.12,145.1,2,Two year,Electronic check,Fiber optic,0
CUST_006508,52,11,65.38,462.81,1,Month-to-month,Electronic check,DSL,1
CUST_006509,26,17,41.51,714.11,4,Two year,Bank transfer,DSL,1
CUST_006510,66,1,28.08,0.0,4,Two year,Credit card,Fiber optic,0
CUST_006511,68,30,95.47,2892.27,3,Month-to-month,Bank transfer,DSL,0
CUST_006512,58,18,47.91,880.91,2,Two year,Electronic check,No,0
CUST_006513,33,42,46.98,1966.36,1,One year,Credit card,DSL,0
CUST_006514,40,7,113.21,836.11,3,Month-to-month,Bank transfer,DSL,1
CUST_006515,47,56,101.43,5700.58,2,Month-to-month,Electronic check,DSL,0
CUST_006516,34,120,93.46,11186.24,2,Two year,Electronic check,Fiber optic,0
CUST_006517,70,60,55.34,3503.66,6,One year,Bank transfer,DSL,0
CUST_006518,47,36,49.99,1838.83,2,Month-to-month,Electronic check,DSL,1
CUST_006519,18,40,87.13,3562.54,1,Month-to-month,Mailed check,DSL,1
CUST_006520,50,20,96.85,2044.24,1,One year,Electronic check,No,1
CUST_006521,39,5,86.63,499.95,1,Month-to-month,Mailed check,Fiber optic,0
CUST_006522,43,27,47.94,1500.73,1,Month-to-month,Electronic check,Fiber optic,1
CUST_006523,39,29,97.85,2854.22,1,One year,Mailed check,Fiber optic,1
CUST_006524,57,101,110.99,11208.95,1,One year,Bank transfer,DSL,0
CUST_006525,61,18,75.47,1293.58,0,Month-to-month,Mailed check,No,0
CUST_006526,49,7,103.64,699.87,4,One year,Credit card,DSL,1
CUST_006527,39,27,66.75,1729.13,2,Month-to-month,Mailed check,DSL,0
CUST_006528,44,93,81.2,7619.31,0,One year,Bank transfer,Fiber optic,0
CUST_006529,45,4,109.35,346.15,2,Month-to-month,Mailed check,DSL,1
CUST_006530,32,9,45.71,418.8,0,One year,Electronic check,Fiber optic,1
CUST_006531,53,18,58.4,1107.21,0,One year,Electronic check,Fiber optic,1
CUST_006532,51,4,92.66,385.67,1,Month-to-month,Electronic check,Fiber optic,1
CUST_006533,68,0,88.36,0.0,3,One year,Electronic check,No,0
CUST_006534,63,9,104.54,1010.75,5,Two year,Mailed check,Fiber optic,1
CUST_006535,34,48,62.39,2986.03,5,Two year,Electronic check,Fiber optic,0
CUST_006536,57,1,55.73,0.0,4,One year,Mailed check,Fiber optic,0
CUST_006537,30,13,39.09,409.81,5,Two year,Mailed check,DSL,0
CUST_006538,55,34,91.1,3237.65,1,One year,Bank transfer,DSL,1
CUST_006539,37,73,85.76,6408.7,2,Month-to-month,Mailed check,Fiber optic,1
CUST_006540,29,101,139.39,14131.36,3,One year,Bank transfer,Fiber optic,1
CUST_006541,49,13,26.53,423.35,3,Two year,Credit card,DSL,0
CUST_006542,18,72,61.97,4383.89,2,Month-to-month,Mailed check,No,1
CUST_006543,18,0,63.26,0.0,2,Month-to-month,Mailed check,Fiber optic,1
CUST_006544,42,32,131.82,4341.73,0,Two year,Bank transfer,Fiber optic,0
CUST_006545,46,24,121.09,2948.63,1,One year,Mailed check,Fiber optic,1
CUST_006546,39,6,122.4,740.9,0,Month-to-month,Electronic check,Fiber optic,1
CUST_006547,21,16,69.68,1096.25,2,One year,Electronic check,DSL,0
CUST_006548,32,3,26.16,195.92,1,Month-to-month,Electronic check,DSL,1
CUST_006549,50,49,75.1,3791.89,0,Month-to-month,Bank transfer,No,0
CUST_006550,53,10,92.58,990.74,2,Month-to-month,Electronic check,DSL,0
CUST_006551,44,23,45.02,1042.0,2,Month-to-month,Bank transfer,Fiber optic,0
CUST_006552,62,4,52.0,172.31,2,One year,Bank transfer,DSL,0
CUST_006553,50,5,28.12,209.88,1,Month-to-month,Bank transfer,Fiber optic,1
CUST_006554,33,115,125.0,14264.43,1,Two year,Credit card,Fiber optic,0
CUST_006555,40,33,57.39,1804.48,1,One year,Mailed check,Fiber optic,0
CUST_006556,23,78,68.12,5168.63,1,Month-to-month,Electronic check,DSL,0
CUST_006557,43,8,65.12,644.5,0,Month-to-month,Credit card,Fiber optic,1
CUST_006558,61,4,57.12,156.42,5,Two year,Credit card,Fiber optic,0
CUST_006559,55,16,81.75,1348.43,4,One year,Electronic check,DSL,0
CUST_006560,66,16,102.9,1633.91,1,Month-to-month,Bank transfer,Fiber optic,1
CUST_006561,40,4,33.26,422.78,1,Month-to-month,Electronic check,DSL,1
CUST_006562,65,31,114.61,3597.18,1,Month-to-month,Electronic check,DSL,0
CUST_006563,42,10,27.63,90.08,5,One year,Bank transfer,DSL,1
CUST_006564,67,4,66.31,382.78,1,One year,Electronic check,DSL,0
CUST_006565,44,9,83.24,710.47,3,Two year,Credit card,Fiber optic,0
CUST_006566,55,19,125.2,2358.7,1,Two year,Mailed check,DSL,0
CUST_006567,67,31,92.89,2812.41,2,Month-to-month,Bank transfer,Fiber optic,1
CUST_006568,42,15,43.37,670.19,1,Two year,Electronic check,DSL,0
CUST_006569,48,17,80.25,1382.57,3,Two year,Credit card,DSL,0
CUST_006570,64,3,61.08,118.69,0,One year,Electronic check,No,0
CUST_006571,43,59,97.44,5697.88,0,Month-to-month,Mailed check,DSL,1
CUST_006572,25,63,71.21,4496.34,4,Month-to-month,Bank transfer,Fiber optic,0
CUST_006573,77,27,83.58,2022.46,1,Month-to-month,Electronic check,Fiber optic,1
CUST_006574,37,0,35.0,0.0,1,Month-to-month,Credit card,DSL,1
CUST_006575,47,18,103.4,2028.28,1,Two year,Electronic check,Fiber optic,0
CUST_006576,62,23,90.89,2123.27,0,Two year,Bank transfer,DSL,0
CUST_006577,35,120,87.85,10489.84,2,One year,Bank transfer,Fiber optic,0
CUST_006578,29,120,168.96,20105.77,1,One year,Electronic check,Fiber optic,0
CUST_006579,48,46,104.64,4807.71,0,Month-to-month,Credit card,DSL,0
CUST_006580,18,1,52.11,150.63,4,One year,Electronic check,No,0
CUST_006581,40,73,61.06,4721.61,1,One year,Electronic check,Fiber optic,1
CUST_006582,48,22,94.22,2262.1,4,Month-to-month,Electronic check,DSL,1
CUST_006583,40,38,76.34,2812.38,0,One year,Electronic check,No,0
CUST_006584,21,12,116.76,1351.56,1,Month-to-month,Bank transfer,No,1
CUST_006585,68,9,27.99,104.74,2,Month-to-month,Electronic check,Fiber optic,0
CUST_006586,46,14,30.91,348.58,0,One year,Mailed check,Fiber optic,1
CUST_006587,66,3,116.43,328.01,0,One year,Bank transfer,Fiber optic,1
CUST_006588,41,10,121.49,1178.16,3,One year,Credit card,Fiber optic,0
CUST_006589,31,46,45.77,2311.07,3,One year,Bank transfer,DSL,0
CUST_006590,49,0,91.6,0.0,0,Month-to-month,Electronic check,Fiber optic,1
CUST_006591,41,3,43.65,126.44,4,Two year,Mailed check,Fiber optic,1
CUST_006592,27,3,91.64,68.57,1,One year,Mailed check,DSL,0
CUST_006593,67,12,112.87,1387.57,2,Two year,Credit card,DSL,1
CUST_006594,35,120,90.08,10675.81,1,Two year,Mailed check,DSL,1
CUST_006595,18,4,45.88,293.77,2,Month-to-month,Mailed check,DSL,0
CUST_006596,64,3,23.91,42.62,3,Two year,Electronic check,Fiber optic,0
CUST_006597,37,59,53.88,3038.9,0,Two year,Mailed check,No,0
CUST_006598,35,51,48.46,2261.28,1,Month-to-month,Electronic check,Fiber optic,1
CUST_006599,18,0,100.07,0.0,2,Month-to-month,Mailed check,No,1
CUST_006600,71,33,66.33,2212.8,3,Two year,Bank transfer,DSL,0
CUST_006601,25,25,81.82,2087.68,1,Month-to-month,Credit card,No,0
CUST_006602,45,35,116.28,4020.11,5,Two year,Bank transfer,Fiber optic,0
CUST_006603,58,16,77.49,1332.49,0,Month-to-month,Bank transfer,DSL,0
CUST_006604,51,114,119.92,13557.26,2,One year,Mailed check,DSL,0
CUST_006605,44,1,21.66,0.0,0,One year,Bank transfer,Fiber optic,1
CUST_006606,19,6,79.8,507.08,2,Two year,Mailed check,Fiber optic,1
CUST_006607,32,12,38.47,590.7,2,One year,Electronic check,DSL,1
CUST_006608,47,14,103.46,1578.44,3,Month-to-month,Credit card,No,1
CUST_006609,33,61,76.27,4522.72,1,Month-to-month,Electronic check,No,0
CUST_006610,48,19,96.92,1786.99,3,Month-to-month,Electronic check,No,1
CUST_006611,55,1,85.12,157.5,2,One year,Electronic check,Fiber optic,0
CUST_006612,59,12,87.67,989.3,3,Month-to-month,Electronic check,No,0
CUST_006613,26,12,52.7,642.88,1,Month-to-month,Electronic check,DSL,1
CUST_006614,77,80,86.71,6865.07,1,One year,Bank transfer,No,0
CUST_006615,56,21,116.8,2343.96,3,Month-to-month,Credit card,No,0
CUST_006616,44,24,33.28,709.1,2,Two year,Bank transfer,Fiber optic,0
CUST_006617,61,29,52.65,1622.49,2,Month-to-month,Bank transfer,Fiber optic,1
CUST_006618,80,35,98.52,3449.48,1,One year,Bank transfer,DSL,0
CUST_006619,23,24,113.7,2856.1,3,Two year,Mailed check,No,0
CUST_006620,41,6,58.83,405.05,0,Two year,Credit card,DSL,0
CUST_006621,18,49,109.84,5543.02,6,One year,Mailed check,No,1
CUST_006622,47,31,91.22,2909.49,1,Month-to-month,Electronic check,DSL,1
CUST_006623,50,32,42.45,1434.46,6,One year,Bank transfer,No,0
CUST_006624,44,120,142.18,17048.95,1,Two year,Bank transfer,DSL,0
CUST_006625,35,38,120.39,4875.75,2,Month-to-month,Electronic check,DSL,1
CUST_006626,18,42,140.24,5901.55,2,Month-to-month,Electronic check,DSL,1
CUST_006627,50,72,58.96,4048.07,3,One year,Bank transfer,No,0
CUST_006628,66,3,87.51,289.32,0,One year,Mailed check,DSL,1
CUST_006629,36,16,69.45,1013.05,2,Month-to-month,Credit card,DSL,0
CUST_006630,51,20,30.98,721.28,2,Month-to-month,Mailed check,DSL,0
CUST_006631,21,9,85.94,846.01,0,Month-to-month,Bank transfer,No,1
CUST_006632,51,43,53.74,2291.79,1,Month-to-month,Electronic check,Fiber optic,0
CUST_006633,39,34,74.86,2456.34,3,Two year,Credit card,DSL,0
CUST_006634,33,30,61.14,1848.74,5,Month-to-month,Mailed check,No,0
CUST_006635,33,120,116.12,13869.84,1,Month-to-month,Mailed check,Fiber optic,0
CUST_006636,39,7,72.77,588.17,2,Two year,Bank transfer,Fiber optic,0
CUST_006637,50,31,71.42,2269.65,4,Month-to-month,Electronic check,Fiber optic,1
CUST_006638,25,19,84.77,1904.29,1,Month-to-month,Electronic check,Fiber optic,0
CUST_006639,39,9,48.36,390.77,2,Two year,Mailed check,Fiber optic,0
CUST_006640,44,4,85.54,311.8,1,Month-to-month,Electronic check,DSL,1
CUST_006641,28,54,132.38,7132.84,2,Two year,Electronic check,Fiber optic,0
CUST_006642,71,21,52.91,1099.94,1,One year,Bank transfer,No,0
CUST_006643,32,41,91.29,3845.5,6,Month-to-month,Electronic check,Fiber optic,0
CUST_006644,34,18,93.87,1662.01,2,One year,Mailed check,DSL,0
CUST_006645,30,5,78.96,592.05,1,One year,Mailed check,DSL,0
CUST_006646,71,9,61.06,607.81,3,Two year,Bank transfer,DSL,0
CUST_006647,53,11,89.72,938.35,4,Month-to-month,Electronic check,Fiber optic,0
CUST_006648,30,86,65.82,5586.79,1,Two year,Bank transfer,Fiber optic,0
CUST_006649,61,0,56.99,104.09,1,Two year,Mailed check,No,0
CUST_006650,48,101,123.76,12502.74,3,Month-to-month,Credit card,Fiber optic,0
CUST_006651,48,94,69.06,6492.67,3,Month-to-month,Bank transfer,DSL,1
CUST_006652,39,120,130.76,15631.94,2,Month-to-month,Electronic check,DSL,1
CUST_006653,33,15,92.93,1387.74,1,Month-to-month,Electronic check,Fiber optic,1
CUST_006654,50,79,135.42,10634.35,1,Month-to-month,Electronic check,Fiber optic,0
CUST_006655,36,12,37.34,584.22,1,Month-to-month,Bank transfer,Fiber optic,0
CUST_006656,72,0,119.06,71.71,3,One year,Mailed check,DSL,0
CUST_006657,25,6,83.62,484.22,3,Month-to-month,Electronic check,DSL,1
CUST_006658,68,69,90.82,6247.59,3,Two year,Electronic check,No,0
CUST_006659,43,0,44.91,9.22,1,Month-to-month,Credit card,DSL,1
CUST_006660,49,18,86.29,1552.66,3,Month-to-month,Credit card,DSL,1
CUST_006661,57,1,108.67,12.98,4,Month-to-month,Electronic check,Fiber optic,1
CUST_006662,35,8,76.06,418.37,3,One year,Mailed check,Fiber optic,0
CUST_006663,57,2,87.15,94.52,2,One year,Mailed check,DSL,0
CUST_006664,18,47,79.27,3712.82,0,One year,Mailed check,No,1
CUST_006665,34,21,69.32,1381.84,1,Month-to-month,Electronic check,DSL,0
CUST_006666,31,55,76.12,4268.4,1,Two year,Mailed check,DSL,0
CUST_006667,26,27,104.06,2786.81,1,Month-to-month,Electronic check,DSL,1
CUST_006668,41,84,97.92,8412.53,4,Month-to-month,Electronic check,DSL,1
CUST_006669,50,17,47.57,752.57,2,One year,Electronic check,DSL,0
CUST_006670,55,24,68.94,1668.63,3,One year,Electronic check,DSL,1
CUST_006671,48,20,115.38,2278.77,3,Month-to-month,Mailed check,Fiber optic,1
CUST_006672,35,15,101.33,1563.86,2,Month-to-month,Bank transfer,Fiber optic,0
CUST_006673,50,44,75.46,3426.99,3,Month-to-month,Electronic check,Fiber optic,1
CUST_006674,46,24,122.68,3005.17,1,Month-to-month,Mailed check,Fiber optic,0
CUST_006675,59,38,46.48,1563.28,2,One year,Electronic check,DSL,1
CUST_006676,56,37,43.48,1658.58,1,One year,Electronic check,No,0
CUST_006677,45,5,35.25,75.15,2,One year,Electronic check,DSL,1
CUST_006678,31,25,44.15,1072.66,2,Two year,Bank transfer,DSL,0
CUST_006679,35,5,31.28,225.35,4,Month-to-month,Electronic check,DSL,0
CUST_006680,36,21,96.63,1917.34,0,One year,Mailed check,Fiber optic,0
CUST_006681,40,27,93.58,2642.37,2,Month-to-month,Electronic check,DSL,0
CUST_006682,49,120,144.76,17335.93,3,One year,Credit card,DSL,0
CUST_006683,55,0,88.84,217.09,4,One year,Electronic check,DSL,0
CUST_006684,44,2,96.69,200.24,1,One year,Mailed check,Fiber optic,1
CUST_006685,45,1,41.22,211.75,5,Month-to-month,Bank transfer,No,1
CUST_006686,47,12,88.23,1178.53,2,Month-to-month,Bank transfer,DSL,1
CUST_006687,37,41,98.5,3977.59,1,Two year,Electronic check,DSL,1
CUST_006688,31,44,136.37,5869.94,2,Two year,Electronic check,Fiber optic,0
CUST_006689,18,32,59.24,1906.94,0,Month-to-month,Mailed check,DSL,1
CUST_006690,34,54,52.87,2796.84,1,One year,Bank transfer,No,0
CUST_006691,52,9,89.85,966.62,0,Month-to-month,Bank transfer,No,0
CUST_006692,34,2,95.02,165.35,2,One year,Bank transfer,DSL,1
CUST_006693,41,1,48.82,18.78,1,One year,Bank transfer,No,0
CUST_006694,51,45,99.58,4341.73,2,Month-to-month,Mailed check,DSL,0
CUST_006695,52,31,41.45,1326.98,3,Month-to-month,Mailed check,DSL,1
CUST_006696,28,28,130.0,3522.7,2,One year,Mailed check,DSL,0
CUST_006697,59,9,35.49,363.68,1,Month-to-month,Bank transfer,DSL,1
CUST_006698,61,11,32.26,412.84,2,One year,Electronic check,Fiber optic,1
CUST_006699,28,76,62.41,4668.27,2,Month-to-month,Electronic check,DSL,0
CUST_006700,32,1,63.23,158.89,1,Two year,Bank transfer,DSL,0
CUST_006701,62,35,47.22,1625.07,1,Month-to-month,Bank transfer,Fiber optic,1
CUST_006702,42,8,98.46,640.59,0,Month-to-month,Bank transfer,DSL,0
CUST_006703,18,0,109.89,154.53,5,Month-to-month,Electronic check,DSL,1
CUST_006704,24,32,62.02,1892.35,1,Two year,Mailed check,Fiber optic,0
CUST_006705,41,9,87.38,837.1,1,Month-to-month,Mailed check,DSL,0
CUST_006706,27,30,39.23,1219.59,2,One year,Bank transfer,Fiber optic,0
CUST_006707,38,29,73.16,2160.46,1,Month-to-month,Mailed check,DSL,1
CUST_006708,45,18,58.29,1086.48,1,Month-to-month,Mailed check,DSL,0
CUST_006709,66,36,60.86,2094.01,3,One year,Electronic check,DSL,0
CUST_006710,40,20,94.47,2058.58,2,Month-to-month,Bank transfer,DSL,1
CUST_006711,61,8,37.02,391.81,2,Two year,Credit card,DSL,0
CUST_006712,66,31,121.57,3816.21,2,Month-to-month,Mailed check,DSL,0
CUST_006713,66,21,96.98,1903.36,1,Month-to-month,Mailed check,DSL,1
CUST_006714,49,0,91.07,0.0,2,Month-to-month,Electronic check,No,1
CUST_006715,18,55,141.03,7822.64,2,Month-to-month,Electronic check,No,1
CUST_006716,51,18,123.24,2017.9,2,Month-to-month,Mailed check,No,1
CUST_006717,60,48,99.17,4793.8,2,Month-to-month,Electronic check,Fiber optic,1
CUST_006718,43,51,95.04,4713.82,2,Month-to-month,Mailed check,DSL,0
CUST_006719,71,14,60.54,760.73,1,Two year,Mailed check,Fiber optic,0
CUST_006720,57,17,100.06,1559.86,4,Month-to-month,Bank transfer,No,0
CUST_006721,53,12,79.82,982.46,5,Two year,Electronic check,DSL,1
CUST_006722,61,14,120.29,1795.66,1,Month-to-month,Bank transfer,DSL,0
CUST_006723,50,54,70.86,3861.38,2,Two year,Electronic check,Fiber optic,0
CUST_006724,18,37,69.53,2618.22,1,One year,Mailed check,DSL,0
CUST_006725,37,3,53.11,176.12,2,Month-to-month,Bank transfer,DSL,1
CUST_006726,62,22,111.6,2523.47,1,Two year,Bank transfer,DSL,0
CUST_006727,32,120,89.9,10835.19,2,Month-to-month,Credit card,DSL,0
CUST_006728,41,21,76.06,1325.85,3,Month-to-month,Electronic check,Fiber optic,1
CUST_006729,29,36,80.76,2997.92,1,Two year,Bank transfer,DSL,0
CUST_006730,71,35,44.81,1648.6,4,Month-to-month,Mailed check,DSL,0
CUST_006731,70,10,66.08,624.57,2,One year,Electronic check,Fiber optic,1
CUST_006732,31,11,76.84,647.8,1,Two year,Mailed check,Fiber optic,0
CUST_006733,47,30,41.51,1269.56,1,One year,Electronic check,Fiber optic,0
CUST_006734,34,16,78.99,1296.45,1,One year,Bank transfer,DSL,0
CUST_006735,54,20,125.92,2474.43,2,One year,Bank transfer,Fiber optic,1
CUST_006736,52,29,132.39,3858.02,4,One year,Electronic check,No,1
CUST_006737,57,36,91.17,3389.23,0,Two year,Mailed check,DSL,0
CUST_006738,49,7,75.01,764.82,2,One year,Electronic check,No,0
CUST_006739,80,3,50.05,164.84,2,One year,Electronic check,DSL,0
CUST_006740,29,8,123.71,1023.08,0,One year,Electronic check,Fiber optic,0
CUST_006741,19,17,55.92,868.31,3,One year,Bank transfer,Fiber optic,0
CUST_006742,39,10,70.29,652.76,3,Two year,Electronic check,Fiber optic,0
CUST_006743,21,20,30.29,592.26,2,Month-to-month,Electronic check,Fiber optic,1
CUST_006744,22,1,55.42,173.2,4,Month-to-month,Electronic check,Fiber optic,1
CUST_006745,29,17,35.64,687.84,4,One year,Bank transfer,Fiber optic,0
CUST_006746,31,11,99.88,1291.64,1,Month-to-month,Mailed check,No,1
CUST_006747,30,18,85.1,1382.8,1,Two year,Mailed check,No,0
CUST_006748,52,13,83.72,955.95,3,Two year,Electronic check,Fiber optic,0
CUST_006749,37,8,52.65,531.42,0,Month-to-month,Mailed check,DSL,0
CUST_006750,42,56,129.49,7396.31,1,Month-to-month,Electronic check,DSL,0
CUST_006751,58,4,22.33,92.62,2,One year,Credit card,DSL,0
CUST_006752,33,27,66.86,1358.66,0,Month-to-month,Mailed check,No,0
CUST_006753,41,62,116.95,7176.53,3,Two year,Credit card,Fiber optic,0
CUST_006754,50,18,119.79,2189.81,3,Month-to-month,Electronic check,DSL,1
CUST_006755,18,50,68.46,3333.14,0,Two year,Mailed check,Fiber optic,0
CUST_006756,18,3,75.61,245.34,3,Month-to-month,Bank transfer,DSL,1
CUST_006757,50,16,81.8,1498.64,3,Month-to-month,Bank transfer,Fiber optic,0
CUST_006758,52,14,114.42,1744.46,0,Month-to-month,Mailed check,Fiber optic,1
CUST_006759,75,0,25.05,80.89,2,Two year,Electronic check,DSL,0
CUST_006760,47,14,69.45,965.82,4,Month-to-month,Electronic check,DSL,1
CUST_006761,57,11,43.75,431.75,0,Month-to-month,Electronic check,Fiber optic,1
CUST_006762,42,26,35.15,989.76,2,Month-to-month,Electronic check,Fiber optic,1
CUST_006763,49,66,67.7,4470.94,3,Month-to-month,Electronic check,No,0
CUST_006764,70,2,118.65,243.26,0,Month-to-month,Electronic check,Fiber optic,1
CUST_006765,18,9,45.98,258.74,2,Month-to-month,Mailed check,Fiber optic,1
CUST_006766,51,14,120.5,1615.59,2,Two year,Bank transfer,Fiber optic,0
CUST_006767,77,14,47.53,740.54,2,Month-to-month,Electronic check,DSL,1
CUST_006768,49,35,130.63,4461.93,6,Month-to-month,Bank transfer,DSL,1
CUST_006769,69,14,92.46,1321.04,1,Month-to-month,Bank transfer,Fiber optic,0
CUST_006770,35,0,31.32,41.25,1,Month-to-month,Mailed check,Fiber optic,0
CUST_006771,44,29,92.69,2735.14,3,Two year,Mailed check,No,1
CUST_006772,45,51,77.35,4000.95,0,Month-to-month,Electronic check,Fiber optic,0
CUST_006773,18,17,66.82,1198.63,0,Month-to-month,Mailed check,No,0
CUST_006774,27,20,74.02,1417.96,1,Two year,Mailed check,No,0
CUST_006775,28,4,64.27,110.32,3,Month-to-month,Mailed check,Fiber optic,1
CUST_006776,57,5,88.91,357.2,3,Month-to-month,Mailed check,DSL,1
CUST_006777,58,6,99.84,672.01,4,Two year,Bank transfer,DSL,0
CUST_006778,49,13,59.42,652.35,0,One year,Credit card,No,0
CUST_006779,57,63,143.94,8963.93,2,Month-to-month,Credit card,Fiber optic,0
CUST_006780,42,17,122.35,1975.28,1,One year,Credit card,Fiber optic,0
CUST_006781,63,5,26.57,0.0,5,Month-to-month,Credit card,No,0
CUST_006782,45,7,24.99,60.24,4,Month-to-month,Electronic check,DSL,1
CUST_006783,45,11,68.01,848.11,0,Two year,Credit card,DSL,0
CUST_006784,41,23,90.56,2011.31,1,Two year,Electronic check,DSL,0
CUST_006785,55,13,54.29,530.88,1,One year,Credit card,DSL,0
CUST_006786,38,11,51.44,514.69,2,One year,Mailed check,Fiber optic,0
CUST_006787,59,19,97.33,1900.39,1,Month-to-month,Bank transfer,DSL,1
CUST_006788,28,6,83.17,315.95,5,One year,Credit card,No,0
CUST_006789,28,1,37.21,132.55,2,Month-to-month,Credit card,DSL,0
CUST_006790,55,0,108.45,0.0,3,One year,Bank transfer,DSL,0
CUST_006791,43,6,91.0,506.44,4,One year,Electronic check,Fiber optic,1
CUST_006792,38,2,57.26,73.69,2,One year,Credit card,No,1
CUST_006793,58,9,92.86,779.62,0,Month-to-month,Electronic check,Fiber optic,1
CUST_006794,35,35,48.77,1700.31,1,Month-to-month,Mailed check,DSL,0
CUST_006795,41,30,81.83,2532.62,1,Month-to-month,Mailed check,DSL,1
CUST_006796,65,22,47.9,1049.69,2,Month-to-month,Mailed check,No,0
CUST_006797,68,45,46.64,2038.37,3,Month-to-month,Bank transfer,DSL,0
CUST_006798,68,7,57.33,447.06,3,Two year,Mailed check,DSL,0
CUST_006799,40,51,60.57,3109.98,1,One year,Mailed check,DSL,0
CUST_006800,63,12,89.35,1005.27,3,Two year,Bank transfer,Fiber optic,0
CUST_006801,30,12,93.41,1125.11,5,One year,Bank transfer,No,1
CUST_006802,31,12,40.87,415.2,2,Month-to-month,Mailed check,Fiber optic,1
CUST_006803,18,2,23.46,0.0,0,Month-to-month,Electronic check,DSL,1
CUST_006804,70,89,143.78,12877.09,5,Month-to-month,Electronic check,DSL,0
CUST_006805,32,3,21.71,109.81,0,One year,Credit card,Fiber optic,0
CUST_006806,43,10,59.39,670.95,3,Month-to-month,Credit card,Fiber optic,1
CUST_006807,31,9,73.96,729.14,2,Month-to-month,Bank transfer,DSL,1
CUST_006808,55,1,102.36,13.64,1,Two year,Electronic check,DSL,1
CUST_006809,39,3,105.36,416.2,2,Month-to-month,Electronic check,Fiber optic,1
CUST_006810,25,1,92.99,63.23,3,One year,Credit card,No,1
CUST_006811,51,8,48.72,482.68,2,Month-to-month,Credit card,Fiber optic,0
CUST_006812,23,48,116.02,5556.39,2,Two year,Mailed check,DSL,0
CUST_006813,32,9,49.15,473.7,1,One year,Bank transfer,DSL,0
CUST_006814,18,3,42.96,163.21,3,Month-to-month,Credit card,Fiber optic,1
CUST_006815,23,24,86.71,2162.43,4,Two year,Electronic check,Fiber optic,0
CUST_006816,47,120,147.89,17582.8,3,One year,Bank transfer,No,0
CUST_006817,18,6,28.31,12.19,1,Two year,Credit card,No,0
CUST_006818,22,7,29.5,273.69,1,Two year,Bank transfer,DSL,0
CUST_006819,44,85,140.92,12013.59,1,Month-to-month,Electronic check,DSL,1
CUST_006820,36,4,107.95,354.23,0,Month-to-month,Credit card,DSL,0
CUST_006821,74,17,88.94,1548.48,2,One year,Electronic check,Fiber optic,0
CUST_006822,72,6,65.88,254.5,2,One year,Electronic check,DSL,0
CUST_006823,31,64,136.53,9064.45,0,Two year,Electronic check,DSL,1
CUST_006824,53,95,140.38,13467.42,0,Month-to-month,Electronic check,Fiber optic,1
CUST_006825,56,40,97.96,3980.61,0,Month-to-month,Bank transfer,DSL,1
CUST_006826,36,9,56.48,515.84,3,One year,Electronic check,No,0
CUST_006827,22,12,45.8,487.72,3,Month-to-month,Credit card,DSL,0
CUST_006828,44,6,64.87,258.19,1,Month-to-month,Credit card,DSL,1
CUST_006829,42,53,75.18,3973.28,3,Month-to-month,Electronic check,Fiber optic,1
CUST_006830,38,59,83.43,4836.15,0,Month-to-month,Mailed check,Fiber optic,1
CUST_006831,51,13,78.06,934.68,5,One year,Bank transfer,DSL,0
CUST_006832,33,25,49.41,1093.56,2,Month-to-month,Bank transfer,Fiber optic,0
CUST_006833,27,4,102.62,435.44,1,Month-to-month,Electronic check,DSL,1
CUST_006834,46,13,41.05,495.99,3,One year,Electronic check,Fiber optic,1
CUST_006835,50,23,79.6,1884.29,2,Two year,Bank transfer,Fiber optic,0
CUST_006836,27,11,100.1,1146.78,1,Month-to-month,Mailed check,DSL,1
CUST_006837,58,10,73.5,757.97,2,One year,Bank transfer,Fiber optic,0
CUST_006838,18,0,56.1,265.94,2,Month-to-month,Electronic check,Fiber optic,0
CUST_006839,36,39,86.99,3474.95,2,Two year,Mailed check,Fiber optic,0
CUST_006840,41,52,130.87,6679.03,1,Two year,Bank transfer,Fiber optic,0
CUST_006841,35,83,160.54,13370.96,4,Month-to-month,Credit card,DSL,0
CUST_006842,36,30,98.11,2938.03,3,One year,Electronic check,DSL,0
CUST_006843,73,19,108.84,1933.89,1,Month-to-month,Bank transfer,DSL,0
CUST_006844,32,7,24.95,32.48,2,Two year,Electronic check,No,1
CUST_006845,80,120,168.04,20209.69,3,Month-to-month,Electronic check,DSL,0
CUST_006846,51,21,125.9,2713.76,2,One year,Mailed check,DSL,1
CUST_006847,46,27,91.02,2352.83,3,One year,Electronic check,Fiber optic,1
CUST_006848,52,27,108.88,3036.79,2,Month-to-month,Bank transfer,No,0
CUST_006849,80,44,93.27,4132.57,1,Month-to-month,Electronic check,DSL,0
CUST_006850,30,0,48.62,119.59,1,Month-to-month,Credit card,Fiber optic,0
CUST_006851,28,5,107.72,647.59,1,One year,Electronic check,Fiber optic,1
CUST_006852,33,26,92.68,2393.93,1,One year,Electronic check,No,1
CUST_006853,45,54,104.94,5830.23,1,Two year,Mailed check,No,0
CUST_006854,19,27,99.41,2571.75,2,One year,Mailed check,Fiber optic,0
CUST_006855,45,12,111.6,1578.23,3,One year,Electronic check,Fiber optic,0
CUST_006856,70,10,98.19,894.03,3,Month-to-month,Bank transfer,No,0
CUST_006857,47,32,57.11,1822.8,5,One year,Bank transfer,Fiber optic,0
CUST_006858,40,32,82.68,2589.12,1,Month-to-month,Mailed check,DSL,0
CUST_006859,35,22,129.03,2800.98,3,Month-to-month,Electronic check,No,1
CUST_006860,58,8,79.46,928.0,2,One year,Credit card,No,0
CUST_006861,32,62,144.82,8932.85,2,Month-to-month,Bank transfer,No,0
CUST_006862,72,19,110.84,2191.01,3,Month-to-month,Electronic check,DSL,1
CUST_006863,74,37,105.1,3865.25,0,Two year,Bank transfer,DSL,0
CUST_006864,48,5,57.44,380.84,6,One year,Electronic check,Fiber optic,0
CUST_006865,44,10,55.43,499.9,0,Month-to-month,Electronic check,Fiber optic,1
CUST_006866,60,49,108.84,5358.88,0,Month-to-month,Mailed check,DSL,0
CUST_006867,61,1,63.76,126.63,2,Two year,Bank transfer,Fiber optic,0
CUST_006868,32,17,108.38,1770.2,1,Month-to-month,Credit card,DSL,0
CUST_006869,37,15,103.55,1828.96,4,Two year,Credit card,Fiber optic,0
CUST_006870,25,33,67.71,2302.62,3,Month-to-month,Bank transfer,Fiber optic,1
CUST_006871,51,7,93.77,633.81,1,One year,Bank transfer,Fiber optic,1
CUST_006872,54,5,71.96,290.05,3,Month-to-month,Mailed check,Fiber optic,1
CUST_006873,24,62,83.33,5175.58,2,One year,Electronic check,Fiber optic,0
CUST_006874,38,20,71.3,1304.33,1,One year,Electronic check,No,1
CUST_006875,24,2,110.54,399.3,2,One year,Credit card,Fiber optic,1
CUST_006876,31,5,58.45,335.38,2,One year,Mailed check,DSL,0
CUST_006877,53,120,108.74,13039.99,2,Month-to-month,Bank transfer,Fiber optic,0
CUST_006878,33,5,57.68,393.0,1,Two year,Electronic check,DSL,1
CUST_006879,40,22,52.46,1082.01,1,Month-to-month,Mailed check,Fiber optic,0
CUST_006880,20,13,80.96,936.93,3,Month-to-month,Electronic check,No,1
CUST_006881,47,52,60.74,3145.66,5,Month-to-month,Bank transfer,Fiber optic,1
CUST_006882,44,33,118.24,3914.82,0,Month-to-month,Electronic check,No,1
CUST_006883,34,21,53.06,1167.28,5,Month-to-month,Bank transfer,DSL,1
CUST_006884,42,0,79.81,0.0,4,One year,Electronic check,DSL,1
CUST_006885,47,50,57.5,2829.5,2,One year,Bank transfer,DSL,1
CUST_006886,32,14,124.85,1439.49,3,Month-to-month,Mailed check,DSL,0
CUST_006887,22,64,97.46,6119.05,0,Two year,Mailed check,DSL,0
CUST_006888,72,16,110.22,1835.0,2,Month-to-month,Electronic check,DSL,0
CUST_006889,35,28,110.86,3200.32,1,Two year,Bank transfer,DSL,0
CUST_006890,43,1,91.87,0.0,0,Month-to-month,Electronic check,Fiber optic,0
CUST_006891,60,32,118.74,3767.11,0,Month-to-month,Credit card,No,1
CUST_006892,80,9,34.55,313.48,1,One year,Bank transfer,Fiber optic,0
CUST_006893,26,10,92.85,1036.31,1,One year,Mailed check,DSL,0
CUST_006894,51,3,48.08,297.16,2,One year,Credit card,DSL,0
CUST_006895,34,3,100.09,315.57,4,One year,Bank transfer,DSL,1
CUST_006896,36,4,117.69,444.69,3,One year,Electronic check,DSL,1
CUST_006897,34,9,114.65,887.47,1,Two year,Credit card,No,0
CUST_006898,28,53,58.0,3084.55,3,Month-to-month,Electronic check,Fiber optic,1
CUST_006899,44,11,62.46,894.5,1,Month-to-month,Bank transfer,Fiber optic,1
CUST_006900,22,30,71.43,2271.99,0,Two year,Electronic check,Fiber optic,1
CUST_006901,59,2,33.23,83.95,3,Month-to-month,Credit card,Fiber optic,0
CUST_006902,45,21,40.31,876.9,2,Month-to-month,Electronic check,No,1
CUST_006903,51,15,65.99,920.98,3,Month-to-month,Electronic check,DSL,1
CUST_006904,38,91,164.71,14952.64,5,One year,Mailed check,DSL,0
CUST_006905,39,44,98.89,4366.11,3,One year,Mailed check,DSL,0
CUST_006906,49,14,89.18,1263.56,3,Month-to-month,Mailed check,No,1
CUST_006907,27,35,84.6,3062.14,0,Month-to-month,Bank transfer,DSL,0
CUST_006908,39,5,88.73,539.87,3,Month-to-month,Electronic check,DSL,1
CUST_006909,32,19,125.17,2430.21,2,Month-to-month,Mailed check,No,0
CUST_006910,31,1,79.37,0.0,3,Month-to-month,Bank transfer,Fiber optic,0
CUST_006911,18,10,31.5,218.9,2,One year,Electronic check,Fiber optic,0
CUST_006912,65,6,72.29,344.95,1,Month-to-month,Bank transfer,No,1
CUST_006913,34,30,134.28,4051.81,2,Month-to-month,Bank transfer,No,0
CUST_006914,62,16,66.74,865.21,1,Month-to-month,Mailed check,No,1
CUST_006915,61,33,95.89,3163.68,2,Two year,Electronic check,No,1
CUST_006916,25,17,39.16,806.65,3,Month-to-month,Mailed check,No,1
CUST_006917,28,2,35.12,136.92,6,Month-to-month,Electronic check,DSL,1
CUST_006918,80,31,122.97,3776.94,1,Month-to-month,Bank transfer,Fiber optic,1
CUST_006919,71,42,71.03,2913.62,3,Month-to-month,Bank transfer,Fiber optic,0
CUST_006920,44,56,78.55,4479.1,3,One year,Electronic check,Fiber optic,0
CUST_006921,48,20,68.72,1405.03,5,Two year,Mailed check,No,0
CUST_006922,35,33,133.15,4369.24,4,Month-to-month,Credit card,DSL,1
CUST_006923,51,33,44.94,1424.09,0,One year,Bank transfer,Fiber optic,0
CUST_006924,34,4,103.88,423.14,1,Two year,Credit card,DSL,1
CUST_006925,18,4,56.16,194.32,4,Two year,Credit card,Fiber optic,1
CUST_006926,25,1,105.45,183.88,3,One year,Electronic check,Fiber optic,0
CUST_006927,45,9,123.68,1237.2,7,Month-to-month,Bank transfer,DSL,1
CUST_006928,28,15,62.37,798.78,0,One year,Bank transfer,No,1
CUST_006929,43,120,92.94,11029.69,1,One year,Electronic check,No,0
CUST_006930,28,13,40.94,666.99,0,One year,Bank transfer,No,0
CUST_006931,33,31,111.37,3469.18,0,Two year,Electronic check,DSL,0
CUST_006932,57,28,48.49,1244.62,1,One year,Credit card,No,0
CUST_006933,48,5,48.54,341.04,1,Month-to-month,Bank transfer,No,1
CUST_006934,44,1,40.94,75.11,5,One year,Bank transfer,No,0
CUST_006935,58,18,64.57,1382.55,4,Month-to-month,Bank transfer,DSL,0
CUST_006936,52,28,41.44,1136.7,3,Month-to-month,Mailed check,Fiber optic,0
CUST_006937,66,120,165.67,19991.78,1,One year,Bank transfer,No,0
CUST_006938,38,10,111.01,965.26,1,Month-to-month,Bank transfer,Fiber optic,0
CUST_006939,38,54,88.29,4907.44,2,Month-to-month,Electronic check,No,1
CUST_006940,25,11,86.71,1048.21,3,Month-to-month,Electronic check,Fiber optic,1
CUST_006941,38,28,98.2,2909.9,2,Two year,Electronic check,DSL,1
CUST_006942,59,21,105.43,2325.0,1,Month-to-month,Electronic check,No,1
CUST_006943,64,1,72.57,62.66,1,Month-to-month,Credit card,Fiber optic,1
CUST_006944,59,1,71.53,0.0,1,Two year,Mailed check,DSL,0
CUST_006945,18,0,83.13,0.0,2,One year,Mailed check,Fiber optic,0
CUST_006946,61,11,95.8,877.74,2,Month-to-month,Mailed check,Fiber optic,1
CUST_006947,18,32,70.67,2169.32,4,One year,Bank transfer,Fiber optic,0
CUST_006948,58,4,55.04,262.73,1,Month-to-month,Mailed check,Fiber optic,0
CUST_006949,39,22,57.97,1270.61,2,One year,Bank transfer,DSL,0
CUST_006950,55,8,78.88,608.72,3,Month-to-month,Credit card,No,0
CUST_006951,25,38,75.02,2771.28,5,Month-to-month,Bank transfer,Fiber optic,0
CUST_006952,62,38,93.03,3357.95,3,Month-to-month,Bank transfer,Fiber optic,1
CUST_006953,23,35,78.1,2751.65,2,Month-to-month,Bank transfer,Fiber optic,1
CUST_006954,34,17,112.17,1944.86,2,One year,Mailed check,Fiber optic,0
CUST_006955,30,8,31.31,151.35,4,One year,Bank transfer,Fiber optic,0
CUST_006956,18,39,96.72,3718.78,1,Two year,Electronic check,DSL,0
CUST_006957,46,4,79.56,472.46,1,One year,Electronic check,Fiber optic,0
CUST_006958,72,8,62.37,614.92,5,Month-to-month,Credit card,Fiber optic,1
CUST_006959,80,4,64.1,107.97,1,One year,Electronic check,No,0
CUST_006960,46,26,113.01,2929.88,4,One year,Mailed check,No,1
CUST_006961,61,27,61.57,1807.81,2,Two year,Mailed check,No,0
CUST_006962,48,25,119.64,2969.37,0,One year,Mailed check,DSL,1
CUST_006963,52,12,115.63,1360.72,0,Month-to-month,Credit card,DSL,0
CUST_006964,39,2,86.06,281.4,1,Month-to-month,Bank transfer,Fiber optic,1
CUST_006965,47,58,126.29,7423.28,2,One year,Bank transfer,DSL,0
CUST_006966,53,17,89.79,1620.04,1,Month-to-month,Credit card,No,1
CUST_006967,36,12,78.53,916.11,2,Month-to-month,Credit card,Fiber optic,0
CUST_006968,43,21,127.17,2736.81,2,One year,Credit card,Fiber optic,0
CUST_006969,44,5,50.77,403.3,3,Month-to-month,Mailed check,DSL,0
CUST_006970,57,3,36.92,105.76,1,Month-to-month,Electronic check,Fiber optic,1
CUST_006971,29,12,54.75,616.64,2,Month-to-month,Bank transfer,DSL,0
CUST_006972,44,6,84.46,629.78,2,One year,Credit card,DSL,0
CUST_006973,73,6,41.52,453.65,2,One year,Credit card,Fiber optic,1
CUST_006974,62,53,137.38,7492.71,1,Month-to-month,Bank transfer,No,1
CUST_006975,65,18,70.1,1224.39,3,Month-to-month,Bank transfer,DSL,1
CUST_006976,45,15,112.5,1660.04,2,Month-to-month,Electronic check,No,1
CUST_006977,49,28,58.92,1546.95,3,Two year,Electronic check,DSL,0
CUST_006978,60,72,87.32,6298.62,3,Month-to-month,Bank transfer,Fiber optic,1
CUST_006979,68,2,26.92,0.0,1,Two year,Electronic check,Fiber optic,0
CUST_006980,18,43,67.28,2840.24,0,Two year,Mailed check,DSL,1
CUST_006981,25,21,79.53,1740.27,3,Month-to-month,Mailed check,Fiber optic,1
CUST_006982,64,3,116.11,387.34,1,One year,Credit card,Fiber optic,0
CUST_006983,40,8,62.89,322.05,1,Month-to-month,Credit card,Fiber optic,1
CUST_006984,34,15,91.47,1529.15,2,Two year,Electronic check,Fiber optic,0
CUST_006985,26,28,76.77,2040.89,1,One year,Electronic check,No,1
CUST_006986,36,6,27.68,69.98,4,One year,Electronic check,Fiber optic,1
CUST_006987,23,18,79.35,1304.47,1,One year,Mailed check,DSL,0
CUST_006988,76,27,40.09,1016.34,2,Month-to-month,Bank transfer,No,0
CUST_006989,44,14,115.37,1525.5,1,Month-to-month,Mailed check,Fiber optic,1
CUST_006990,44,47,118.8,5496.53,1,One year,Credit card,DSL,0
CUST_006991,53,48,81.87,3683.1,3,Month-to-month,Bank transfer,Fiber optic,0
CUST_006992,59,15,91.52,1385.82,3,Month-to-month,Mailed check,DSL,0
CUST_006993,59,86,74.2,6404.65,1,One year,Bank transfer,No,0
CUST_006994,61,1,90.76,315.2,4,Two year,Credit card,Fiber optic,0
CUST_006995,35,0,102.27,48.63,3,Two year,Electronic check,DSL,1
CUST_006996,40,11,107.67,1134.76,1,Two year,Electronic check,Fiber optic,0
CUST_006997,56,22,59.43,1187.34,3,One year,Electronic check,DSL,0
CUST_006998,37,23,57.87,1321.49,1,Two year,Mailed check,DSL,1
CUST_006999,44,15,79.64,1239.47,1,One year,Mailed check,DSL,1
CUST_007000,50,3,118.28,304.5,2,Month-to-month,Electronic check,Fiber optic,1
CUST_007001,56,4,114.05,462.31,1,Month-to-month,Bank transfer,DSL,0
CUST_007002,18,45,78.46,3720.61,2,Two year,Electronic check,DSL,1
CUST_007003,55,48,121.98,5816.77,2,One year,Bank transfer,DSL,1
CUST_007004,41,26,125.13,3064.75,2,One year,Bank transfer,DSL,0
CUST_007005,55,26,59.09,1623.76,7,Month-to-month,Credit card,Fiber optic,1
CUST_007006,56,21,113.53,2415.55,2,Month-to-month,Electronic check,Fiber optic,0
CUST_007007,69,5,49.29,75.55,3,Two year,Electronic check,DSL,0
CUST_007008,65,13,60.83,833.53,0,One year,Mailed check,DSL,0
CUST_007009,65,28,53.88,1408.91,3,Two year,Bank transfer,DSL,0
CUST_007010,66,18,79.71,1478.88,3,Month-to-month,Mailed check,No,1
CUST_007011,49,0,104.33,190.73,1,Month-to-month,Bank transfer,DSL,0
CUST_007012,45,73,109.31,7961.58,3,Month-to-month,Mailed check,No,1
CUST_007013,58,44,54.34,2499.46,5,Month-to-month,Electronic check,No,1
CUST_007014,55,7,48.68,217.89,4,Month-to-month,Electronic check,No,0
CUST_007015,40,22,87.29,1768.35,0,One year,Bank transfer,Fiber optic,0
CUST_007016,51,61,108.82,6839.68,0,Month-to-month,Bank transfer,DSL,0
CUST_007017,44,2,78.69,188.16,1,Two year,Credit card,DSL,0
CUST_007018,32,16,35.7,634.87,0,Two year,Mailed check,Fiber optic,0
CUST_007019,64,14,102.37,1548.38,5,Month-to-month,Bank transfer,DSL,0
CUST_007020,45,12,116.94,1350.53,1,One year,Mailed check,No,1
CUST_007021,75,43,92.55,4062.24,1,One year,Electronic check,Fiber optic,1
CUST_007022,20,11,97.38,1138.57,3,Month-to-month,Electronic check,No,1
CUST_007023,36,1,111.9,0.0,0,Two year,Electronic check,Fiber optic,0
CUST_007024,45,1,84.76,236.06,3,Month-to-month,Mailed check,DSL,0
CUST_007025,62,1,87.93,218.62,1,One year,Bank transfer,DSL,1
CUST_007026,50,12,98.14,1049.31,2,Month-to-month,Electronic check,DSL,1
CUST_007027,49,30,61.05,1851.54,1,Two year,Mailed check,DSL,0
CUST_007028,28,5,80.77,380.73,1,One year,Electronic check,Fiber optic,0
CUST_007029,27,24,116.22,2931.05,0,Two year,Bank transfer,DSL,0
CUST_007030,49,27,63.12,1563.08,2,Month-to-month,Electronic check,DSL,1
CUST_007031,24,7,113.22,1152.76,2,Month-to-month,Electronic check,Fiber optic,1
CUST_007032,37,22,93.04,2029.39,3,Month-to-month,Electronic check,Fiber optic,0
CUST_007033,52,27,75.82,2120.92,1,Two year,Mailed check,DSL,0
CUST_007034,30,15,89.82,1486.02,2,Month-to-month,Bank transfer,Fiber optic,1
CUST_007035,69,9,64.69,562.57,4,Month-to-month,Electronic check,No,1
CUST_007036,63,23,115.3,2640.49,3,Month-to-month,Electronic check,DSL,1
CUST_007037,21,91,113.73,10299.32,2,Month-to-month,Credit card,No,1
CUST_007038,31,13,116.62,1427.53,0,Two year,Credit card,Fiber optic,0
CUST_007039,18,11,76.48,868.47,4,Month-to-month,Mailed check,DSL,1
CUST_007040,33,14,93.04,1288.99,3,One year,Bank transfer,No,0
CUST_007041,56,1,120.27,69.34,2,Month-to-month,Bank transfer,Fiber optic,0
CUST_007042,38,19,44.2,794.64,0,Month-to-month,Mailed check,Fiber optic,1
CUST_007043,51,9,98.17,941.18,2,Month-to-month,Mailed check,Fiber optic,1
CUST_007044,22,3,35.39,26.41,0,One year,Bank transfer,DSL,1
CUST_007045,56,15,111.39,1646.1,0,Month-to-month,Bank transfer,Fiber optic,1
CUST_007046,36,0,79.65,89.87,2,Month-to-month,Bank transfer,Fiber optic,1
CUST_007047,45,12,119.82,1462.51,2,Month-to-month,Mailed check,No,1
CUST_007048,43,2,107.6,110.24,2,One year,Bank transfer,DSL,1
CUST_007049,25,0,27.49,0.0,0,Month-to-month,Electronic check,No,0
CUST_007050,27,41,54.23,2267.14,2,Two year,Bank transfer,No,0
CUST_007051,59,59,109.62,6566.34,1,Month-to-month,Electronic check,Fiber optic,1
CUST_007052,50,5,74.33,296.12,0,Two year,Bank transfer,DSL,0
CUST_007053,60,18,45.86,769.56,2,One year,Bank transfer,Fiber optic,0
CUST_007054,49,7,36.44,185.54,1,One year,Credit card,DSL,0
CUST_007055,47,16,84.4,1285.83,4,Month-to-month,Mailed check,No,1
CUST_007056,19,13,31.39,448.6,1,Month-to-month,Electronic check,DSL,1
CUST_007057,40,7,110.87,835.56,2,One year,Electronic check,DSL,0
CUST_007058,44,28,114.71,3316.92,0,One year,Mailed check,Fiber optic,0
CUST_007059,74,3,100.04,290.99,2,One year,Bank transfer,Fiber optic,1
CUST_007060,55,1,22.1,0.0,2,Month-to-month,Electronic check,Fiber optic,0
CUST_007061,68,35,42.26,1546.19,1,Month-to-month,Electronic check,Fiber optic,0
CUST_007062,53,26,87.98,2303.5,3,One year,Electronic check,Fiber optic,0
CUST_007063,34,16,127.44,2045.08,2,Month-to-month,Electronic check,DSL,1
CUST_007064,46,15,61.73,797.63,0,Two year,Credit card,DSL,0
CUST_007065,48,16,62.44,979.42,1,Two year,Electronic check,No,0
CUST_007066,30,13,39.93,399.7,0,Month-to-month,Mailed check,Fiber optic,1
CUST_007067,39,11,92.93,1070.47,0,One year,Mailed check,Fiber optic,0
CUST_007068,41,16,92.67,1439.69,0,One year,Electronic check,DSL,0
CUST_007069,69,18,39.13,652.43,3,Month-to-month,Electronic check,Fiber optic,0
CUST_007070,18,28,80.74,2107.04,1,Month-to-month,Credit card,DSL,1
CUST_007071,63,29,101.21,3037.73,0,Month-to-month,Bank transfer,DSL,0
CUST_007072,30,11,74.85,797.51,2,Month-to-month,Credit card,No,0
CUST_007073,24,12,93.44,1129.93,1,Two year,Electronic check,Fiber optic,0
CUST_007074,62,11,107.13,1104.85,2,One year,Mailed check,Fiber optic,0
CUST_007075,55,18,97.58,1591.41,2,Month-to-month,Electronic check,Fiber optic,0
CUST_007076,63,14,88.61,1187.4,2,One year,Mailed check,DSL,0
CUST_007077,57,52,131.36,6793.52,1,Two year,Bank transfer,Fiber optic,0
CUST_007078,75,28,124.06,3502.92,5,Month-to-month,Mailed check,Fiber optic,1
CUST_007079,53,54,85.89,4602.48,2,One year,Electronic check,DSL,0
CUST_007080,42,29,51.82,1431.09,4,Two year,Electronic check,Fiber optic,0
CUST_007081,50,84,143.79,11927.69,0,Two year,Electronic check,DSL,0
CUST_007082,63,24,53.38,1285.85,4,One year,Electronic check,Fiber optic,0
CUST_007083,33,79,152.4,11959.55,2,Two year,Bank transfer,Fiber optic,0
CUST_007084,35,4,24.29,229.23,1,Month-to-month,Bank transfer,DSL,1
CUST_007085,40,1,112.63,127.64,5,Month-to-month,Bank transfer,DSL,1
CUST_007086,18,20,88.92,1834.58,4,Month-to-month,Mailed check,Fiber optic,1
CUST_007087,47,98,146.47,14329.59,5,Month-to-month,Mailed check,Fiber optic,0
CUST_007088,18,12,65.85,810.32,3,Month-to-month,Mailed check,Fiber optic,0
CUST_007089,45,5,121.67,519.29,1,Two year,Electronic check,Fiber optic,0
CUST_007090,57,17,51.26,753.52,3,Two year,Bank transfer,Fiber optic,1
CUST_007091,37,25,58.93,1474.87,1,Month-to-month,Mailed check,DSL,1
CUST_007092,70,9,29.64,323.83,2,Two year,Electronic check,Fiber optic,0
CUST_007093,23,30,129.05,3676.84,0,Month-to-month,Credit card,DSL,0
CUST_007094,62,88,109.6,9595.15,2,Month-to-month,Electronic check,DSL,1
CUST_007095,55,54,114.49,6366.42,1,One year,Bank transfer,No,0
CUST_007096,19,8,92.74,789.88,2,Month-to-month,Mailed check,DSL,0
CUST_007097,80,9,111.95,1161.32,0,Month-to-month,Bank transfer,DSL,1
CUST_007098,44,11,91.99,948.51,0,Two year,Electronic check,DSL,1
CUST_007099,31,12,82.2,940.63,3,One year,Mailed check,DSL,0
CUST_007100,23,2,92.03,280.74,2,One year,Bank transfer,DSL,0
CUST_007101,41,34,112.1,3873.65,0,Two year,Bank transfer,Fiber optic,0
CUST_007102,43,10,43.59,426.49,3,Two year,Bank transfer,DSL,1
CUST_007103,46,50,55.97,2672.08,0,Month-to-month,Bank transfer,DSL,1
CUST_007104,40,62,58.48,3741.75,1,Month-to-month,Mailed check,DSL,1
CUST_007105,54,0,57.41,251.02,0,Month-to-month,Bank transfer,Fiber optic,0
CUST_007106,39,107,123.3,13035.92,1,Month-to-month,Electronic check,DSL,0
CUST_007107,18,29,96.06,2926.25,0,Two year,Electronic check,Fiber optic,1
CUST_007108,42,17,124.3,2066.33,3,Two year,Mailed check,DSL,0
CUST_007109,18,11,58.58,611.02,1,Month-to-month,Mailed check,No,1
CUST_007110,50,17,104.59,1804.95,2,Two year,Mailed check,DSL,0
CUST_007111,30,9,77.64,578.17,3,Month-to-month,Bank transfer,Fiber optic,0
CUST_007112,47,23,53.51,1226.99,2,One year,Mailed check,Fiber optic,1
CUST_007113,64,2,82.53,3.94,5,Month-to-month,Electronic check,No,1
CUST_007114,30,23,128.22,2996.61,3,Month-to-month,Credit card,DSL,1
CUST_007115,60,7,35.93,474.89,1,One year,Bank transfer,Fiber optic,0
CUST_007116,38,0,70.73,0.0,2,One year,Credit card,DSL,0
CUST_007117,71,19,34.66,641.68,2,Month-to-month,Mailed check,Fiber optic,0
CUST_007118,39,20,62.12,1230.48,5,Two year,Electronic check,Fiber optic,1
CUST_007119,32,13,88.56,1249.93,1,Two year,Bank transfer,No,1
CUST_007120,55,1,104.61,145.16,2,Month-to-month,Mailed check,Fiber optic,1
CUST_007121,38,53,119.53,6427.28,1,One year,Electronic check,Fiber optic,0
CUST_007122,32,22,77.29,1649.66,2,Month-to-month,Mailed check,Fiber optic,0
CUST_007123,37,2,111.92,267.2,1,Month-to-month,Credit card,DSL,0
CUST_007124,44,17,58.77,662.33,1,Two year,Electronic check,No,0
CUST_007125,65,16,103.4,1721.12,3,Month-to-month,Electronic check,No,1
CUST_007126,18,1,67.9,0.0,2,Two year,Bank transfer,Fiber optic,0
CUST_007127,45,22,120.86,2626.24,0,Month-to-month,Bank transfer,DSL,0
CUST_007128,54,39,119.24,4725.01,1,Month-to-month,Bank transfer,No,0
CUST_007129,47,33,126.65,4025.74,1,Two year,Bank transfer,Fiber optic,0
CUST_007130,64,5,43.92,328.57,0,Month-to-month,Electronic check,DSL,1
CUST_007131,43,47,110.32,5172.38,2,One year,Electronic check,DSL,1
CUST_007132,42,10,98.85,1133.77,1,One year,Bank transfer,Fiber optic,0
CUST_007133,53,70,129.24,8956.62,1,Month-to-month,Credit card,Fiber optic,1
CUST_007134,46,1,70.9,0.0,0,One year,Credit card,DSL,0
CUST_007135,39,15,28.63,426.48,7,Month-to-month,Mailed check,No,0
CUST_007136,52,21,56.64,1248.21,3,One year,Mailed check,Fiber optic,1
CUST_007137,35,6,55.33,399.07,6,One year,Credit card,DSL,1
CUST_007138,35,35,122.7,4181.08,5,Month-to-month,Credit card,Fiber optic,1
CUST_007139,37,23,115.59,2496.07,3,One year,Bank transfer,No,1
CUST_007140,65,0,30.47,0.0,2,Two year,Mailed check,DSL,0
CUST_007141,18,22,125.98,2823.28,3,One year,Mailed check,DSL,0
CUST_007142,50,16,46.25,786.51,1,Month-to-month,Electronic check,Fiber optic,1
CUST_007143,45,5,63.94,476.89,4,One year,Bank transfer,DSL,0
CUST_007144,19,120,101.52,12144.54,3,One year,Electronic check,DSL,1
CUST_007145,49,54,133.03,6999.31,4,One year,Electronic check,DSL,1
CUST_007146,52,8,98.94,911.19,1,One year,Bank transfer,No,0
CUST_007147,53,18,64.35,1177.87,1,One year,Credit card,Fiber optic,0
CUST_007148,18,9,92.69,862.41,1,One year,Bank transfer,Fiber optic,1
CUST_007149,65,35,55.94,2034.49,2,Two year,Mailed check,DSL,0
CUST_007150,33,63,89.73,5779.34,2,One year,Bank transfer,DSL,1
CUST_007151,55,10,62.71,624.81,0,Month-to-month,Mailed check,Fiber optic,1
CUST_007152,56,39,63.29,2586.11,3,Month-to-month,Bank transfer,No,1
CUST_007153,31,16,115.63,1905.31,2,Month-to-month,Bank transfer,DSL,1
CUST_007154,54,12,93.88,1061.06,1,Month-to-month,Electronic check,DSL,1
CUST_007155,39,66,80.99,5322.28,2,Month-to-month,Electronic check,No,1
CUST_007156,18,17,52.71,957.78,4,Two year,Bank transfer,DSL,1
CUST_007157,62,15,29.3,368.55,0,One year,Mailed check,Fiber optic,0
CUST_007158,33,26,67.66,1847.76,4,Month-to-month,Mailed check,DSL,0
CUST_007159,32,7,76.18,549.06,2,Month-to-month,Bank transfer,Fiber optic,0
CUST_007160,38,9,52.27,508.6,1,Month-to-month,Mailed check,Fiber optic,1
CUST_007161,49,64,122.05,7954.98,2,Month-to-month,Bank transfer,No,0
CUST_007162,44,27,74.67,2051.88,2,One year,Mailed check,DSL,0
CUST_007163,53,42,72.63,3057.68,2,One year,Bank transfer,DSL,1
CUST_007164,24,7,117.41,813.58,3,Two year,Mailed check,Fiber optic,1
CUST_007165,33,18,55.28,981.58,2,Month-to-month,Mailed check,No,0
CUST_007166,43,85,102.33,8728.92,3,Month-to-month,Electronic check,DSL,0
CUST_007167,73,9,62.73,700.89,2,One year,Bank transfer,No,0
CUST_007168,43,4,46.12,123.3,1,Two year,Electronic check,DSL,0
CUST_007169,61,17,50.25,785.46,3,One year,Electronic check,DSL,0
CUST_007170,45,11,55.74,741.62,3,Month-to-month,Electronic check,Fiber optic,1
CUST_007171,37,4,108.42,377.08,3,Month-to-month,Mailed check,Fiber optic,0
CUST_007172,41,52,122.71,6402.44,1,Month-to-month,Mailed check,No,0
CUST_007173,42,112,144.1,16080.01,1,Two year,Electronic check,DSL,1
CUST_007174,54,20,75.71,1346.26,0,One year,Bank transfer,Fiber optic,0
CUST_007175,65,35,88.28,3109.46,2,Month-to-month,Electronic check,Fiber optic,0
CUST_007176,50,47,70.21,3411.57,5,One year,Electronic check,No,1
CUST_007177,62,28,41.43,1153.88,1,Month-to-month,Mailed check,DSL,0
CUST_007178,30,1,53.6,0.0,3,One year,Mailed check,DSL,0
CUST_007179,38,4,71.56,297.14,2,Month-to-month,Electronic check,Fiber optic,1
CUST_007180,34,1,26.23,0.0,3,Two year,Mailed check,Fiber optic,1
CUST_007181,49,0,28.82,0.0,2,Two year,Mailed check,DSL,0
CUST_007182,39,8,50.3,394.33,2,Two year,Mailed check,Fiber optic,0
CUST_007183,55,11,62.21,736.06,3,Month-to-month,Bank transfer,DSL,1
CUST_007184,31,6,62.33,491.76,1,Two year,Mailed check,DSL,0
CUST_007185,45,1,32.29,207.97,5,Month-to-month,Credit card,Fiber optic,1
CUST_007186,55,18,51.58,993.57,3,Two year,Bank transfer,Fiber optic,0
CUST_007187,18,7,49.66,441.01,4,Month-to-month,Electronic check,No,1
CUST_007188,76,38,45.76,1610.56,2,Month-to-month,Electronic check,Fiber optic,1
CUST_007189,40,0,52.61,162.18,0,Two year,Mailed check,DSL,0
CUST_007190,18,44,49.22,2292.51,2,Month-to-month,Mailed check,Fiber optic,1
CUST_007191,47,74,127.35,9386.88,3,One year,Electronic check,DSL,1
CUST_007192,45,30,73.6,2276.31,3,Month-to-month,Mailed check,Fiber optic,1
CUST_007193,43,31,68.18,2171.54,1,One year,Bank transfer,Fiber optic,0
CUST_007194,59,65,65.15,4381.92,2,One year,Mailed check,DSL,0
CUST_007195,56,5,45.15,210.64,3,One year,Credit card,Fiber optic,1
CUST_007196,49,120,103.27,12317.84,2,Month-to-month,Mailed check,Fiber optic,1
CUST_007197,51,35,136.02,4711.71,2,Two year,Bank transfer,Fiber optic,0
CUST_007198,43,31,119.03,3779.76,0,Month-to-month,Mailed check,Fiber optic,0
CUST_007199,71,10,26.53,73.28,1,Month-to-month,Credit card,DSL,0
CUST_007200,22,18,90.68,1332.6,3,Month-to-month,Electronic check,No,1
CUST_007201,47,25,58.09,1541.7,2,Two year,Bank transfer,Fiber optic,0
CUST_007202,45,23,41.94,992.05,3,Month-to-month,Mailed check,No,0
CUST_007203,57,29,105.06,3048.59,0,Two year,Bank transfer,DSL,0
CUST_007204,32,2,34.16,0.0,4,Two year,Mailed check,DSL,1
CUST_007205,18,10,69.37,522.75,4,Month-to-month,Electronic check,Fiber optic,1
CUST_007206,47,13,89.72,1102.86,1,Two year,Mailed check,Fiber optic,0
CUST_007207,49,7,78.95,588.82,0,Month-to-month,Bank transfer,Fiber optic,0
CUST_007208,67,4,119.76,420.48,4,Month-to-month,Credit card,No,0
CUST_007209,25,3,100.07,390.23,2,One year,Electronic check,DSL,1
CUST_007210,62,10,102.42,928.79,2,One year,Mailed check,Fiber optic,0
CUST_007211,80,16,63.56,965.02,2,Month-to-month,Mailed check,DSL,1
CUST_007212,39,1,21.34,91.66,1,One year,Mailed check,Fiber optic,1
CUST_007213,25,70,128.44,8953.19,1,Month-to-month,Credit card,No,0
CUST_007214,38,34,136.97,4624.35,0,Month-to-month,Mailed check,No,0
CUST_007215,45,31,76.09,2294.38,2,One year,Electronic check,DSL,0
CUST_007216,53,4,120.55,399.31,3,One year,Mailed check,Fiber optic,1
CUST_007217,36,22,45.17,1029.18,1,Month-to-month,Electronic check,Fiber optic,1
CUST_007218,68,18,58.65,1104.09,2,One year,Electronic check,Fiber optic,1
CUST_007219,28,97,85.57,8323.27,3,Month-to-month,Mailed check,DSL,1
CUST_007220,18,33,84.02,2710.96,5,One year,Mailed check,Fiber optic,0
CUST_007221,61,20,109.7,2173.81,0,Month-to-month,Bank transfer,Fiber optic,1
CUST_007222,18,45,76.57,3605.07,0,Month-to-month,Bank transfer,Fiber optic,1
CUST_007223,41,4,112.62,308.38,1,Two year,Electronic check,Fiber optic,1
CUST_007224,80,0,74.48,188.59,2,One year,Electronic check,No,1
CUST_007225,44,28,80.54,2265.16,0,Month-to-month,Credit card,Fiber optic,0
CUST_007226,28,2,99.7,181.39,4,Two year,Mailed check,Fiber optic,0
CUST_007227,44,2,31.14,157.63,0,Month-to-month,Electronic check,No,1
CUST_007228,44,32,113.38,3421.28,1,Month-to-month,Bank transfer,DSL,1
CUST_007229,47,7,47.8,472.6,1,One year,Electronic check,No,1
CUST_007230,54,23,59.58,1556.14,1,Month-to-month,Bank transfer,DSL,1
CUST_007231,29,59,109.45,6566.07,4,Two year,Bank transfer,Fiber optic,0
CUST_007232,70,9,114.69,822.01,0,Month-to-month,Electronic check,DSL,1
CUST_007233,48,5,80.34,478.12,1,Month-to-month,Mailed check,DSL,1
CUST_007234,55,2,85.89,336.39,0,Month-to-month,Mailed check,Fiber optic,1
CUST_007235,35,3,99.16,451.75,0,Two year,Credit card,No,0
CUST_007236,64,1,46.43,0.0,2,Two year,Bank transfer,Fiber optic,0
CUST_007237,41,2,103.72,309.08,3,Two year,Electronic check,DSL,0
CUST_007238,49,13,68.3,1067.41,4,Month-to-month,Electronic check,DSL,1
CUST_007239,31,9,42.07,381.54,3,One year,Electronic check,DSL,0
CUST_007240,30,29,69.51,1870.57,3,Month-to-month,Electronic check,No,1
CUST_007241,55,49,69.11,3469.41,3,Month-to-month,Electronic check,Fiber optic,0
CUST_007242,38,36,60.87,2296.75,3,Month-to-month,Electronic check,No,0
CUST_007243,32,18,57.26,1016.69,0,One year,Electronic check,Fiber optic,0
CUST_007244,35,2,39.09,0.0,1,Month-to-month,Mailed check,Fiber optic,1
CUST_007245,55,29,101.27,3035.02,2,One year,Electronic check,Fiber optic,0
CUST_007246,35,10,83.0,753.11,2,Two year,Credit card,DSL,0
CUST_007247,43,2,85.84,211.42,0,Month-to-month,Bank transfer,DSL,1
CUST_007248,45,44,76.37,3516.21,1,Month-to-month,Electronic check,No,0
CUST_007249,18,9,101.47,747.38,2,Month-to-month,Electronic check,DSL,0
CUST_007250,22,5,35.46,268.08,1,Two year,Credit card,DSL,0
CUST_007251,50,49,101.61,4958.41,1,One year,Electronic check,Fiber optic,0
CUST_007252,33,55,75.05,4109.43,3,One year,Electronic check,Fiber optic,0
CUST_007253,60,9,77.26,746.78,3,One year,Electronic check,DSL,0
CUST_007254,59,10,57.36,496.5,2,One year,Bank transfer,DSL,0
CUST_007255,55,20,109.05,2063.52,2,One year,Mailed check,DSL,1
CUST_007256,72,31,124.63,3685.02,3,Month-to-month,Electronic check,Fiber optic,1
CUST_007257,43,1,94.76,217.93,2,One year,Mailed check,Fiber optic,1
CUST_007258,54,21,48.06,972.06,2,Two year,Electronic check,Fiber optic,0
CUST_007259,36,73,83.99,6188.02,3,One year,Electronic check,DSL,0
CUST_007260,80,7,115.44,759.55,1,Two year,Electronic check,DSL,0
CUST_007261,74,57,92.22,5140.48,6,Month-to-month,Electronic check,DSL,1
CUST_007262,45,71,149.62,10688.11,0,Month-to-month,Bank transfer,Fiber optic,0
CUST_007263,50,7,62.75,472.01,0,Month-to-month,Bank transfer,Fiber optic,0
CUST_007264,65,33,131.68,4321.67,2,Month-to-month,Bank transfer,DSL,1
CUST_007265,42,6,115.57,723.63,3,One year,Bank transfer,No,1
CUST_007266,35,32,102.05,3169.64,0,Two year,Electronic check,No,1
CUST_007267,58,38,39.88,1621.6,2,Month-to-month,Mailed check,Fiber optic,1
CUST_007268,46,6,63.03,507.44,1,Two year,Mailed check,Fiber optic,0
CUST_007269,47,30,126.12,3859.64,3,Two year,Mailed check,Fiber optic,0
CUST_007270,32,40,128.51,5103.24,1,Two year,Credit card,DSL,0
CUST_007271,19,10,43.74,443.32,0,Month-to-month,Credit card,No,0
CUST_007272,48,4,61.92,404.56,4,Month-to-month,Electronic check,Fiber optic,1
CUST_007273,58,2,104.55,337.22,0,Month-to-month,Mailed check,No,1
CUST_007274,41,20,87.79,1955.14,3,Month-to-month,Electronic check,Fiber optic,0
CUST_007275,66,91,150.23,13592.87,1,Month-to-month,Bank transfer,Fiber optic,0
CUST_007276,34,41,123.16,4962.41,1,Two year,Mailed check,DSL,1
CUST_007277,29,13,117.25,1537.66,0,One year,Credit card,DSL,0
CUST_007278,43,18,40.72,773.69,3,Month-to-month,Mailed check,DSL,0
CUST_007279,43,7,38.02,251.92,1,Two year,Bank transfer,Fiber optic,0
CUST_007280,56,4,30.28,82.16,1,Month-to-month,Electronic check,Fiber optic,1
CUST_007281,33,15,121.03,1942.14,2,Two year,Bank transfer,No,1
CUST_007282,65,14,74.52,1034.15,3,Month-to-month,Electronic check,Fiber optic,1
CUST_007283,74,17,34.93,472.33,0,One year,Electronic check,No,1
CUST_007284,44,73,88.65,6361.7,2,One year,Mailed check,DSL,0
CUST_007285,63,22,66.14,1479.81,4,One year,Credit card,Fiber optic,0
CUST_007286,29,22,111.96,2763.3,3,One year,Credit card,Fiber optic,0
CUST_007287,61,3,95.05,187.55,2,Month-to-month,Mailed check,DSL,1
CUST_007288,60,120,148.94,17841.16,1,Month-to-month,Electronic check,DSL,0
CUST_007289,57,35,39.69,1629.5,2,Two year,Bank transfer,Fiber optic,0
CUST_007290,44,50,136.07,6755.05,3,Month-to-month,Electronic check,Fiber optic,1
CUST_007291,18,12,47.56,616.21,0,Two year,Mailed check,No,1
CUST_007292,35,16,90.91,1642.09,0,One year,Electronic check,DSL,1
CUST_007293,35,17,34.68,494.44,0,One year,Credit card,DSL,0
CUST_007294,30,5,30.65,122.34,2,Two year,Bank transfer,DSL,0
CUST_007295,46,28,34.96,930.38,6,One year,Electronic check,Fiber optic,0
CUST_007296,38,55,104.09,5573.31,1,One year,Bank transfer,DSL,1
CUST_007297,32,4,84.94,496.69,0,Two year,Mailed check,No,0
CUST_007298,29,2,26.05,0.0,4,Month-to-month,Bank transfer,No,1
CUST_007299,34,32,65.05,1993.93,3,Two year,Bank transfer,DSL,0
CUST_007300,61,7,108.65,716.07,2,Month-to-month,Credit card,DSL,1
CUST_007301,35,23,41.63,1050.39,5,One year,Electronic check,DSL,1
CUST_007302,37,28,55.65,1569.62,4,Two year,Credit card,No,0
CUST_007303,38,9,66.94,523.29,4,One year,Electronic check,DSL,0
CUST_007304,50,40,124.23,5010.01,1,Month-to-month,Credit card,DSL,1
CUST_007305,51,19,54.98,1125.97,1,Month-to-month,Mailed check,Fiber optic,1
CUST_007306,18,48,143.71,6895.88,3,Month-to-month,Bank transfer,Fiber optic,1
CUST_007307,60,34,72.53,2442.41,2,One year,Credit card,DSL,0
CUST_007308,66,48,82.64,4068.54,4,One year,Electronic check,No,0
CUST_007309,29,0,32.21,0.0,1,One year,Bank transfer,DSL,0
CUST_007310,30,6,91.02,706.94,3,Two year,Credit card,Fiber optic,0
CUST_007311,38,2,45.35,14.93,1,Month-to-month,Credit card,Fiber optic,1
CUST_007312,33,14,89.89,1180.32,0,Month-to-month,Electronic check,No,1
CUST_007313,48,52,68.32,3462.04,0,Month-to-month,Electronic check,DSL,1
CUST_007314,18,15,66.29,970.42,2,Month-to-month,Mailed check,Fiber optic,1
CUST_007315,28,45,128.17,5767.77,2,Month-to-month,Bank transfer,Fiber optic,0
CUST_007316,68,9,98.39,752.95,4,Month-to-month,Bank transfer,DSL,1
CUST_007317,31,9,39.96,369.31,2,One year,Bank transfer,Fiber optic,0
CUST_007318,63,54,107.77,5876.16,2,Month-to-month,Bank transfer,Fiber optic,0
CUST_007319,50,13,89.36,1015.18,1,Month-to-month,Electronic check,No,1
CUST_007320,18,37,47.56,1707.49,2,One year,Mailed check,Fiber optic,0
CUST_007321,54,6,69.58,474.23,4,Two year,Mailed check,Fiber optic,1
CUST_007322,43,71,81.57,5682.3,2,One year,Bank transfer,Fiber optic,0
CUST_007323,38,20,76.71,1502.66,1,Month-to-month,Electronic check,Fiber optic,1
CUST_007324,48,34,114.71,4008.86,2,Month-to-month,Bank transfer,DSL,0
CUST_007325,52,2,36.83,253.17,2,Month-to-month,Credit card,Fiber optic,0
CUST_007326,55,16,40.33,689.28,1,Month-to-month,Bank transfer,DSL,1
CUST_007327,62,55,74.43,4076.82,3,Two year,Bank transfer,Fiber optic,0
CUST_007328,51,50,140.23,6961.24,2,Two year,Electronic check,DSL,0
CUST_007329,24,1,95.28,186.36,1,Month-to-month,Bank transfer,DSL,0
CUST_007330,37,8,25.95,320.91,1,Two year,Bank transfer,Fiber optic,0
CUST_007331,80,14,67.1,823.76,2,One year,Mailed check,Fiber optic,1
CUST_007332,55,4,47.74,282.0,1,Two year,Bank transfer,DSL,0
CUST_007333,80,31,99.31,3018.04,3,One year,Bank transfer,DSL,0
CUST_007334,65,4,67.93,185.76,3,Month-to-month,Mailed check,No,1
CUST_007335,48,10,121.45,1199.13,0,Month-to-month,Electronic check,DSL,1
CUST_007336,49,26,54.9,1526.51,2,Month-to-month,Mailed check,Fiber optic,1
CUST_007337,44,15,86.29,1325.23,1,One year,Electronic check,DSL,0
CUST_007338,18,32,106.02,3420.91,0,Two year,Electronic check,DSL,0
CUST_007339,45,77,141.06,10896.59,2,One year,Electronic check,Fiber optic,1
CUST_007340,63,2,61.7,170.16,3,Month-to-month,Mailed check,DSL,0
CUST_007341,36,29,103.19,2981.16,3,One year,Bank transfer,DSL,0
CUST_007342,51,6,53.32,383.11,1,Month-to-month,Mailed check,Fiber optic,0
CUST_007343,57,12,69.55,768.6,0,Two year,Bank transfer,DSL,0
CUST_007344,31,0,109.56,65.1,0,Month-to-month,Bank transfer,Fiber optic,1
CUST_007345,38,3,116.49,435.17,2,One year,Bank transfer,DSL,0
CUST_007346,29,9,96.38,937.35,0,Month-to-month,Mailed check,Fiber optic,0
CUST_007347,32,10,62.44,699.45,2,Month-to-month,Bank transfer,Fiber optic,1
CUST_007348,25,55,129.51,7169.3,0,One year,Credit card,Fiber optic,0
CUST_007349,31,32,38.59,1352.12,3,One year,Bank transfer,DSL,0
CUST_007350,66,85,72.77,5958.68,4,Month-to-month,Bank transfer,No,1
CUST_007351,31,21,96.64,2114.76,1,One year,Electronic check,Fiber optic,0
CUST_007352,46,6,52.12,510.29,1,Month-to-month,Mailed check,DSL,1
CUST_007353,37,9,119.64,1014.56,2,Two year,Mailed check,No,1
CUST_007354,62,9,68.11,539.58,3,One year,Mailed check,Fiber optic,0
CUST_007355,64,9,67.44,735.56,1,Month-to-month,Mailed check,Fiber optic,1
CUST_007356,57,26,100.81,2528.33,2,Month-to-month,Mailed check,DSL,0
CUST_007357,49,18,105.76,1836.95,2,Month-to-month,Bank transfer,Fiber optic,0
CUST_007358,41,11,73.06,820.61,3,Month-to-month,Bank transfer,Fiber optic,1
CUST_007359,27,3,42.9,48.81,1,One year,Bank transfer,No,0
CUST_007360,74,0,97.33,87.5,2,Month-to-month,Credit card,No,0
CUST_007361,33,5,54.54,193.6,2,Month-to-month,Bank transfer,No,1
CUST_007362,54,2,38.51,113.09,3,Month-to-month,Mailed check,Fiber optic,1
CUST_007363,60,36,101.16,3670.35,4,One year,Bank transfer,DSL,0
CUST_007364,36,2,30.05,226.48,1,One year,Bank transfer,Fiber optic,0
CUST_007365,60,30,132.14,4080.59,1,One year,Bank transfer,DSL,0
CUST_007366,56,11,88.74,923.18,2,Two year,Bank transfer,Fiber optic,0
CUST_007367,70,1,119.09,0.0,0,Month-to-month,Credit card,DSL,0
CUST_007368,37,40,73.89,3039.37,1,Month-to-month,Electronic check,Fiber optic,0
CUST_007369,25,20,127.12,2477.07,1,Two year,Electronic check,Fiber optic,0
CUST_007370,37,6,37.56,191.77,1,Month-to-month,Bank transfer,No,0
CUST_007371,48,54,51.07,2651.77,2,Two year,Electronic check,Fiber optic,0
CUST_007372,45,1,23.8,91.7,4,Month-to-month,Credit card,DSL,1
CUST_007373,39,5,68.99,280.29,5,One year,Bank transfer,DSL,0
CUST_007374,18,33,44.8,1474.91,2,Month-to-month,Bank transfer,No,0
CUST_007375,52,29,85.72,2483.84,4,Two year,Credit card,Fiber optic,0
CUST_007376,74,8,56.75,472.36,0,One year,Credit card,DSL,0
CUST_007377,51,1,54.06,120.23,2,Month-to-month,Credit card,Fiber optic,0
CUST_007378,54,46,106.56,4877.52,4,One year,Bank transfer,Fiber optic,0
CUST_007379,53,9,40.81,293.15,2,Month-to-month,Mailed check,Fiber optic,0
CUST_007380,50,5,99.16,309.82,2,Month-to-month,Electronic check,No,1
CUST_007381,58,17,86.7,1484.22,0,Month-to-month,Electronic check,Fiber optic,1
CUST_007382,50,57,139.99,7963.98,2,Month-to-month,Bank transfer,Fiber optic,0
CUST_007383,40,1,56.98,0.0,2,One year,Electronic check,Fiber optic,1
CUST_007384,33,34,135.27,4605.49,2,Two year,Electronic check,DSL,1
CUST_007385,41,20,87.58,1837.25,4,One year,Mailed check,Fiber optic,0
CUST_007386,49,13,123.84,1721.11,5,One year,Electronic check,Fiber optic,1
CUST_007387,40,32,38.71,1085.08,3,One year,Credit card,No,1
CUST_007388,49,81,133.3,10761.02,2,Two year,Bank transfer,Fiber optic,0
CUST_007389,51,6,104.66,724.08,1,Month-to-month,Mailed check,DSL,1
CUST_007390,57,3,26.82,240.06,2,One year,Credit card,No,0
CUST_007391,64,58,106.9,6118.3,2,Month-to-month,Mailed check,DSL,1
CUST_007392,46,26,113.19,3080.88,1,One year,Credit card,Fiber optic,0
CUST_007393,25,13,82.6,938.84,3,Month-to-month,Bank transfer,DSL,1
CUST_007394,39,20,36.38,842.46,1,Month-to-month,Electronic check,Fiber optic,1
CUST_007395,45,32,105.34,3342.86,2,Month-to-month,Bank transfer,Fiber optic,0
CUST_007396,18,35,43.56,1680.87,1,Two year,Bank transfer,Fiber optic,0
CUST_007397,65,60,131.75,7858.41,3,Month-to-month,Electronic check,DSL,1
CUST_007398,47,13,30.8,369.46,2,One year,Mailed check,Fiber optic,0
CUST_007399,50,8,37.74,288.58,2,Two year,Electronic check,Fiber optic,0
CUST_007400,65,24,59.51,1274.55,2,Month-to-month,Bank transfer,DSL,0
CUST_007401,35,12,89.34,895.79,4,One year,Bank transfer,DSL,1
CUST_007402,53,21,128.14,2741.87,1,Month-to-month,Credit card,No,0
CUST_007403,43,13,38.28,596.52,1,One year,Bank transfer,Fiber optic,0
CUST_007404,42,3,35.77,168.07,2,Two year,Mailed check,DSL,1
CUST_007405,33,15,64.39,840.41,1,Month-to-month,Electronic check,No,0
CUST_007406,69,28,117.62,3341.43,2,Month-to-month,Bank transfer,Fiber optic,0
CUST_007407,39,38,85.72,3158.46,2,Month-to-month,Mailed check,Fiber optic,1
CUST_007408,55,16,60.16,1003.34,2,Month-to-month,Credit card,Fiber optic,0
CUST_007409,18,4,78.12,425.61,3,One year,Electronic check,Fiber optic,1
CUST_007410,62,12,52.05,661.37,1,Two year,Electronic check,Fiber optic,1
CUST_007411,60,37,78.62,3055.65,3,Month-to-month,Bank transfer,DSL,1
CUST_007412,46,12,59.26,696.13,3,Month-to-month,Credit card,No,0
CUST_007413,41,28,114.41,3181.93,3,Month-to-month,Electronic check,Fiber optic,1
CUST_007414,51,16,120.43,1933.54,3,Two year,Electronic check,DSL,1
CUST_007415,79,6,98.96,459.48,1,Month-to-month,Credit card,DSL,0
CUST_007416,18,38,82.91,3110.22,1,Month-to-month,Electronic check,Fiber optic,1
CUST_007417,56,2,71.43,111.35,0,One year,Bank transfer,Fiber optic,0
CUST_007418,31,17,41.01,668.73,0,Month-to-month,Electronic check,DSL,1
CUST_007419,44,5,97.19,512.76,1,Month-to-month,Electronic check,No,0
CUST_007420,41,1,80.15,0.0,2,Month-to-month,Electronic check,Fiber optic,0
CUST_007421,38,16,118.24,1777.34,0,Two year,Bank transfer,No,0
CUST_007422,44,16,48.06,882.18,2,Month-to-month,Bank transfer,Fiber optic,0
CUST_007423,27,29,110.47,3002.98,2,Month-to-month,Electronic check,DSL,0
CUST_007424,60,32,104.47,3404.59,3,One year,Electronic check,No,0
CUST_007425,18,31,62.08,1887.27,2,Month-to-month,Credit card,No,0
CUST_007426,53,12,92.74,1128.87,2,One year,Mailed check,DSL,0
CUST_007427,40,23,123.94,3006.37,1,Month-to-month,Bank transfer,Fiber optic,1
CUST_007428,27,20,121.84,2423.75,2,Month-to-month,Electronic check,DSL,1
CUST_007429,48,13,98.46,1342.55,0,Month-to-month,Electronic check,DSL,1
CUST_007430,21,21,35.31,747.31,1,Two year,Mailed check,No,0
CUST_007431,45,70,142.23,9944.91,2,Two year,Mailed check,Fiber optic,0
CUST_007432,23,5,88.28,418.07,2,Two year,Mailed check,No,0
CUST_007433,51,56,79.04,4496.54,0,Two year,Bank transfer,Fiber optic,0
CUST_007434,31,1,39.23,0.0,4,Two year,Bank transfer,Fiber optic,0
CUST_007435,38,8,35.62,171.76,7,Month-to-month,Mailed check,Fiber optic,1
CUST_007436,49,8,29.02,239.64,3,One year,Electronic check,Fiber optic,0
CUST_007437,33,23,106.91,2478.22,3,Month-to-month,Mailed check,Fiber optic,0
CUST_007438,44,3,45.08,0.0,1,Month-to-month,Electronic check,DSL,1
CUST_007439,22,51,47.93,2443.14,5,Two year,Mailed check,Fiber optic,0
CUST_007440,54,42,80.73,3267.85,0,Month-to-month,Electronic check,No,1
CUST_007441,71,25,80.76,2081.7,3,Month-to-month,Mailed check,DSL,1
CUST_007442,80,14,43.92,434.55,3,Two year,Bank transfer,DSL,0
CUST_007443,46,64,56.4,3802.42,2,One year,Mailed check,No,0
CUST_007444,56,42,59.91,2482.51,0,Month-to-month,Bank transfer,DSL,0
CUST_007445,18,16,95.91,1448.07,1,Month-to-month,Credit card,No,1
CUST_007446,67,29,42.72,1210.71,4,One year,Bank transfer,Fiber optic,0
CUST_007447,56,20,85.5,1765.7,2,One year,Electronic check,No,1
CUST_007448,37,21,45.14,1037.01,1,One year,Mailed check,DSL,0
CUST_007449,63,9,44.07,369.19,0,Month-to-month,Electronic check,Fiber optic,1
CUST_007450,41,14,66.31,784.44,2,Month-to-month,Electronic check,DSL,1
CUST_007451,38,1,30.58,0.0,1,One year,Mailed check,DSL,0
CUST_007452,52,10,42.32,451.84,2,Two year,Mailed check,DSL,0
CUST_007453,29,28,68.9,2027.8,0,Month-to-month,Mailed check,Fiber optic,0
CUST_007454,60,73,89.47,6642.83,4,Month-to-month,Bank transfer,Fiber optic,1
CUST_007455,29,79,134.43,10636.55,3,One year,Mailed check,DSL,0
CUST_007456,29,19,36.98,799.32,1,Month-to-month,Electronic check,No,0
CUST_007457,31,22,117.05,2766.23,4,One year,Mailed check,Fiber optic,0
CUST_007458,56,4,103.62,533.53,1,Month-to-month,Bank transfer,Fiber optic,1
CUST_007459,35,28,110.6,3188.98,1,One year,Bank transfer,Fiber optic,0
CUST_007460,24,1,51.44,0.0,3,One year,Electronic check,DSL,1
CUST_007461,35,8,106.29,946.57,1,Month-to-month,Credit card,Fiber optic,1
CUST_007462,44,26,51.28,1379.41,4,Two year,Electronic check,No,1
CUST_007463,27,8,36.44,356.59,2,Month-to-month,Mailed check,DSL,1
CUST_007464,27,1,25.0,151.11,1,Month-to-month,Electronic check,DSL,0
CUST_007465,76,42,134.93,5702.96,4,Month-to-month,Credit card,Fiber optic,0
CUST_007466,32,8,54.8,428.15,0,Two year,Bank transfer,DSL,1
CUST_007467,40,1,112.26,5.28,1,Two year,Electronic check,DSL,0
CUST_007468,39,1,47.76,18.11,0,Month-to-month,Bank transfer,No,1
CUST_007469,38,6,113.76,703.82,0,Month-to-month,Electronic check,DSL,1
CUST_007470,54,4,112.39,477.33,1,Month-to-month,Electronic check,DSL,1
CUST_007471,59,35,129.87,4569.75,2,One year,Mailed check,DSL,0
CUST_007472,40,9,74.12,762.99,4,Two year,Bank transfer,Fiber optic,1
CUST_007473,26,39,126.09,5004.23,3,One year,Electronic check,DSL,1
CUST_007474,64,4,117.08,462.1,3,Two year,Bank transfer,No,0
CUST_007475,43,16,60.46,882.66,0,One year,Mailed check,Fiber optic,0
CUST_007476,70,27,75.39,2073.8,2,Month-to-month,Electronic check,Fiber optic,1
CUST_007477,18,25,104.42,2835.23,3,Two year,Mailed check,DSL,0
CUST_007478,47,22,61.04,1374.92,2,Month-to-month,Mailed check,Fiber optic,1
CUST_007479,73,62,126.38,7806.03,3,Month-to-month,Bank transfer,DSL,0
CUST_007480,39,6,30.39,235.92,2,Two year,Credit card,Fiber optic,0
CUST_007481,41,16,80.35,1345.17,3,Two year,Electronic check,Fiber optic,0
CUST_007482,49,51,57.73,3002.76,2,Month-to-month,Bank transfer,Fiber optic,0
CUST_007483,36,1,49.83,187.12,0,Month-to-month,Electronic check,DSL,1
CUST_007484,40,1,46.36,84.97,0,Month-to-month,Electronic check,DSL,1
CUST_007485,39,6,106.89,773.9,0,Month-to-month,Credit card,No,1
CUST_007486,35,24,51.35,1255.46,4,One year,Credit card,No,1
CUST_007487,63,7,104.34,881.66,5,Two year,Mailed check,No,0
CUST_007488,51,5,101.9,630.15,3,Two year,Electronic check,DSL,0
CUST_007489,48,14,76.89,1168.62,2,Two year,Electronic check,DSL,0
CUST_007490,57,22,54.38,1275.37,1,Month-to-month,Mailed check,No,0
CUST_007491,41,6,45.69,504.29,4,Month-to-month,Bank transfer,Fiber optic,1
CUST_007492,33,8,70.49,671.6,3,One year,Bank transfer,Fiber optic,1
CUST_007493,35,22,31.88,616.45,0,One year,Bank transfer,Fiber optic,1
CUST_007494,45,69,107.64,7451.41,1,Month-to-month,Electronic check,No,1
CUST_007495,29,26,128.28,3308.76,2,Month-to-month,Electronic check,DSL,1
CUST_007496,37,36,53.47,2131.39,2,Month-to-month,Electronic check,DSL,0
CUST_007497,37,10,82.33,948.49,1,One year,Electronic check,Fiber optic,1
CUST_007498,76,7,119.68,1040.94,2,Month-to-month,Electronic check,Fiber optic,1
CUST_007499,18,14,113.05,1506.73,5,One year,Electronic check,Fiber optic,1
CUST_007500,42,39,124.54,4967.15,1,Month-to-month,Mailed check,DSL,1
CUST_007501,70,14,109.18,1392.14,3,Month-to-month,Bank transfer,Fiber optic,1
CUST_007502,46,45,73.4,3143.89,1,One year,Bank transfer,Fiber optic,0
CUST_007503,56,107,162.56,17354.4,0,Month-to-month,Bank transfer,DSL,0
CUST_007504,46,1,114.63,265.87,1,Month-to-month,Bank transfer,Fiber optic,0
CUST_007505,34,1,70.08,0.0,1,One year,Bank transfer,Fiber optic,0
CUST_007506,18,3,56.96,169.19,5,Month-to-month,Electronic check,No,1
CUST_007507,48,11,66.92,855.04,2,Month-to-month,Mailed check,Fiber optic,1
CUST_007508,33,3,54.92,249.4,0,Month-to-month,Mailed check,Fiber optic,1
CUST_007509,32,49,65.74,3442.97,2,Month-to-month,Bank transfer,No,1
CUST_007510,37,0,81.84,0.34,1,Month-to-month,Bank transfer,Fiber optic,1
CUST_007511,71,9,80.76,682.67,4,Month-to-month,Credit card,DSL,0
CUST_007512,80,4,68.26,163.59,1,Month-to-month,Bank transfer,Fiber optic,0
CUST_007513,48,64,61.58,3904.61,1,One year,Credit card,Fiber optic,0
CUST_007514,38,26,112.69,2819.56,0,One year,Mailed check,No,1
CUST_007515,27,58,66.49,3676.97,2,One year,Electronic check,DSL,0
CUST_007516,52,86,74.46,6599.57,2,One year,Bank transfer,Fiber optic,0
CUST_007517,71,16,90.31,1449.8,4,Month-to-month,Credit card,Fiber optic,0
CUST_007518,41,6,62.86,636.33,0,Month-to-month,Bank transfer,DSL,1
CUST_007519,18,5,28.48,58.48,4,One year,Credit card,DSL,1
CUST_007520,55,6,58.56,308.46,6,Month-to-month,Electronic check,Fiber optic,0
CUST_007521,59,29,111.68,3161.13,2,One year,Electronic check,Fiber optic,1
CUST_007522,21,0,81.52,0.0,3,One year,Electronic check,DSL,1
CUST_007523,47,1,56.78,144.14,1,Month-to-month,Mailed check,DSL,0
CUST_007524,51,22,50.18,1160.6,1,One year,Electronic check,No,0
CUST_007525,43,24,95.18,2371.85,2,Month-to-month,Credit card,DSL,1
CUST_007526,33,26,121.76,3299.87,2,One year,Bank transfer,DSL,0
CUST_007527,60,11,90.13,1102.14,1,Month-to-month,Electronic check,Fiber optic,1
CUST_007528,38,39,120.79,4609.98,2,Month-to-month,Electronic check,DSL,1
CUST_007529,22,18,81.15,1408.37,1,Two year,Bank transfer,DSL,0
CUST_007530,18,2,92.8,197.74,1,One year,Credit card,Fiber optic,0
CUST_007531,63,38,128.62,5260.45,5,Month-to-month,Electronic check,Fiber optic,1
CUST_007532,54,73,133.82,9845.95,1,One year,Mailed check,No,0
CUST_007533,46,1,111.49,122.15,2,Month-to-month,Electronic check,No,1
CUST_007534,38,11,68.61,822.08,0,Month-to-month,Electronic check,Fiber optic,1
CUST_007535,37,16,118.42,1834.44,2,Two year,Bank transfer,DSL,0
CUST_007536,28,3,83.66,277.21,2,Month-to-month,Bank transfer,Fiber optic,1
CUST_007537,38,48,131.0,6383.7,4,Month-to-month,Credit card,Fiber optic,0
CUST_007538,18,8,27.94,220.6,2,Two year,Bank transfer,DSL,0
CUST_007539,33,36,103.79,3660.61,1,Month-to-month,Electronic check,Fiber optic,1
CUST_007540,40,26,117.8,3054.95,4,Month-to-month,Mailed check,DSL,0
CUST_007541,54,21,47.92,974.37,1,Month-to-month,Mailed check,DSL,0
CUST_007542,44,5,88.68,307.68,5,Month-to-month,Electronic check,No,1
CUST_007543,56,5,105.0,467.82,2,Month-to-month,Mailed check,Fiber optic,0
CUST_007544,65,1,49.29,0.0,0,One year,Electronic check,DSL,0
CUST_007545,60,6,63.52,257.47,0,One year,Credit card,Fiber optic,0
CUST_007546,52,10,81.95,705.42,1,One year,Electronic check,DSL,1
CUST_007547,45,42,92.92,3997.85,4,One year,Mailed check,DSL,0
CUST_007548,30,10,28.92,438.11,2,Month-to-month,Electronic check,No,1
CUST_007549,56,33,46.37,1376.51,1,Month-to-month,Mailed check,Fiber optic,1
CUST_007550,70,13,36.55,633.12,0,Two year,Mailed check,Fiber optic,0
CUST_007551,50,36,64.23,2199.51,2,Month-to-month,Mailed check,No,1
CUST_007552,73,89,89.09,8003.38,2,Two year,Electronic check,Fiber optic,0
CUST_007553,22,6,97.22,609.19,2,Month-to-month,Bank transfer,DSL,0
CUST_007554,27,47,100.77,4799.98,1,Month-to-month,Mailed check,DSL,0
CUST_007555,57,23,107.9,2365.07,2,Month-to-month,Credit card,DSL,0
CUST_007556,48,40,46.99,1698.35,3,Month-to-month,Electronic check,Fiber optic,1
CUST_007557,64,25,81.02,1945.24,3,Two year,Electronic check,Fiber optic,0
CUST_007558,44,13,58.88,808.1,3,Month-to-month,Bank transfer,Fiber optic,1
CUST_007559,31,6,107.99,843.65,1,One year,Mailed check,Fiber optic,1
CUST_007560,41,1,91.28,0.0,3,Month-to-month,Mailed check,DSL,1
CUST_007561,22,18,115.93,2076.78,0,One year,Mailed check,DSL,1
CUST_007562,28,111,80.14,8820.93,0,Month-to-month,Mailed check,No,1
CUST_007563,59,32,108.08,3456.91,3,One year,Electronic check,No,0
CUST_007564,58,9,78.5,513.43,1,Two year,Bank transfer,No,0
CUST_007565,50,42,123.5,5336.8,2,Month-to-month,Mailed check,DSL,0
CUST_007566,19,35,88.22,3089.97,3,Two year,Mailed check,DSL,0
CUST_007567,39,7,77.52,634.36,1,Month-to-month,Bank transfer,DSL,0
CUST_007568,26,0,25.18,0.0,3,Two year,Mailed check,Fiber optic,1
CUST_007569,62,3,88.35,284.12,1,Month-to-month,Bank transfer,Fiber optic,1
CUST_007570,36,50,72.31,3728.59,3,Two year,Credit card,Fiber optic,0
CUST_007571,28,43,43.47,1882.36,3,Month-to-month,Credit card,Fiber optic,0
CUST_007572,45,8,30.64,261.92,2,One year,Mailed check,No,0
CUST_007573,35,8,119.73,878.43,1,Two year,Electronic check,DSL,0
CUST_007574,67,37,73.11,2651.54,2,Two year,Electronic check,Fiber optic,0
CUST_007575,33,66,139.81,9126.02,3,Month-to-month,Bank transfer,No,0
CUST_007576,24,36,133.97,4749.04,1,Month-to-month,Electronic check,Fiber optic,0
CUST_007577,18,22,125.33,2882.31,1,One year,Mailed check,Fiber optic,0
CUST_007578,44,6,111.17,847.9,3,One year,Bank transfer,Fiber optic,0
CUST_007579,36,17,117.98,1881.01,5,One year,Credit card,No,1
CUST_007580,23,6,51.9,350.92,0,Two year,Electronic check,DSL,1
CUST_007581,62,39,54.65,2099.46,2,Month-to-month,Electronic check,No,1
CUST_007582,55,11,89.43,1123.39,3,One year,Electronic check,DSL,1
CUST_007583,44,43,90.31,3896.84,2,One year,Electronic check,DSL,1
CUST_007584,65,11,35.37,388.37,3,Month-to-month,Credit card,DSL,0
CUST_007585,54,41,108.25,4363.94,3,Month-to-month,Electronic check,DSL,0
CUST_007586,32,9,80.79,573.9,2,One year,Bank transfer,Fiber optic,1
CUST_007587,29,13,112.81,1542.58,1,Month-to-month,Electronic check,Fiber optic,0
CUST_007588,57,22,91.92,2057.5,1,One year,Electronic check,Fiber optic,0
CUST_007589,50,1,77.89,115.64,2,Two year,Electronic check,Fiber optic,0
CUST_007590,47,71,99.58,7009.9,3,Month-to-month,Electronic check,DSL,1
CUST_007591,32,20,76.28,1511.0,5,One year,Electronic check,No,1
CUST_007592,54,17,123.94,2186.06,1,One year,Electronic check,DSL,1
CUST_007593,33,43,55.34,2478.03,1,Month-to-month,Bank transfer,No,0
CUST_007594,43,48,88.62,4136.0,1,One year,Electronic check,Fiber optic,0
CUST_007595,66,17,94.08,1536.07,2,Two year,Electronic check,DSL,1
CUST_007596,35,62,94.3,5707.68,1,Two year,Electronic check,Fiber optic,0
CUST_007597,21,1,48.82,68.95,1,One year,Bank transfer,No,0
CUST_007598,29,2,49.74,187.91,6,One year,Electronic check,No,1
CUST_007599,59,21,53.87,1103.31,1,One year,Mailed check,DSL,0
CUST_007600,48,10,59.39,527.62,3,One year,Electronic check,Fiber optic,0
CUST_007601,43,14,114.17,1564.81,0,Month-to-month,Mailed check,DSL,1
CUST_007602,37,9,75.02,905.83,3,Month-to-month,Mailed check,DSL,1
CUST_007603,52,12,50.02,719.48,0,Month-to-month,Bank transfer,Fiber optic,1
CUST_007604,32,41,78.95,3310.16,0,One year,Electronic check,DSL,1
CUST_007605,49,21,41.08,894.75,1,Month-to-month,Mailed check,No,1
CUST_007606,34,120,170.4,20447.15,2,One year,Bank transfer,DSL,0
CUST_007607,31,37,79.32,2844.17,3,Month-to-month,Electronic check,DSL,1
CUST_007608,35,7,121.54,744.6,1,One year,Electronic check,DSL,0
CUST_007609,39,7,58.25,350.99,1,One year,Mailed check,DSL,0
CUST_007610,44,9,108.14,877.84,5,One year,Credit card,DSL,0
CUST_007611,48,44,67.64,2915.31,4,One year,Credit card,Fiber optic,1
CUST_007612,18,0,27.62,0.0,0,Two year,Bank transfer,DSL,0
CUST_007613,32,6,26.17,154.51,2,Two year,Mailed check,DSL,1
CUST_007614,39,56,108.62,6020.51,5,One year,Mailed check,DSL,0
CUST_007615,67,24,63.16,1565.3,2,Month-to-month,Bank transfer,DSL,0
CUST_007616,28,6,67.35,385.21,2,Month-to-month,Electronic check,No,1
CUST_007617,47,5,104.36,543.29,2,Month-to-month,Bank transfer,Fiber optic,0
CUST_007618,67,47,68.31,3136.15,4,One year,Bank transfer,Fiber optic,0
CUST_007619,25,53,77.37,4169.65,3,One year,Electronic check,Fiber optic,0
CUST_007620,50,7,108.03,702.75,5,One year,Credit card,DSL,0
CUST_007621,32,13,75.78,1145.95,4,Month-to-month,Electronic check,Fiber optic,1
CUST_007622,37,43,124.27,5320.96,3,Month-to-month,Credit card,DSL,0
CUST_007623,32,35,74.95,2613.7,3,One year,Mailed check,Fiber optic,0
CUST_007624,34,40,79.84,3252.84,4,Month-to-month,Bank transfer,DSL,0
CUST_007625,80,17,45.21,849.82,2,Month-to-month,Electronic check,Fiber optic,1
CUST_007626,57,58,140.63,8248.77,1,Month-to-month,Mailed check,Fiber optic,1
CUST_007627,61,9,114.18,1205.16,0,One year,Electronic check,DSL,1
CUST_007628,52,4,120.42,547.88,2,One year,Electronic check,Fiber optic,1
CUST_007629,20,29,74.74,2160.9,3,Month-to-month,Bank transfer,Fiber optic,1
CUST_007630,50,18,110.86,1942.54,1,Month-to-month,Mailed check,DSL,1
CUST_007631,61,46,84.5,3873.4,0,One year,Bank transfer,No,1
CUST_007632,32,2,66.43,281.26,3,Two year,Bank transfer,DSL,0
CUST_007633,59,44,125.0,5361.3,3,Two year,Mailed check,DSL,1
CUST_007634,55,8,41.74,251.99,2,Month-to-month,Mailed check,Fiber optic,0
CUST_007635,72,25,54.53,1341.38,2,Month-to-month,Bank transfer,DSL,0
CUST_007636,38,0,51.47,0.0,0,One year,Electronic check,No,1
CUST_007637,28,22,109.82,2375.12,1,Month-to-month,Electronic check,Fiber optic,0
CUST_007638,39,30,72.27,2348.58,2,Month-to-month,Bank transfer,Fiber optic,0
CUST_007639,66,11,61.32,644.68,0,One year,Credit card,DSL,0
CUST_007640,18,5,122.38,653.07,3,Month-to-month,Bank transfer,No,0
CUST_007641,18,18,67.38,1047.03,1,Month-to-month,Bank transfer,Fiber optic,0
CUST_007642,46,42,65.78,2652.39,0,One year,Bank transfer,Fiber optic,0
CUST_007643,38,9,86.82,874.66,4,One year,Bank transfer,DSL,0
CUST_007644,45,6,103.19,785.93,1,One year,Electronic check,Fiber optic,0
CUST_007645,59,7,30.46,235.37,2,Two year,Bank transfer,Fiber optic,0
CUST_007646,36,71,117.39,8304.03,1,Month-to-month,Mailed check,Fiber optic,1
CUST_007647,18,10,28.57,335.35,1,One year,Credit card,No,1
CUST_007648,75,0,72.63,0.0,3,Month-to-month,Electronic check,No,1
CUST_007649,30,36,63.7,2316.08,4,Month-to-month,Electronic check,DSL,0
CUST_007650,29,28,64.66,1705.99,4,One year,Electronic check,DSL,1
CUST_007651,61,3,68.21,284.04,5,Month-to-month,Credit card,Fiber optic,0
CUST_007652,39,100,162.71,16051.84,2,One year,Bank transfer,Fiber optic,0
CUST_007653,44,22,102.07,2182.63,4,Month-to-month,Bank transfer,DSL,0
CUST_007654,52,16,121.68,1942.86,1,One year,Bank transfer,DSL,1
CUST_007655,61,11,91.5,930.29,1,Month-to-month,Electronic check,DSL,1
CUST_007656,39,54,47.71,2538.83,3,Month-to-month,Mailed check,DSL,1
CUST_007657,67,6,49.56,387.79,2,One year,Bank transfer,Fiber optic,1
CUST_007658,18,8,114.58,914.17,2,Month-to-month,Mailed check,DSL,0
CUST_007659,56,3,85.84,164.48,1,Month-to-month,Bank transfer,DSL,1
CUST_007660,32,34,135.16,4689.64,2,Month-to-month,Electronic check,DSL,1
CUST_007661,65,21,46.1,993.12,3,Month-to-month,Mailed check,Fiber optic,0
CUST_007662,47,22,60.67,1364.09,0,Month-to-month,Mailed check,No,1
CUST_007663,34,5,58.74,204.43,2,One year,Credit card,DSL,0
CUST_007664,54,25,65.16,1374.13,0,Two year,Mailed check,DSL,0
CUST_007665,58,34,62.2,2024.16,3,One year,Electronic check,No,1
CUST_007666,54,10,69.35,592.68,2,Month-to-month,Electronic check,Fiber optic,1
CUST_007667,29,38,103.23,3861.4,4,Month-to-month,Electronic check,Fiber optic,1
CUST_007668,37,10,56.13,477.07,2,Month-to-month,Mailed check,DSL,0
CUST_007669,44,34,44.97,1540.25,2,Month-to-month,Bank transfer,Fiber optic,0
CUST_007670,44,0,90.85,88.09,4,Month-to-month,Credit card,Fiber optic,1
CUST_007671,56,19,75.4,1540.25,1,Month-to-month,Mailed check,DSL,0
CUST_007672,18,83,117.15,9807.02,1,One year,Bank transfer,Fiber optic,0
CUST_007673,50,95,113.04,10649.04,2,Month-to-month,Bank transfer,Fiber optic,0
CUST_007674,40,7,112.54,793.64,3,Two year,Credit card,No,0
CUST_007675,32,13,82.37,1227.39,4,One year,Electronic check,DSL,1
CUST_007676,33,1,112.83,0.0,0,Two year,Bank transfer,No,0
CUST_007677,41,49,95.56,4817.14,0,Two year,Credit card,No,0
CUST_007678,18,20,59.26,1085.57,3,One year,Electronic check,DSL,0
CUST_007679,34,11,61.04,700.86,3,Month-to-month,Electronic check,DSL,1
CUST_007680,31,2,73.21,187.7,2,Month-to-month,Bank transfer,DSL,1
CUST_007681,52,70,108.0,7578.92,1,Month-to-month,Mailed check,DSL,0
CUST_007682,32,18,97.73,1982.06,3,Month-to-month,Electronic check,Fiber optic,1
CUST_007683,41,7,45.95,291.56,4,One year,Mailed check,DSL,0
CUST_007684,68,10,90.88,744.89,2,One year,Mailed check,No,1
CUST_007685,59,7,101.36,745.16,3,Month-to-month,Mailed check,No,1
CUST_007686,58,22,98.66,2153.5,1,One year,Electronic check,DSL,0
CUST_007687,37,63,99.68,6335.5,0,Month-to-month,Electronic check,Fiber optic,1
CUST_007688,53,46,142.17,6627.94,2,Two year,Bank transfer,DSL,0
CUST_007689,41,14,67.48,941.37,2,Month-to-month,Mailed check,Fiber optic,0
CUST_007690,42,42,51.66,2213.31,1,Month-to-month,Mailed check,DSL,1
CUST_007691,51,13,108.65,1426.88,0,Month-to-month,Electronic check,No,1
CUST_007692,36,6,44.22,444.51,2,One year,Electronic check,No,0
CUST_007693,67,98,140.33,13715.14,2,Month-to-month,Electronic check,Fiber optic,0
CUST_007694,42,8,41.9,266.47,3,Two year,Mailed check,No,0
CUST_007695,54,9,26.19,323.76,2,Month-to-month,Bank transfer,No,0
CUST_007696,66,109,90.48,9769.39,2,Month-to-month,Electronic check,DSL,0
CUST_007697,60,3,59.2,216.81,1,Month-to-month,Bank transfer,DSL,0
CUST_007698,23,34,47.66,1603.54,1,One year,Electronic check,DSL,0
CUST_007699,51,65,72.27,4687.28,5,Month-to-month,Bank transfer,DSL,1
CUST_007700,57,17,104.96,2028.1,5,Month-to-month,Credit card,Fiber optic,0
CUST_007701,58,0,96.99,123.41,1,Month-to-month,Bank transfer,DSL,1
CUST_007702,28,11,107.25,1281.9,1,Two year,Bank transfer,DSL,0
CUST_007703,35,2,105.12,263.29,3,Month-to-month,Electronic check,DSL,1
CUST_007704,59,12,68.04,747.37,5,Month-to-month,Electronic check,Fiber optic,1
CUST_007705,33,37,125.25,4660.58,3,One year,Electronic check,DSL,0
CUST_007706,40,13,79.09,1086.55,2,One year,Mailed check,No,0
CUST_007707,68,13,73.56,976.17,6,Two year,Mailed check,Fiber optic,0
CUST_007708,44,19,101.35,1935.19,1,One year,Bank transfer,DSL,1
CUST_007709,34,20,51.38,987.89,1,Month-to-month,Mailed check,DSL,1
CUST_007710,31,46,121.95,5637.03,2,Month-to-month,Mailed check,DSL,1
CUST_007711,49,8,66.95,483.02,0,Month-to-month,Bank transfer,DSL,0
CUST_007712,25,41,53.23,2252.75,3,Two year,Electronic check,Fiber optic,0
CUST_007713,41,20,41.93,637.05,0,Month-to-month,Credit card,Fiber optic,0
CUST_007714,49,8,40.49,459.8,2,Month-to-month,Electronic check,DSL,1
CUST_007715,64,8,113.06,773.29,5,Month-to-month,Mailed check,Fiber optic,1
CUST_007716,55,10,124.09,1134.21,2,Two year,Credit card,Fiber optic,0
CUST_007717,34,23,67.2,1586.43,1,Month-to-month,Mailed check,Fiber optic,1
CUST_007718,62,6,52.21,367.28,6,Month-to-month,Bank transfer,No,0
CUST_007719,40,60,71.88,4520.45,3,Month-to-month,Mailed check,No,1
CUST_007720,26,20,112.38,2277.26,4,Month-to-month,Credit card,Fiber optic,1
CUST_007721,42,60,70.92,4251.2,0,One year,Credit card,Fiber optic,0
CUST_007722,66,1,112.91,132.04,3,One year,Credit card,Fiber optic,0
CUST_007723,47,10,91.74,1076.4,3,Month-to-month,Electronic check,Fiber optic,1
CUST_007724,45,0,109.71,242.44,2,Two year,Electronic check,DSL,1
CUST_007725,69,7,78.9,533.83,4,One year,Mailed check,No,1
CUST_007726,23,47,112.57,5344.97,1,One year,Credit card,Fiber optic,1
CUST_007727,25,0,81.95,0.0,3,One year,Mailed check,Fiber optic,1
CUST_007728,20,13,109.62,1415.63,4,One year,Electronic check,Fiber optic,1
CUST_007729,50,3,105.09,503.16,4,One year,Credit card,DSL,0
CUST_007730,47,12,84.98,927.18,2,Month-to-month,Bank transfer,Fiber optic,1
CUST_007731,68,43,104.75,4270.85,2,Month-to-month,Bank transfer,Fiber optic,1
CUST_007732,48,23,123.69,2876.56,2,Month-to-month,Electronic check,DSL,1
CUST_007733,38,32,128.99,4247.67,0,One year,Electronic check,No,1
CUST_007734,45,10,91.42,936.24,0,Two year,Mailed check,DSL,0
CUST_007735,46,69,55.28,3864.22,2,Month-to-month,Bank transfer,No,0
CUST_007736,19,29,44.94,1378.53,0,One year,Electronic check,Fiber optic,0
CUST_007737,80,13,112.29,1470.92,0,Month-to-month,Electronic check,No,0
CUST_007738,52,13,34.97,510.26,2,Two year,Mailed check,Fiber optic,0
CUST_007739,48,60,71.35,4335.08,0,One year,Mailed check,DSL,0
CUST_007740,54,20,53.05,865.23,5,Month-to-month,Credit card,Fiber optic,1
CUST_007741,55,29,94.52,2752.57,1,Month-to-month,Credit card,DSL,0
CUST_007742,42,12,83.66,846.68,0,Month-to-month,Electronic check,No,1
CUST_007743,35,6,51.94,307.83,4,One year,Electronic check,Fiber optic,0
CUST_007744,53,30,55.76,1623.31,1,One year,Bank transfer,Fiber optic,0
CUST_007745,50,22,107.45,2467.37,5,Two year,Electronic check,DSL,1
CUST_007746,32,16,121.55,1969.17,0,One year,Electronic check,Fiber optic,0
CUST_007747,66,23,36.78,893.27,2,Month-to-month,Bank transfer,Fiber optic,0
CUST_007748,49,5,35.82,159.95,1,One year,Mailed check,No,0
CUST_007749,55,37,102.72,3905.72,3,Two year,Bank transfer,Fiber optic,0
CUST_007750,65,71,135.94,9492.3,2,Two year,Electronic check,DSL,0
CUST_007751,45,53,125.62,6568.25,0,One year,Mailed check,DSL,0
CUST_007752,49,9,96.47,996.85,1,Month-to-month,Bank transfer,Fiber optic,0
CUST_007753,57,12,114.74,1333.35,5,One year,Mailed check,DSL,0
CUST_007754,34,39,61.23,2173.58,3,One year,Electronic check,Fiber optic,1
CUST_007755,45,21,41.23,1011.08,6,One year,Electronic check,DSL,1
CUST_007756,46,19,91.04,1837.38,2,Month-to-month,Mailed check,Fiber optic,0
CUST_007757,30,62,133.23,8331.21,2,Month-to-month,Electronic check,No,1
CUST_007758,79,18,87.2,1579.12,1,One year,Electronic check,No,1
CUST_007759,23,17,124.8,2287.67,1,One year,Mailed check,No,1
CUST_007760,25,1,100.06,225.92,1,Month-to-month,Mailed check,Fiber optic,1
CUST_007761,64,1,90.58,245.36,3,Month-to-month,Electronic check,No,1
CUST_007762,55,0,26.03,69.55,2,One year,Mailed check,No,0
CUST_007763,29,58,59.77,3479.18,3,One year,Mailed check,DSL,0
CUST_007764,54,12,104.48,1213.89,2,Month-to-month,Electronic check,DSL,1
CUST_007765,67,15,47.32,582.96,4,Month-to-month,Bank transfer,No,0
CUST_007766,44,44,44.88,2025.08,2,Month-to-month,Bank transfer,DSL,0
CUST_007767,80,22,122.08,2744.21,0,Two year,Bank transfer,DSL,0
CUST_007768,19,22,120.08,2606.79,2,Month-to-month,Electronic check,DSL,1
CUST_007769,55,8,45.85,428.16,3,Month-to-month,Mailed check,No,1
CUST_007770,62,43,119.52,5106.17,1,Two year,Electronic check,DSL,0
CUST_007771,58,4,26.8,193.93,5,One year,Electronic check,Fiber optic,0
CUST_007772,41,1,49.01,0.0,2,One year,Electronic check,DSL,0
CUST_007773,40,5,84.87,318.82,1,One year,Credit card,DSL,0
CUST_007774,51,7,99.82,674.67,3,Month-to-month,Credit card,DSL,1
CUST_007775,57,7,24.54,254.66,1,Month-to-month,Mailed check,Fiber optic,0
CUST_007776,54,26,65.62,1590.26,0,Month-to-month,Credit card,DSL,1
CUST_007777,60,5,43.93,324.64,2,Month-to-month,Electronic check,No,0
CUST_007778,29,27,133.38,3436.95,3,Month-to-month,Mailed check,Fiber optic,1
CUST_007779,41,2,88.1,151.52,6,Two year,Bank transfer,DSL,0
CUST_007780,30,3,62.07,44.89,2,Month-to-month,Mailed check,Fiber optic,0
CUST_007781,39,17,36.07,352.12,1,Month-to-month,Electronic check,No,1
CUST_007782,60,61,110.37,6769.03,1,Month-to-month,Mailed check,No,1
CUST_007783,46,47,107.67,5042.72,3,Month-to-month,Bank transfer,Fiber optic,0
CUST_007784,80,83,143.14,11740.96,2,Month-to-month,Bank transfer,Fiber optic,0
CUST_007785,47,25,61.36,1482.28,2,Month-to-month,Electronic check,No,0
CUST_007786,45,27,131.64,3598.54,4,One year,Mailed check,Fiber optic,1
CUST_007787,46,23,75.45,1698.46,3,One year,Electronic check,Fiber optic,1
CUST_007788,35,23,61.09,1385.3,1,Month-to-month,Electronic check,Fiber optic,1
CUST_007789,44,3,56.34,129.19,1,One year,Electronic check,Fiber optic,0
CUST_007790,61,18,80.96,1399.02,6,Month-to-month,Mailed check,No,1
CUST_007791,46,11,119.17,1251.34,1,One year,Bank transfer,Fiber optic,0
CUST_007792,33,14,100.52,1344.75,1,Month-to-month,Credit card,DSL,0
CUST_007793,31,17,86.21,1390.27,1,One year,Mailed check,No,1
CUST_007794,38,3,37.78,11.61,0,Month-to-month,Bank transfer,DSL,0
CUST_007795,46,10,39.94,361.38,3,Month-to-month,Electronic check,Fiber optic,1
CUST_007796,62,1,70.72,6.73,1,Month-to-month,Electronic check,DSL,1
CUST_007797,24,93,139.37,12854.32,2,Month-to-month,Mailed check,Fiber optic,1
CUST_007798,40,3,96.6,366.41,0,One year,Mailed check,DSL,1
CUST_007799,47,7,46.09,445.9,1,Two year,Electronic check,DSL,0
CUST_007800,18,53,56.51,2995.02,1,Two year,Electronic check,DSL,0
CUST_007801,32,15,65.95,995.84,4,One year,Bank transfer,Fiber optic,1
CUST_007802,34,3,113.32,270.7,0,Two year,Electronic check,DSL,0
CUST_007803,33,11,80.04,987.11,0,Two year,Mailed check,No,0
CUST_007804,47,2,53.01,279.84,3,One year,Credit card,Fiber optic,0
CUST_007805,42,5,54.86,257.94,1,Month-to-month,Credit card,Fiber optic,0
CUST_007806,36,1,33.71,0.0,3,Two year,Electronic check,No,0
CUST_007807,51,13,73.82,993.84,2,Month-to-month,Electronic check,No,0
CUST_007808,70,39,118.64,4639.71,1,Month-to-month,Electronic check,Fiber optic,1
CUST_007809,69,21,127.36,2624.46,1,One year,Electronic check,Fiber optic,1
CUST_007810,18,22,81.16,1832.63,0,Two year,Electronic check,DSL,1
CUST_007811,53,5,39.22,289.92,0,One year,Mailed check,DSL,1
CUST_007812,42,10,93.3,854.37,1,Month-to-month,Electronic check,Fiber optic,1
CUST_007813,47,44,117.68,5432.09,2,Month-to-month,Mailed check,Fiber optic,0
CUST_007814,39,2,28.17,0.0,2,Month-to-month,Mailed check,Fiber optic,1
CUST_007815,46,46,128.01,5803.47,2,Month-to-month,Bank transfer,DSL,1
CUST_007816,47,15,110.43,1679.88,1,Month-to-month,Mailed check,Fiber optic,1
CUST_007817,36,43,88.75,4041.11,3,One year,Electronic check,No,1
CUST_007818,31,9,80.54,668.62,3,One year,Bank transfer,Fiber optic,1
CUST_007819,38,9,95.84,755.99,0,Month-to-month,Credit card,Fiber optic,1
CUST_007820,48,33,104.17,3492.69,2,Month-to-month,Mailed check,No,1
CUST_007821,53,36,39.65,1402.67,3,One year,Electronic check,DSL,0
CUST_007822,57,6,35.24,277.99,3,One year,Bank transfer,DSL,0
CUST_007823,37,86,79.26,6809.2,0,One year,Credit card,DSL,0
CUST_007824,49,2,96.57,107.42,4,Two year,Credit card,Fiber optic,0
CUST_007825,59,1,64.51,299.4,3,Month-to-month,Electronic check,Fiber optic,1
CUST_007826,62,21,85.05,1490.62,3,Month-to-month,Electronic check,No,1
CUST_007827,44,30,112.27,3550.09,3,One year,Credit card,No,0
CUST_007828,41,77,92.6,7223.39,3,Two year,Electronic check,Fiber optic,1
CUST_007829,47,12,100.89,1136.11,2,Month-to-month,Electronic check,Fiber optic,1
CUST_007830,27,0,64.23,187.24,2,One year,Bank transfer,Fiber optic,1
CUST_007831,42,22,68.72,1374.65,3,Month-to-month,Mailed check,Fiber optic,0
CUST_007832,56,8,57.3,559.24,2,Month-to-month,Credit card,DSL,0
CUST_007833,54,13,122.99,1390.66,1,Two year,Bank transfer,DSL,0
CUST_007834,40,16,105.2,1568.57,3,Month-to-month,Mailed check,No,1
CUST_007835,48,1,22.52,0.0,3,One year,Electronic check,DSL,1
CUST_007836,32,15,123.24,1773.56,2,One year,Credit card,DSL,0
CUST_007837,55,13,104.04,1353.73,2,One year,Mailed check,Fiber optic,0
CUST_007838,43,29,49.42,1350.51,1,Month-to-month,Mailed check,DSL,0
CUST_007839,40,24,39.63,747.57,0,Two year,Mailed check,No,0
CUST_007840,39,4,52.82,257.62,6,One year,Bank transfer,DSL,0
CUST_007841,44,5,84.92,429.49,3,Month-to-month,Bank transfer,No,1
CUST_007842,38,6,84.65,548.82,6,Month-to-month,Electronic check,Fiber optic,1
CUST_007843,54,4,49.59,215.53,1,Month-to-month,Mailed check,No,1
CUST_007844,39,25,77.07,2022.11,3,Month-to-month,Bank transfer,DSL,0
CUST_007845,68,120,101.19,12135.13,3,Month-to-month,Bank transfer,Fiber optic,0
CUST_007846,66,25,37.56,1040.2,2,Month-to-month,Credit card,No,0
CUST_007847,31,22,82.7,1741.77,1,One year,Bank transfer,Fiber optic,1
CUST_007848,46,12,60.7,656.52,0,Two year,Mailed check,Fiber optic,0
CUST_007849,35,8,78.29,763.91,2,Month-to-month,Bank transfer,Fiber optic,0
CUST_007850,40,58,143.65,8467.31,1,One year,Mailed check,DSL,0
CUST_007851,75,83,75.84,6351.85,1,Month-to-month,Electronic check,Fiber optic,1
CUST_007852,40,16,28.2,362.23,1,Month-to-month,Bank transfer,DSL,0
CUST_007853,50,8,31.69,156.54,1,Month-to-month,Mailed check,DSL,0
CUST_007854,53,35,83.77,3064.79,4,Two year,Electronic check,Fiber optic,0
CUST_007855,29,3,92.19,403.85,2,Two year,Electronic check,DSL,1
CUST_007856,32,34,95.08,3226.24,6,One year,Electronic check,DSL,0
CUST_007857,26,41,89.99,3923.76,0,Month-to-month,Bank transfer,DSL,1
CUST_007858,31,3,56.9,216.58,3,Month-to-month,Bank transfer,Fiber optic,1
CUST_007859,18,90,96.0,8529.05,2,Month-to-month,Bank transfer,DSL,0
CUST_007860,53,101,108.13,10893.43,0,Two year,Credit card,DSL,1
CUST_007861,75,66,114.16,7535.34,2,One year,Electronic check,Fiber optic,0
CUST_007862,47,16,44.78,725.05,1,One year,Electronic check,Fiber optic,1
CUST_007863,23,6,100.14,725.82,1,One year,Credit card,DSL,0
CUST_007864,35,20,87.53,1654.88,1,One year,Bank transfer,DSL,1
CUST_007865,38,13,53.42,561.25,1,One year,Mailed check,No,0
CUST_007866,29,5,72.62,423.31,1,One year,Bank transfer,DSL,0
CUST_007867,57,13,122.78,1545.41,1,Two year,Electronic check,No,1
CUST_007868,57,26,35.05,1153.63,4,Month-to-month,Mailed check,DSL,1
CUST_007869,27,1,40.45,134.77,4,Two year,Mailed check,Fiber optic,1
CUST_007870,55,9,69.34,571.5,0,One year,Electronic check,No,0
CUST_007871,67,0,83.84,121.29,2,One year,Credit card,Fiber optic,0
CUST_007872,73,33,57.72,1977.89,1,Two year,Electronic check,DSL,0
CUST_007873,80,24,125.14,3066.74,0,Two year,Electronic check,No,0
CUST_007874,31,1,84.76,72.53,3,Month-to-month,Mailed check,No,0
CUST_007875,80,80,147.74,11861.5,1,Two year,Electronic check,DSL,0
CUST_007876,39,0,52.93,0.0,1,Month-to-month,Bank transfer,Fiber optic,0
CUST_007877,36,21,113.4,2513.01,5,Month-to-month,Electronic check,Fiber optic,1
CUST_007878,49,35,75.32,2292.66,0,Month-to-month,Credit card,Fiber optic,1
CUST_007879,36,37,63.78,2315.47,3,Month-to-month,Electronic check,DSL,0
CUST_007880,50,0,111.17,0.0,5,Two year,Credit card,Fiber optic,1
CUST_007881,25,56,57.22,3154.34,2,Month-to-month,Electronic check,DSL,0
CUST_007882,41,60,144.29,8649.92,2,One year,Electronic check,DSL,0
CUST_007883,64,19,75.35,1312.0,2,Month-to-month,Mailed check,Fiber optic,0
CUST_007884,44,15,126.76,1623.99,2,One year,Mailed check,DSL,0
CUST_007885,47,1,74.46,95.17,2,Month-to-month,Mailed check,No,1
CUST_007886,52,19,105.25,2208.37,1,One year,Bank transfer,Fiber optic,0
CUST_007887,62,12,26.71,285.36,4,One year,Credit card,DSL,1
CUST_007888,20,35,87.17,3146.77,3,Month-to-month,Credit card,DSL,0
CUST_007889,53,12,99.75,1347.38,1,Two year,Mailed check,Fiber optic,0
CUST_007890,40,27,111.78,2828.13,1,Month-to-month,Electronic check,No,1
CUST_007891,47,2,36.8,27.88,2,One year,Electronic check,DSL,0
CUST_007892,60,3,63.4,62.55,2,One year,Electronic check,Fiber optic,1
CUST_007893,27,3,63.41,109.59,1,Month-to-month,Electronic check,Fiber optic,0
CUST_007894,29,1,30.86,201.07,1,Two year,Credit card,No,0
CUST_007895,18,18,73.3,1341.85,4,One year,Mailed check,DSL,0
CUST_007896,36,37,119.21,4489.63,3,Two year,Bank transfer,DSL,0
CUST_007897,64,22,61.02,1338.01,2,One year,Credit card,DSL,0
CUST_007898,43,20,73.26,1344.09,0,One year,Electronic check,Fiber optic,1
CUST_007899,24,27,129.6,3566.9,3,Month-to-month,Bank transfer,DSL,1
CUST_007900,37,9,27.67,374.29,3,Two year,Bank transfer,Fiber optic,0
CUST_007901,22,10,84.15,873.26,2,Month-to-month,Bank transfer,Fiber optic,1
CUST_007902,28,9,98.84,938.5,4,Two year,Electronic check,No,0
CUST_007903,50,29,110.59,3083.58,1,One year,Mailed check,DSL,0
CUST_007904,27,4,93.59,445.06,3,One year,Bank transfer,Fiber optic,0
CUST_007905,61,0,92.65,134.6,4,Month-to-month,Bank transfer,No,0
CUST_007906,43,21,36.4,804.89,4,Month-to-month,Bank transfer,Fiber optic,0
CUST_007907,46,68,107.41,7124.45,3,Month-to-month,Mailed check,Fiber optic,1
CUST_007908,40,22,109.3,2568.09,0,Two year,Mailed check,DSL,0
CUST_007909,56,36,47.41,1612.15,2,Month-to-month,Credit card,DSL,1
CUST_007910,56,26,34.2,928.11,2,Month-to-month,Electronic check,DSL,0
CUST_007911,50,16,109.46,1846.6,2,Month-to-month,Electronic check,DSL,1
CUST_007912,53,30,106.23,3294.84,2,Two year,Electronic check,No,0
CUST_007913,41,41,81.72,3170.54,2,One year,Electronic check,No,0
CUST_007914,53,6,117.04,713.96,3,Month-to-month,Credit card,Fiber optic,1
CUST_007915,39,9,101.16,915.54,1,One year,Bank transfer,Fiber optic,0
CUST_007916,45,6,119.79,862.62,2,Month-to-month,Credit card,DSL,1
CUST_007917,40,14,119.93,1724.91,2,Month-to-month,Credit card,Fiber optic,0
CUST_007918,38,51,93.63,4919.91,2,One year,Electronic check,Fiber optic,1
CUST_007919,34,10,100.47,1058.7,5,Month-to-month,Bank transfer,No,1
CUST_007920,52,11,92.42,1009.19,2,Month-to-month,Mailed check,Fiber optic,1
CUST_007921,64,47,124.64,5877.68,1,Month-to-month,Credit card,Fiber optic,1
CUST_007922,62,17,107.27,1975.93,2,Month-to-month,Bank transfer,DSL,0
CUST_007923,26,18,44.32,668.12,1,Two year,Electronic check,DSL,0
CUST_007924,64,47,66.87,3233.65,1,One year,Electronic check,DSL,1
CUST_007925,40,16,54.57,810.41,3,Month-to-month,Bank transfer,No,0
CUST_007926,54,27,115.35,3030.2,3,One year,Electronic check,DSL,1
CUST_007927,31,2,102.07,306.49,1,Month-to-month,Mailed check,Fiber optic,1
CUST_007928,47,4,71.53,197.83,4,One year,Electronic check,Fiber optic,0
CUST_007929,49,12,84.08,1046.71,2,One year,Bank transfer,Fiber optic,0
CUST_007930,22,16,110.69,1722.18,3,Month-to-month,Electronic check,No,0
CUST_007931,54,80,91.26,7065.06,1,Month-to-month,Bank transfer,Fiber optic,0
CUST_007932,65,84,67.02,5677.27,2,Two year,Electronic check,DSL,0
CUST_007933,42,45,90.76,4096.82,3,Month-to-month,Mailed check,No,0
CUST_007934,65,9,115.87,851.84,0,Month-to-month,Mailed check,DSL,0
CUST_007935,42,79,138.55,10875.34,2,Two year,Electronic check,DSL,0
CUST_007936,57,28,70.66,1797.83,1,Two year,Credit card,Fiber optic,0
CUST_007937,18,11,31.98,424.92,2,Month-to-month,Electronic check,DSL,1
CUST_007938,80,29,98.19,2986.37,0,One year,Mailed check,No,0
CUST_007939,67,0,103.45,84.95,3,Month-to-month,Electronic check,Fiber optic,1
CUST_007940,40,3,87.99,362.9,5,Two year,Mailed check,DSL,1
CUST_007941,18,42,83.51,3455.53,5,Month-to-month,Electronic check,DSL,1
CUST_007942,49,24,44.34,1118.74,1,One year,Mailed check,DSL,0
CUST_007943,23,10,116.08,1159.87,3,Month-to-month,Electronic check,Fiber optic,1
CUST_007944,51,16,55.6,908.06,5,One year,Mailed check,DSL,0
CUST_007945,51,56,70.43,4039.75,1,One year,Electronic check,DSL,0
CUST_007946,30,23,113.1,2718.8,0,Month-to-month,Mailed check,Fiber optic,1
CUST_007947,61,12,124.12,1450.49,4,Two year,Electronic check,Fiber optic,1
CUST_007948,57,3,87.52,121.78,0,Month-to-month,Electronic check,Fiber optic,1
CUST_007949,59,8,86.48,673.11,3,Two year,Mailed check,Fiber optic,1
CUST_007950,45,91,97.44,8845.39,3,One year,Bank transfer,DSL,0
CUST_007951,23,13,28.54,399.5,1,Two year,Bank transfer,Fiber optic,0
CUST_007952,59,15,46.68,783.5,1,One year,Electronic check,No,0
CUST_007953,40,16,86.44,1191.63,1,Month-to-month,Credit card,DSL,0
CUST_007954,24,51,60.63,3025.12,1,Month-to-month,Bank transfer,DSL,1
CUST_007955,65,22,119.38,2530.05,2,One year,Mailed check,DSL,0
CUST_007956,76,28,52.81,1603.89,4,Month-to-month,Electronic check,DSL,0
CUST_007957,44,11,77.71,833.98,2,Month-to-month,Mailed check,DSL,1
CUST_007958,77,0,71.2,0.0,3,Month-to-month,Bank transfer,DSL,0
CUST_007959,46,64,112.39,7247.08,2,One year,Electronic check,Fiber optic,0
CUST_007960,39,71,88.24,6205.98,2,One year,Credit card,Fiber optic,0
CUST_007961,35,71,142.85,10141.07,2,Month-to-month,Mailed check,Fiber optic,1
CUST_007962,69,69,98.93,7007.59,1,Month-to-month,Electronic check,DSL,0
CUST_007963,33,40,110.02,4579.24,2,One year,Mailed check,No,0
CUST_007964,56,27,97.09,2580.72,1,Month-to-month,Mailed check,Fiber optic,1
CUST_007965,36,44,53.72,2345.25,1,One year,Bank transfer,No,0
CUST_007966,38,22,93.26,1989.9,2,Month-to-month,Electronic check,DSL,1
CUST_007967,60,3,76.57,37.12,2,Month-to-month,Electronic check,Fiber optic,0
CUST_007968,39,11,115.36,1372.58,2,Month-to-month,Mailed check,DSL,0
CUST_007969,38,85,150.59,13042.09,0,Month-to-month,Electronic check,Fiber optic,1
CUST_007970,61,10,40.1,356.61,1,Month-to-month,Electronic check,Fiber optic,1
CUST_007971,68,48,52.17,2422.41,2,Two year,Bank transfer,DSL,0
CUST_007972,54,2,50.46,73.63,2,One year,Electronic check,No,1
CUST_007973,35,9,123.16,1116.96,3,Month-to-month,Bank transfer,Fiber optic,0
CUST_007974,37,10,27.16,158.02,5,Month-to-month,Mailed check,DSL,1
CUST_007975,46,1,87.79,41.94,5,Month-to-month,Bank transfer,DSL,0
CUST_007976,49,3,82.35,348.54,2,One year,Electronic check,DSL,1
CUST_007977,30,5,87.16,448.53,1,Two year,Electronic check,DSL,1
CUST_007978,55,43,63.33,2850.17,3,Month-to-month,Electronic check,Fiber optic,0
CUST_007979,46,1,43.17,79.65,4,Month-to-month,Bank transfer,Fiber optic,0
CUST_007980,19,8,67.06,427.62,7,Month-to-month,Bank transfer,Fiber optic,1
CUST_007981,31,0,29.59,0.0,4,Month-to-month,Mailed check,No,0
CUST_007982,37,28,41.46,1185.76,0,Month-to-month,Bank transfer,DSL,0
CUST_007983,43,23,40.34,815.47,0,One year,Bank transfer,DSL,0
CUST_007984,73,24,89.3,2017.92,2,Two year,Mailed check,No,0
CUST_007985,48,11,65.27,598.8,4,One year,Bank transfer,DSL,0
CUST_007986,32,5,51.86,310.89,1,Two year,Credit card,DSL,1
CUST_007987,48,30,66.58,1960.83,1,Month-to-month,Electronic check,DSL,1
CUST_007988,39,39,60.23,2467.15,1,One year,Electronic check,No,0
CUST_007989,49,3,62.65,98.31,4,Two year,Mailed check,Fiber optic,0
CUST_007990,53,16,48.31,527.15,0,Month-to-month,Electronic check,Fiber optic,1
CUST_007991,63,6,92.8,543.76,2,Two year,Electronic check,No,0
CUST_007992,44,4,34.39,302.33,1,Month-to-month,Electronic check,Fiber optic,1
CUST_007993,69,31,130.32,4043.51,2,Two year,Electronic check,No,0
CUST_007994,58,18,37.98,546.46,3,Month-to-month,Electronic check,DSL,1
CUST_007995,34,5,116.85,421.8,7,Month-to-month,Electronic check,DSL,1
CUST_007996,78,8,107.33,978.43,5,Month-to-month,Electronic check,No,1
CUST_007997,49,81,128.57,10333.52,2,Month-to-month,Bank transfer,DSL,0
CUST_007998,32,45,133.73,6172.04,0,Two year,Bank transfer,DSL,0
CUST_007999,69,50,58.92,3011.5,2,Month-to-month,Bank transfer,DSL,1
CUST_008000,76,14,44.63,547.88,1,One year,Credit card,No,0
CUST_008001,44,23,56.72,1421.16,2,Two year,Electronic check,DSL,0
CUST_008002,37,11,49.98,457.4,4,Two year,Electronic check,No,0
CUST_008003,42,1,51.58,0.0,1,Two year,Bank transfer,Fiber optic,0
CUST_008004,55,12,83.56,916.08,4,Two year,Electronic check,Fiber optic,0
CUST_008005,64,21,33.32,776.54,3,Month-to-month,Bank transfer,DSL,0
CUST_008006,53,8,62.23,611.61,3,Two year,Electronic check,Fiber optic,0
CUST_008007,46,45,67.14,2981.63,0,Month-to-month,Mailed check,Fiber optic,1
CUST_008008,67,3,82.16,59.66,0,Month-to-month,Credit card,Fiber optic,0
CUST_008009,40,10,123.52,1079.49,1,Month-to-month,Bank transfer,Fiber optic,1
CUST_008010,60,3,73.27,113.03,6,One year,Mailed check,No,0
CUST_008011,40,12,68.57,693.42,0,Month-to-month,Bank transfer,DSL,0
CUST_008012,51,0,56.82,26.54,3,Month-to-month,Electronic check,No,1
CUST_008013,43,7,101.99,907.78,2,One year,Credit card,DSL,1
CUST_008014,44,12,33.2,477.95,2,Month-to-month,Electronic check,Fiber optic,0
CUST_008015,39,15,123.48,1739.33,1,Month-to-month,Credit card,No,1
CUST_008016,65,18,70.79,1204.81,2,One year,Bank transfer,Fiber optic,0
CUST_008017,34,7,54.87,334.16,2,Month-to-month,Electronic check,No,1
CUST_008018,33,17,125.91,2179.34,2,One year,Bank transfer,No,0
CUST_008019,76,17,122.09,2232.62,0,One year,Mailed check,Fiber optic,0
CUST_008020,59,9,88.69,751.5,0,Two year,Bank transfer,Fiber optic,0
CUST_008021,18,42,42.85,1953.61,1,Two year,Bank transfer,DSL,0
CUST_008022,36,18,103.85,2079.75,2,Month-to-month,Mailed check,DSL,0
CUST_008023,18,9,58.06,487.51,0,Month-to-month,Electronic check,DSL,1
CUST_008024,30,70,93.83,6530.4,1,Two year,Credit card,Fiber optic,0
CUST_008025,18,44,57.87,2510.4,2,One year,Mailed check,Fiber optic,0
CUST_008026,42,97,120.85,11728.29,5,One year,Electronic check,Fiber optic,0
CUST_008027,27,28,108.46,3000.93,4,One year,Bank transfer,No,1
CUST_008028,45,11,52.8,669.23,2,One year,Bank transfer,No,0
CUST_008029,20,7,117.37,666.73,3,Month-to-month,Bank transfer,DSL,0
CUST_008030,46,26,52.47,1310.85,2,One year,Electronic check,No,0
CUST_008031,38,94,73.63,6953.78,3,Two year,Electronic check,Fiber optic,0
CUST_008032,67,23,95.94,2293.55,1,Month-to-month,Electronic check,No,0
CUST_008033,66,51,130.43,6871.55,2,Month-to-month,Credit card,No,0
CUST_008034,56,9,119.81,949.42,0,One year,Electronic check,Fiber optic,0
CUST_008035,40,12,102.72,1167.4,2,Two year,Mailed check,Fiber optic,0
CUST_008036,74,56,67.97,3579.4,0,Two year,Electronic check,No,0
CUST_008037,21,33,134.27,4319.8,3,One year,Bank transfer,DSL,0
CUST_008038,23,95,159.44,14970.25,3,One year,Electronic check,Fiber optic,1
CUST_008039,43,35,53.82,1831.46,2,Two year,Credit card,DSL,0
CUST_008040,78,14,82.88,1137.46,5,Month-to-month,Bank transfer,DSL,0
CUST_008041,41,18,84.55,1568.88,5,Two year,Mailed check,Fiber optic,0
CUST_008042,42,55,91.75,5016.58,3,Month-to-month,Bank transfer,Fiber optic,1
CUST_008043,23,19,127.93,2477.63,2,One year,Bank transfer,DSL,0
CUST_008044,59,7,29.46,217.64,3,Two year,Bank transfer,DSL,0
CUST_008045,59,13,89.22,1056.54,2,One year,Bank transfer,DSL,1
CUST_008046,56,17,49.03,664.89,1,Month-to-month,Credit card,DSL,0
CUST_008047,35,2,73.73,205.83,3,Two year,Mailed check,No,1
CUST_008048,34,32,113.97,3811.82,1,One year,Mailed check,No,0
CUST_008049,25,2,45.67,344.88,3,Month-to-month,Credit card,No,1
CUST_008050,46,12,65.34,877.58,2,Month-to-month,Mailed check,DSL,1
CUST_008051,28,39,134.58,5394.25,3,Month-to-month,Bank transfer,No,0
CUST_008052,27,15,103.65,1600.87,2,Month-to-month,Mailed check,Fiber optic,1
CUST_008053,38,44,99.27,4398.18,2,One year,Mailed check,No,0
CUST_008054,37,10,47.2,483.1,2,One year,Electronic check,Fiber optic,1
CUST_008055,36,75,100.03,7491.71,6,Two year,Electronic check,Fiber optic,1
CUST_008056,51,5,99.91,560.24,3,One year,Credit card,Fiber optic,0
CUST_008057,46,0,102.05,0.0,4,Month-to-month,Mailed check,Fiber optic,1
CUST_008058,40,49,68.96,3364.33,2,Month-to-month,Electronic check,DSL,1
CUST_008059,47,33,102.71,3271.5,2,Month-to-month,Bank transfer,DSL,1
CUST_008060,30,6,32.5,242.49,1,Two year,Electronic check,Fiber optic,0
CUST_008061,46,100,72.32,7136.21,0,Month-to-month,Mailed check,No,1
CUST_008062,47,16,82.87,1329.25,3,Month-to-month,Mailed check,Fiber optic,0
CUST_008063,22,72,78.44,5697.58,0,One year,Electronic check,No,0
CUST_008064,59,16,35.89,632.85,2,Two year,Credit card,Fiber optic,1
CUST_008065,31,15,100.48,1584.39,6,Month-to-month,Mailed check,Fiber optic,1
CUST_008066,46,14,76.8,1053.84,4,Month-to-month,Electronic check,No,1
CUST_008067,62,9,104.13,985.76,3,Month-to-month,Bank transfer,No,1
CUST_008068,58,18,95.39,1668.44,2,Month-to-month,Electronic check,Fiber optic,1
CUST_008069,45,14,99.98,1202.64,6,Month-to-month,Bank transfer,DSL,0
CUST_008070,39,0,50.74,53.03,4,One year,Bank transfer,DSL,0
CUST_008071,59,7,49.83,378.64,5,One year,Electronic check,Fiber optic,1
CUST_008072,55,5,82.59,514.27,1,Month-to-month,Electronic check,DSL,0
CUST_008073,35,48,64.01,3069.87,1,One year,Bank transfer,No,0
CUST_008074,33,21,112.04,2192.55,2,Month-to-month,Bank transfer,Fiber optic,1
CUST_008075,18,34,89.29,3026.77,2,Two year,Electronic check,DSL,1
CUST_008076,47,75,80.2,6103.58,2,Two year,Electronic check,DSL,0
CUST_008077,43,24,94.52,2316.01,1,One year,Electronic check,DSL,1
CUST_008078,62,97,163.0,15796.67,1,Month-to-month,Electronic check,DSL,1
CUST_008079,50,8,32.21,91.32,3,Two year,Mailed check,Fiber optic,0
CUST_008080,65,4,32.93,29.14,3,Two year,Electronic check,DSL,0
CUST_008081,34,12,110.38,1372.33,2,Month-to-month,Electronic check,DSL,1
CUST_008082,62,15,38.46,410.37,1,Month-to-month,Mailed check,Fiber optic,1
CUST_008083,37,54,50.94,2718.8,3,Month-to-month,Mailed check,DSL,1
CUST_008084,56,19,64.29,1225.41,1,Month-to-month,Bank transfer,No,1
CUST_008085,23,8,70.67,680.36,0,Month-to-month,Mailed check,DSL,0
CUST_008086,48,32,92.94,3035.67,2,One year,Electronic check,Fiber optic,1
CUST_008087,18,16,78.73,1355.96,2,Month-to-month,Mailed check,No,1
CUST_008088,40,4,113.32,483.46,3,Month-to-month,Electronic check,DSL,1
CUST_008089,51,20,106.87,2052.8,2,Month-to-month,Electronic check,DSL,1
CUST_008090,37,58,147.38,8486.73,2,Month-to-month,Electronic check,DSL,0
CUST_008091,29,44,89.65,3851.14,3,One year,Mailed check,DSL,0
CUST_008092,57,21,38.93,876.67,2,One year,Electronic check,Fiber optic,0
CUST_008093,43,11,121.05,1262.19,2,Month-to-month,Electronic check,Fiber optic,1
CUST_008094,37,2,21.41,3.42,0,Month-to-month,Bank transfer,DSL,1
CUST_008095,45,15,105.11,1578.89,1,One year,Bank transfer,Fiber optic,0
CUST_008096,80,33,39.63,1471.86,1,Two year,Electronic check,Fiber optic,1
CUST_008097,62,10,101.12,1076.93,0,One year,Electronic check,DSL,0
CUST_008098,62,6,116.79,623.48,4,Month-to-month,Credit card,DSL,1
CUST_008099,51,64,90.93,5834.45,1,One year,Electronic check,DSL,0
CUST_008100,47,41,64.6,2813.59,3,Month-to-month,Electronic check,Fiber optic,1
CUST_008101,18,24,54.63,1372.59,2,Month-to-month,Electronic check,DSL,1
CUST_008102,34,3,70.67,52.19,2,Month-to-month,Credit card,DSL,1
CUST_008103,37,3,38.59,24.24,4,Month-to-month,Electronic check,DSL,1
CUST_008104,18,2,88.29,77.39,1,Two year,Bank transfer,DSL,0
CUST_008105,27,22,67.84,1636.45,2,Two year,Mailed check,DSL,0
CUST_008106,18,2,53.31,232.25,2,Month-to-month,Bank transfer,DSL,0
CUST_008107,44,44,88.13,3815.15,2,Two year,Bank transfer,No,0
CUST_008108,57,118,133.26,15659.87,1,Month-to-month,Bank transfer,DSL,0
CUST_008109,61,10,39.19,396.4,1,One year,Electronic check,Fiber optic,0
CUST_008110,51,14,97.78,1376.34,2,One year,Electronic check,No,1
CUST_008111,30,29,122.79,3464.81,4,One year,Electronic check,DSL,1
CUST_008112,18,66,80.8,5307.8,3,Month-to-month,Electronic check,Fiber optic,0
CUST_008113,18,53,64.54,3275.21,2,Two year,Bank transfer,No,0
CUST_008114,25,1,96.55,223.78,0,Month-to-month,Bank transfer,DSL,0
CUST_008115,31,4,40.35,0.0,1,One year,Electronic check,No,0
CUST_008116,42,33,40.63,1163.5,5,One year,Bank transfer,Fiber optic,1
CUST_008117,29,28,95.92,2729.38,1,Two year,Electronic check,No,0
CUST_008118,50,3,45.48,12.74,0,Month-to-month,Mailed check,DSL,0
CUST_008119,41,16,45.18,672.8,0,One year,Credit card,DSL,0
CUST_008120,45,36,136.16,4908.09,6,Month-to-month,Electronic check,DSL,1
CUST_008121,62,5,51.69,325.96,3,One year,Electronic check,No,0
CUST_008122,27,49,134.84,6585.26,2,One year,Electronic check,No,1
CUST_008123,51,1,38.32,216.24,0,Month-to-month,Credit card,Fiber optic,1
CUST_008124,44,36,119.9,4316.27,1,Month-to-month,Electronic check,Fiber optic,1
CUST_008125,39,22,81.2,1905.52,1,Month-to-month,Bank transfer,DSL,0
CUST_008126,58,9,32.36,319.09,2,Month-to-month,Bank transfer,DSL,1
CUST_008127,58,30,108.36,3463.94,3,One year,Credit card,DSL,0
CUST_008128,30,36,127.21,4685.3,0,Two year,Mailed check,Fiber optic,0
CUST_008129,42,65,68.8,4476.46,2,One year,Mailed check,Fiber optic,1
CUST_008130,49,11,98.06,1141.53,4,One year,Bank transfer,Fiber optic,0
CUST_008131,40,27,78.01,2080.06,3,Two year,Electronic check,No,1
CUST_008132,53,22,106.39,2313.43,0,One year,Mailed check,DSL,0
CUST_008133,49,17,99.89,1567.84,2,Month-to-month,Bank transfer,DSL,0
CUST_008134,72,53,49.16,2524.66,4,One year,Bank transfer,No,0
CUST_008135,22,0,37.87,206.1,1,One year,Electronic check,Fiber optic,1
CUST_008136,43,7,70.6,373.82,0,Two year,Credit card,Fiber optic,0
CUST_008137,31,18,122.36,2136.92,0,Two year,Bank transfer,Fiber optic,0
CUST_008138,54,4,56.21,215.46,1,Two year,Electronic check,Fiber optic,0
CUST_008139,20,57,111.39,6343.04,3,Month-to-month,Mailed check,DSL,1
CUST_008140,50,25,33.71,881.08,1,Month-to-month,Mailed check,Fiber optic,1
CUST_008141,35,15,98.61,1432.28,3,One year,Credit card,DSL,1
CUST_008142,33,40,100.31,4056.81,3,Month-to-month,Mailed check,DSL,1
CUST_008143,23,14,98.54,1493.79,0,One year,Electronic check,DSL,1
CUST_008144,38,19,119.97,2406.02,1,One year,Bank transfer,DSL,0
CUST_008145,61,0,34.65,0.0,1,One year,Bank transfer,No,1
CUST_008146,44,10,51.16,572.72,2,Month-to-month,Bank transfer,No,0
CUST_008147,54,3,121.08,248.62,1,One year,Electronic check,DSL,1
CUST_008148,69,28,49.63,1317.42,0,One year,Electronic check,No,1
CUST_008149,48,15,99.56,1376.07,2,One year,Mailed check,No,0
CUST_008150,36,8,96.51,767.49,4,Two year,Electronic check,Fiber optic,1
CUST_008151,52,15,95.8,1351.07,3,Two year,Mailed check,Fiber optic,1
CUST_008152,36,5,45.24,74.15,3,Month-to-month,Electronic check,DSL,1
CUST_008153,37,62,72.51,4457.23,2,Two year,Electronic check,Fiber optic,0
CUST_008154,22,1,87.13,0.0,3,Month-to-month,Bank transfer,DSL,1
CUST_008155,58,48,62.63,3138.72,3,One year,Mailed check,DSL,0
CUST_008156,39,17,94.66,1553.41,2,Two year,Electronic check,No,0
CUST_008157,47,23,80.75,1955.85,1,One year,Credit card,No,0
CUST_008158,29,8,62.66,452.1,1,Month-to-month,Bank transfer,DSL,0
CUST_008159,51,81,90.52,7212.89,2,Month-to-month,Electronic check,DSL,1
CUST_008160,33,7,118.26,945.36,1,Two year,Credit card,No,0
CUST_008161,42,21,81.31,1716.37,3,Month-to-month,Mailed check,DSL,1
CUST_008162,58,120,136.13,16523.71,2,Two year,Electronic check,DSL,0
CUST_008163,56,51,140.43,7115.05,2,One year,Electronic check,DSL,0
CUST_008164,44,18,94.39,1654.49,2,Two year,Bank transfer,Fiber optic,0
CUST_008165,18,111,171.29,19113.15,2,Month-to-month,Credit card,No,1
CUST_008166,80,29,45.14,1410.14,1,Month-to-month,Electronic check,Fiber optic,0
CUST_008167,71,5,107.16,551.16,0,Month-to-month,Mailed check,Fiber optic,0
CUST_008168,55,12,59.54,1048.02,0,One year,Electronic check,DSL,1
CUST_008169,33,9,105.55,921.88,1,Month-to-month,Mailed check,DSL,0
CUST_008170,43,10,110.56,978.69,2,Month-to-month,Credit card,DSL,1
CUST_008171,36,34,64.15,2080.8,3,Two year,Electronic check,DSL,0
CUST_008172,63,21,71.38,1471.57,1,One year,Electronic check,DSL,0
CUST_008173,48,0,92.6,151.88,1,Month-to-month,Electronic check,No,1
CUST_008174,33,50,54.91,2726.64,1,One year,Electronic check,Fiber optic,0
CUST_008175,37,8,99.55,953.03,2,One year,Electronic check,Fiber optic,0
CUST_008176,61,120,91.05,10969.12,3,One year,Bank transfer,No,0
CUST_008177,69,73,147.95,10908.36,1,One year,Electronic check,DSL,0
CUST_008178,67,67,81.13,5474.69,2,One year,Bank transfer,No,0
CUST_008179,56,40,97.56,3940.32,4,Month-to-month,Electronic check,DSL,1
CUST_008180,41,5,34.22,246.35,1,Month-to-month,Electronic check,Fiber optic,1
CUST_008181,18,18,55.95,950.42,2,One year,Electronic check,DSL,0
CUST_008182,49,6,63.4,324.8,2,One year,Mailed check,DSL,0
CUST_008183,44,7,72.2,540.39,3,Two year,Electronic check,Fiber optic,0
CUST_008184,47,22,31.01,876.26,2,Month-to-month,Mailed check,Fiber optic,1
CUST_008185,45,1,109.37,0.0,0,Month-to-month,Credit card,No,1
CUST_008186,25,83,62.27,4965.28,1,Month-to-month,Mailed check,DSL,0
CUST_008187,53,60,127.37,7615.73,0,Month-to-month,Electronic check,Fiber optic,0
CUST_008188,54,11,72.56,901.22,3,Month-to-month,Mailed check,No,1
CUST_008189,55,17,80.89,1380.23,0,Month-to-month,Mailed check,Fiber optic,0
CUST_008190,59,15,48.33,607.97,5,One year,Electronic check,Fiber optic,1
CUST_008191,54,51,106.24,5425.99,1,Month-to-month,Electronic check,DSL,1
CUST_008192,38,28,87.72,2282.95,1,Month-to-month,Electronic check,No,1
CUST_008193,43,7,39.92,342.36,3,One year,Credit card,Fiber optic,0
CUST_008194,46,14,50.81,680.46,2,Two year,Mailed check,No,0
CUST_008195,46,13,33.19,423.27,2,Month-to-month,Mailed check,Fiber optic,0
CUST_008196,59,76,64.63,4954.47,4,Month-to-month,Mailed check,No,0
CUST_008197,54,4,23.38,114.08,2,One year,Bank transfer,Fiber optic,0
CUST_008198,76,2,43.05,31.97,1,Month-to-month,Mailed check,DSL,0
CUST_008199,78,51,113.47,5890.13,2,Month-to-month,Bank transfer,Fiber optic,1
CUST_008200,46,54,78.62,4325.26,4,Two year,Electronic check,No,0
CUST_008201,18,49,78.77,3682.47,3,Two year,Electronic check,DSL,0
CUST_008202,63,17,41.69,685.71,0,One year,Mailed check,DSL,0
CUST_008203,36,25,90.05,2143.15,2,Month-to-month,Bank transfer,No,0
CUST_008204,32,19,63.71,1083.77,2,Month-to-month,Bank transfer,DSL,0
CUST_008205,39,1,88.13,141.65,2,One year,Mailed check,DSL,1
CUST_008206,38,21,104.65,2155.64,1,One year,Electronic check,DSL,0
CUST_008207,54,0,78.47,0.0,0,One year,Electronic check,DSL,0
CUST_008208,21,9,52.11,401.99,2,Month-to-month,Mailed check,DSL,0
CUST_008209,28,64,102.86,6620.11,4,Month-to-month,Bank transfer,No,1
CUST_008210,50,8,49.19,461.38,3,Month-to-month,Electronic check,DSL,0
CUST_008211,54,67,143.79,9851.04,2,Two year,Mailed check,Fiber optic,0
CUST_008212,54,6,99.64,579.73,1,One year,Electronic check,DSL,0
CUST_008213,33,9,73.8,519.36,3,Month-to-month,Electronic check,DSL,1
CUST_008214,30,23,128.05,2894.66,2,Two year,Bank transfer,No,0
CUST_008215,37,34,91.68,3201.67,2,Two year,Mailed check,DSL,0
CUST_008216,48,16,60.85,896.39,4,One year,Credit card,Fiber optic,0
CUST_008217,67,51,55.05,2659.17,1,One year,Electronic check,Fiber optic,0
CUST_008218,18,0,74.37,0.0,0,Month-to-month,Mailed check,Fiber optic,1
CUST_008219,41,61,136.54,8275.7,3,Month-to-month,Electronic check,Fiber optic,1
CUST_008220,25,5,109.17,437.59,1,One year,Electronic check,Fiber optic,1
CUST_008221,20,51,105.96,5425.54,2,Two year,Bank transfer,DSL,0
CUST_008222,59,12,65.34,776.22,2,One year,Credit card,DSL,1
CUST_008223,53,42,106.03,4532.22,2,Month-to-month,Electronic check,DSL,0
CUST_008224,51,26,109.21,2794.98,2,One year,Electronic check,Fiber optic,1
CUST_008225,58,4,63.16,308.46,3,Two year,Credit card,Fiber optic,0
CUST_008226,37,60,97.63,5808.3,1,One year,Bank transfer,Fiber optic,0
CUST_008227,38,6,91.06,433.41,0,Month-to-month,Electronic check,Fiber optic,0
CUST_008228,77,6,110.67,609.69,3,Two year,Mailed check,No,0
CUST_008229,41,40,119.1,4602.21,1,Month-to-month,Bank transfer,Fiber optic,0
CUST_008230,56,2,23.24,225.3,2,Month-to-month,Bank transfer,DSL,0
CUST_008231,45,6,35.44,226.87,2,Two year,Bank transfer,DSL,0
CUST_008232,18,16,113.28,1732.9,2,One year,Credit card,Fiber optic,0
CUST_008233,18,42,124.38,5186.29,2,One year,Electronic check,Fiber optic,1
CUST_008234,36,3,60.38,0.0,1,Month-to-month,Electronic check,DSL,1
CUST_008235,60,19,87.93,1814.06,4,One year,Mailed check,DSL,0
CUST_008236,56,29,125.08,3761.11,2,Two year,Electronic check,Fiber optic,0
CUST_008237,58,47,134.66,6339.58,2,Month-to-month,Mailed check,DSL,1
CUST_008238,30,65,130.81,8534.55,1,Month-to-month,Mailed check,Fiber optic,1
CUST_008239,69,36,58.96,1995.75,3,Month-to-month,Electronic check,DSL,1
CUST_008240,30,25,105.53,2518.71,5,Month-to-month,Credit card,Fiber optic,0
CUST_008241,48,13,36.61,306.2,1,One year,Electronic check,DSL,0
CUST_008242,44,2,110.39,204.68,0,Month-to-month,Bank transfer,No,1
CUST_008243,42,29,49.41,1539.14,2,One year,Bank transfer,DSL,0
CUST_008244,65,118,145.23,17099.39,2,Month-to-month,Electronic check,No,0
CUST_008245,34,32,97.02,3139.55,3,One year,Mailed check,Fiber optic,0
CUST_008246,24,0,97.69,97.88,0,Month-to-month,Mailed check,DSL,1
CUST_008247,45,16,83.16,1168.11,0,One year,Bank transfer,No,0
CUST_008248,39,22,36.96,997.6,4,One year,Bank transfer,Fiber optic,0
CUST_008249,80,28,104.58,3044.1,2,One year,Electronic check,DSL,0
CUST_008250,55,30,73.32,2250.85,1,Two year,Mailed check,DSL,0
CUST_008251,38,19,61.53,1261.45,0,Two year,Electronic check,Fiber optic,0
CUST_008252,29,6,122.17,830.11,2,Two year,Electronic check,Fiber optic,1
CUST_008253,18,68,113.04,7715.98,2,Two year,Electronic check,No,1
CUST_008254,29,28,105.07,3084.84,4,Month-to-month,Bank transfer,DSL,0
CUST_008255,46,6,75.63,408.53,3,One year,Bank transfer,DSL,0
CUST_008256,66,9,101.5,959.66,2,Month-to-month,Mailed check,Fiber optic,0
CUST_008257,61,61,125.71,7800.31,2,Two year,Bank transfer,DSL,0
CUST_008258,48,52,111.71,5540.04,1,Two year,Credit card,DSL,0
CUST_008259,40,12,125.77,1553.09,0,Month-to-month,Credit card,Fiber optic,0
CUST_008260,49,0,65.98,72.46,3,One year,Electronic check,DSL,1
CUST_008261,37,1,91.12,0.0,3,Two year,Electronic check,Fiber optic,0
CUST_008262,70,8,103.78,858.4,3,One year,Electronic check,Fiber optic,0
CUST_008263,42,23,69.1,1510.01,1,Month-to-month,Mailed check,DSL,1
CUST_008264,43,21,76.22,1640.25,3,Month-to-month,Electronic check,DSL,1
CUST_008265,18,24,128.92,3084.5,2,One year,Credit card,DSL,0
CUST_008266,42,30,38.23,1052.24,3,Month-to-month,Bank transfer,Fiber optic,1
CUST_008267,57,0,53.53,110.97,1,One year,Electronic check,DSL,1
CUST_008268,28,2,69.62,97.41,1,Two year,Electronic check,Fiber optic,1
CUST_008269,33,10,25.15,278.46,2,Month-to-month,Electronic check,DSL,1
CUST_008270,56,4,111.91,579.06,2,One year,Mailed check,No,0
CUST_008271,22,1,49.12,0.0,2,One year,Credit card,DSL,0
CUST_008272,60,24,57.77,1387.3,5,Month-to-month,Bank transfer,Fiber optic,0
CUST_008273,37,40,122.03,4831.77,6,Two year,Bank transfer,Fiber optic,0
CUST_008274,39,33,64.3,2094.63,0,Month-to-month,Electronic check,Fiber optic,1
CUST_008275,28,40,105.76,4446.1,2,Month-to-month,Credit card,Fiber optic,0
CUST_008276,50,26,115.15,3039.59,2,Two year,Electronic check,DSL,1
CUST_008277,80,31,114.75,3588.54,3,One year,Credit card,Fiber optic,0
CUST_008278,56,7,101.7,764.27,3,Month-to-month,Mailed check,Fiber optic,1
CUST_008279,32,119,88.36,10558.31,1,Month-to-month,Mailed check,No,0
CUST_008280,62,4,29.98,0.0,2,Month-to-month,Bank transfer,No,1
CUST_008281,40,5,53.18,495.56,1,Two year,Electronic check,DSL,0
CUST_008282,65,8,27.59,74.32,1,Month-to-month,Bank transfer,No,1
CUST_008283,57,88,114.04,10209.04,3,Two year,Credit card,Fiber optic,0
CUST_008284,18,106,112.48,11984.49,2,Month-to-month,Electronic check,No,1
CUST_008285,29,38,94.7,3616.78,1,One year,Electronic check,DSL,0
CUST_008286,59,23,61.38,1381.17,0,One year,Mailed check,Fiber optic,0
CUST_008287,47,17,77.08,1570.8,1,Month-to-month,Mailed check,Fiber optic,1
CUST_008288,29,84,95.47,8080.3,1,Month-to-month,Electronic check,DSL,1
CUST_008289,35,28,53.52,1500.35,3,Month-to-month,Bank transfer,DSL,1
CUST_008290,18,69,119.44,8187.6,1,One year,Electronic check,DSL,0
CUST_008291,43,9,91.84,761.08,2,Two year,Credit card,DSL,0
CUST_008292,78,9,107.42,971.87,3,Two year,Bank transfer,Fiber optic,0
CUST_008293,57,46,130.48,5908.8,0,Month-to-month,Electronic check,DSL,1
CUST_008294,77,3,91.95,343.8,2,Two year,Credit card,No,0
CUST_008295,58,70,123.75,8597.92,0,Month-to-month,Electronic check,Fiber optic,1
CUST_008296,60,16,33.67,639.18,0,Two year,Bank transfer,Fiber optic,0
CUST_008297,74,62,61.98,3940.89,3,One year,Bank transfer,Fiber optic,0
CUST_008298,50,9,105.76,946.26,3,Two year,Mailed check,DSL,0
CUST_008299,42,30,58.3,1806.88,1,Month-to-month,Credit card,Fiber optic,1
CUST_008300,60,15,63.06,1008.88,1,One year,Bank transfer,Fiber optic,0
CUST_008301,66,23,46.03,912.45,3,One year,Credit card,No,0
CUST_008302,37,16,47.52,933.41,5,Month-to-month,Bank transfer,Fiber optic,0
CUST_008303,34,81,138.04,11155.81,1,Two year,Bank transfer,No,0
CUST_008304,47,28,60.19,1754.76,1,Month-to-month,Mailed check,DSL,1
CUST_008305,57,6,67.9,479.78,2,Two year,Electronic check,Fiber optic,1
CUST_008306,56,57,63.67,3380.07,2,Two year,Electronic check,DSL,0
CUST_008307,23,8,91.79,668.65,2,One year,Mailed check,Fiber optic,1
CUST_008308,73,11,98.33,1165.63,0,Month-to-month,Electronic check,Fiber optic,1
CUST_008309,35,2,57.17,120.56,1,Month-to-month,Electronic check,Fiber optic,0
CUST_008310,41,55,125.97,6997.5,1,Two year,Credit card,Fiber optic,0
CUST_008311,31,8,47.99,393.16,1,One year,Credit card,DSL,0
CUST_008312,80,7,92.69,771.77,2,Two year,Mailed check,No,0
CUST_008313,48,60,123.0,7391.19,2,Month-to-month,Credit card,No,0
CUST_008314,32,39,136.37,5460.67,1,Two year,Electronic check,Fiber optic,0
CUST_008315,57,3,44.73,36.19,4,Two year,Electronic check,DSL,0
CUST_008316,56,35,46.87,1627.72,5,Two year,Credit card,No,0
CUST_008317,42,58,75.3,4308.27,0,Month-to-month,Bank transfer,No,0
CUST_008318,57,1,32.79,71.65,1,Month-to-month,Bank transfer,Fiber optic,1
CUST_008319,32,41,57.47,2328.38,2,Month-to-month,Bank transfer,Fiber optic,1
CUST_008320,37,19,62.91,1172.37,2,One year,Electronic check,No,0
CUST_008321,18,26,74.4,1863.9,1,One year,Bank transfer,Fiber optic,0
CUST_008322,25,16,118.37,1847.89,2,Month-to-month,Mailed check,DSL,1
CUST_008323,72,28,53.56,1498.7,2,Month-to-month,Bank transfer,Fiber optic,0
CUST_008324,69,0,117.18,0.0,1,One year,Mailed check,Fiber optic,0
CUST_008325,45,34,118.02,3782.34,0,Month-to-month,Bank transfer,Fiber optic,1
CUST_008326,69,0,108.15,5.91,1,Month-to-month,Credit card,Fiber optic,0
CUST_008327,42,14,119.94,1402.3,2,Month-to-month,Electronic check,DSL,0
CUST_008328,41,3,96.82,271.16,1,One year,Mailed check,DSL,1
CUST_008329,45,41,119.38,4856.78,2,Month-to-month,Mailed check,DSL,1
CUST_008330,43,9,68.28,668.74,2,One year,Bank transfer,DSL,1
CUST_008331,41,14,78.05,1025.43,1,Month-to-month,Bank transfer,DSL,1
CUST_008332,62,13,119.75,1713.68,1,Month-to-month,Electronic check,DSL,1
CUST_008333,47,35,75.33,2721.21,2,One year,Credit card,DSL,0
CUST_008334,55,15,31.69,324.19,1,One year,Bank transfer,Fiber optic,0
CUST_008335,60,37,114.78,4218.26,3,Month-to-month,Electronic check,Fiber optic,1
CUST_008336,50,1,77.82,230.53,3,Month-to-month,Electronic check,Fiber optic,1
CUST_008337,30,5,103.99,450.17,3,Month-to-month,Electronic check,Fiber optic,1
CUST_008338,24,19,37.06,698.76,4,Month-to-month,Electronic check,DSL,1
CUST_008339,47,70,117.12,8339.04,3,One year,Bank transfer,DSL,0
CUST_008340,42,1,45.27,0.0,5,Two year,Electronic check,DSL,0
CUST_008341,46,1,110.83,223.12,2,Month-to-month,Mailed check,No,1
CUST_008342,44,4,32.99,40.96,1,Month-to-month,Bank transfer,No,1
CUST_008343,80,24,116.31,2502.6,6,Month-to-month,Mailed check,DSL,1
CUST_008344,25,12,34.86,541.12,0,Two year,Mailed check,DSL,0
CUST_008345,18,41,43.01,1807.27,2,Month-to-month,Electronic check,No,1
CUST_008346,49,1,44.01,94.46,7,Month-to-month,Bank transfer,DSL,0
CUST_008347,39,5,55.8,169.73,4,Month-to-month,Credit card,DSL,0
CUST_008348,49,8,86.65,591.89,5,One year,Bank transfer,DSL,0
CUST_008349,53,23,44.67,1142.51,1,Two year,Electronic check,No,1
CUST_008350,64,27,77.23,2109.61,2,Month-to-month,Electronic check,DSL,0
CUST_008351,22,3,41.93,114.03,0,Month-to-month,Electronic check,DSL,1
CUST_008352,36,69,140.03,9684.19,1,Month-to-month,Mailed check,No,0
CUST_008353,51,10,29.5,445.82,2,Month-to-month,Bank transfer,Fiber optic,0
CUST_008354,56,29,70.09,2105.09,2,Two year,Credit card,Fiber optic,0
CUST_008355,77,17,91.64,1510.37,3,One year,Mailed check,No,0
CUST_008356,59,6,114.31,545.5,0,Month-to-month,Bank transfer,Fiber optic,0
CUST_008357,44,44,128.8,5725.98,0,Month-to-month,Electronic check,Fiber optic,1
CUST_008358,31,40,129.52,5088.37,4,Two year,Electronic check,Fiber optic,0
CUST_008359,36,12,32.29,269.19,2,One year,Electronic check,Fiber optic,1
CUST_008360,36,21,114.59,2538.01,2,One year,Electronic check,DSL,1
CUST_008361,54,7,101.49,797.68,3,One year,Mailed check,Fiber optic,0
CUST_008362,48,28,124.24,3517.38,2,One year,Credit card,Fiber optic,0
CUST_008363,25,8,55.16,317.42,1,Month-to-month,Bank transfer,DSL,1
CUST_008364,38,44,133.18,6038.69,5,Month-to-month,Mailed check,Fiber optic,0
CUST_008365,58,5,62.76,416.71,2,Two year,Mailed check,Fiber optic,0
CUST_008366,50,0,83.41,0.0,1,Month-to-month,Electronic check,No,1
CUST_008367,53,7,65.92,409.9,5,Month-to-month,Electronic check,No,1
CUST_008368,50,5,65.26,334.17,0,Two year,Electronic check,DSL,0
CUST_008369,69,17,83.16,1365.94,3,Month-to-month,Electronic check,Fiber optic,1
CUST_008370,48,5,58.09,511.65,0,One year,Electronic check,Fiber optic,0
CUST_008371,39,34,116.27,3914.75,1,One year,Bank transfer,DSL,1
CUST_008372,31,6,86.36,411.39,7,Month-to-month,Credit card,DSL,1
CUST_008373,48,29,103.48,3159.63,1,Month-to-month,Electronic check,No,1
CUST_008374,18,20,53.1,1005.16,3,Month-to-month,Bank transfer,DSL,1
CUST_008375,42,102,167.96,17210.31,2,Month-to-month,Electronic check,No,0
CUST_008376,41,120,146.02,17589.65,1,Month-to-month,Bank transfer,Fiber optic,0
CUST_008377,24,48,63.72,3052.68,3,One year,Electronic check,Fiber optic,1
CUST_008378,31,34,112.05,3712.37,2,Two year,Electronic check,Fiber optic,0
CUST_008379,57,11,42.87,466.77,0,Month-to-month,Electronic check,Fiber optic,0
CUST_008380,48,33,42.84,1296.68,3,Month-to-month,Electronic check,No,1
CUST_008381,46,75,110.26,8266.78,2,Two year,Credit card,No,0
CUST_008382,49,0,75.35,77.28,2,Month-to-month,Mailed check,DSL,1
CUST_008383,46,18,47.9,1033.92,5,One year,Electronic check,Fiber optic,0
CUST_008384,63,5,57.34,177.9,3,One year,Electronic check,Fiber optic,0
CUST_008385,46,19,124.08,2332.42,1,Month-to-month,Bank transfer,DSL,0
CUST_008386,23,15,56.0,787.52,4,Month-to-month,Bank transfer,DSL,1
CUST_008387,69,20,45.56,938.51,2,One year,Credit card,DSL,0
CUST_008388,50,19,128.76,2294.19,3,Two year,Bank transfer,Fiber optic,0
CUST_008389,36,77,88.73,6739.39,1,One year,Mailed check,Fiber optic,1
CUST_008390,26,19,97.53,1683.78,1,One year,Electronic check,Fiber optic,0
CUST_008391,50,44,65.16,2723.03,1,One year,Electronic check,DSL,1
CUST_008392,43,9,79.51,649.57,1,Month-to-month,Credit card,Fiber optic,0
CUST_008393,68,13,65.13,1013.75,2,One year,Bank transfer,Fiber optic,0
CUST_008394,39,15,123.66,1889.63,2,Month-to-month,Bank transfer,DSL,1
CUST_008395,32,7,66.78,473.96,3,Two year,Electronic check,Fiber optic,0
CUST_008396,58,11,83.92,1057.78,2,One year,Mailed check,Fiber optic,1
CUST_008397,58,21,124.98,2662.87,1,Month-to-month,Bank transfer,No,0
CUST_008398,47,20,128.92,2626.23,2,Month-to-month,Bank transfer,DSL,0
CUST_008399,55,24,42.17,964.68,2,Month-to-month,Bank transfer,No,1
CUST_008400,44,10,108.43,1020.59,3,Month-to-month,Mailed check,Fiber optic,1
CUST_008401,48,9,62.71,433.29,2,Month-to-month,Mailed check,Fiber optic,0
CUST_008402,62,22,90.48,1930.51,4,One year,Bank transfer,No,1
CUST_008403,54,3,59.0,148.96,3,Month-to-month,Mailed check,DSL,0
CUST_008404,42,7,63.61,479.75,2,Two year,Bank transfer,Fiber optic,0
CUST_008405,65,1,36.39,32.71,2,Month-to-month,Electronic check,DSL,1
CUST_008406,18,1,77.78,41.27,2,One year,Mailed check,Fiber optic,1
CUST_008407,75,6,77.67,374.86,3,Two year,Mailed check,DSL,0
CUST_008408,19,0,38.94,39.91,0,Month-to-month,Bank transfer,No,1
CUST_008409,35,6,77.17,413.26,3,Month-to-month,Mailed check,DSL,0
CUST_008410,44,25,129.81,3280.63,4,Month-to-month,Bank transfer,No,0
CUST_008411,42,1,91.94,0.0,1,One year,Electronic check,Fiber optic,1
CUST_008412,60,13,74.6,1003.42,1,Two year,Mailed check,No,0
CUST_008413,29,58,140.61,8229.98,4,Month-to-month,Bank transfer,DSL,1
CUST_008414,48,37,96.03,3615.12,0,One year,Credit card,DSL,0
CUST_008415,36,8,37.5,280.37,1,One year,Bank transfer,DSL,0
CUST_008416,49,62,105.75,6648.09,1,Month-to-month,Mailed check,Fiber optic,0
CUST_008417,44,9,42.6,256.08,1,Month-to-month,Electronic check,DSL,1
CUST_008418,46,1,97.25,88.33,0,Month-to-month,Mailed check,No,1
CUST_008419,36,120,176.72,21186.75,4,Month-to-month,Mailed check,DSL,0
CUST_008420,37,48,80.08,3947.57,3,Month-to-month,Electronic check,DSL,1
CUST_008421,49,15,70.99,862.83,1,Month-to-month,Credit card,DSL,0
CUST_008422,59,26,75.15,1848.08,2,One year,Electronic check,DSL,0
CUST_008423,36,26,61.53,1774.51,0,Two year,Bank transfer,No,0
CUST_008424,31,5,101.92,266.53,2,Month-to-month,Mailed check,DSL,0
CUST_008425,54,5,84.27,502.81,0,Month-to-month,Bank transfer,Fiber optic,1
CUST_008426,44,15,33.91,438.54,6,Month-to-month,Bank transfer,Fiber optic,0
CUST_008427,57,58,132.88,7732.55,2,Two year,Electronic check,Fiber optic,0
CUST_008428,31,0,38.71,141.38,1,Two year,Bank transfer,Fiber optic,0
CUST_008429,18,36,135.92,4922.26,0,Month-to-month,Bank transfer,Fiber optic,0
CUST_008430,37,1,58.17,201.62,0,Month-to-month,Bank transfer,Fiber optic,1
CUST_008431,33,15,89.14,1287.94,1,Two year,Mailed check,DSL,0
CUST_008432,43,24,39.78,918.76,1,One year,Bank transfer,DSL,1
CUST_008433,35,27,67.97,1913.78,2,One year,Electronic check,Fiber optic,0
CUST_008434,56,1,100.74,56.79,1,One year,Electronic check,No,0
CUST_008435,40,13,74.22,1024.61,3,One year,Electronic check,Fiber optic,0
CUST_008436,47,21,120.96,2658.55,1,Month-to-month,Mailed check,DSL,0
CUST_008437,47,1,78.01,164.85,3,Month-to-month,Mailed check,No,1
CUST_008438,47,3,114.36,185.18,0,Month-to-month,Electronic check,Fiber optic,1
CUST_008439,44,26,131.26,3378.65,3,One year,Mailed check,DSL,0
CUST_008440,52,17,73.89,1284.3,1,Two year,Mailed check,No,0
CUST_008441,33,4,78.52,289.67,3,Month-to-month,Mailed check,Fiber optic,1
CUST_008442,65,18,112.49,2032.79,3,Two year,Electronic check,Fiber optic,0
CUST_008443,41,58,71.15,4156.4,3,One year,Credit card,DSL,0
CUST_008444,25,0,106.16,0.0,2,Month-to-month,Mailed check,Fiber optic,1
CUST_008445,47,24,91.19,2169.26,1,One year,Bank transfer,Fiber optic,0
CUST_008446,32,1,93.05,0.0,3,Month-to-month,Electronic check,DSL,1
CUST_008447,54,0,27.99,0.0,2,Month-to-month,Bank transfer,DSL,0
CUST_008448,78,3,98.12,141.69,6,Month-to-month,Mailed check,DSL,0
CUST_008449,33,13,57.58,760.17,2,Month-to-month,Electronic check,Fiber optic,1
CUST_008450,49,38,119.52,4522.56,3,One year,Credit card,No,1
CUST_008451,18,7,74.42,429.33,4,Two year,Credit card,DSL,0
CUST_008452,51,23,58.96,1534.64,3,Month-to-month,Electronic check,Fiber optic,1
CUST_008453,31,12,121.28,1430.77,0,One year,Bank transfer,No,1
CUST_008454,35,6,99.51,625.69,5,One year,Bank transfer,DSL,0
CUST_008455,28,17,127.07,2096.3,2,One year,Electronic check,DSL,1
CUST_008456,55,38,75.45,2825.55,2,Month-to-month,Credit card,Fiber optic,1
CUST_008457,60,42,105.92,4481.16,3,Month-to-month,Electronic check,No,1
CUST_008458,45,44,103.16,4505.77,0,Month-to-month,Credit card,DSL,1
CUST_008459,32,9,93.26,839.63,1,One year,Bank transfer,DSL,0
CUST_008460,68,37,42.33,1646.95,1,Two year,Mailed check,DSL,1
CUST_008461,33,5,51.67,206.56,2,Month-to-month,Bank transfer,Fiber optic,1
CUST_008462,18,32,126.93,3928.66,3,One year,Bank transfer,No,1
CUST_008463,51,71,97.88,6797.0,3,Month-to-month,Bank transfer,DSL,0
CUST_008464,28,0,116.06,143.84,1,Two year,Credit card,DSL,0
CUST_008465,59,13,47.85,715.17,5,One year,Mailed check,Fiber optic,0
CUST_008466,39,25,132.24,3371.64,1,One year,Mailed check,Fiber optic,1
CUST_008467,54,29,104.26,2979.88,3,One year,Credit card,Fiber optic,0
CUST_008468,66,4,99.64,265.25,1,Month-to-month,Bank transfer,DSL,0
CUST_008469,26,85,102.19,8657.59,3,Month-to-month,Electronic check,DSL,1
CUST_008470,36,22,121.7,2668.08,4,One year,Bank transfer,DSL,1
CUST_008471,43,4,76.55,193.03,1,One year,Credit card,Fiber optic,1
CUST_008472,68,0,88.09,0.0,3,Month-to-month,Bank transfer,DSL,0
CUST_008473,35,36,47.48,1536.28,0,Two year,Mailed check,No,0
CUST_008474,36,1,83.67,149.41,0,Month-to-month,Electronic check,Fiber optic,1
CUST_008475,52,3,109.41,207.69,2,Month-to-month,Credit card,DSL,1
CUST_008476,36,20,47.83,987.51,0,Month-to-month,Bank transfer,DSL,1
CUST_008477,47,22,104.77,2265.22,0,Two year,Electronic check,DSL,1
CUST_008478,21,27,36.04,1032.05,2,Month-to-month,Credit card,Fiber optic,0
CUST_008479,78,12,118.62,1457.03,1,Two year,Mailed check,No,0
CUST_008480,24,35,135.79,4729.52,0,One year,Electronic check,DSL,1
CUST_008481,40,87,98.92,8618.91,1,Month-to-month,Electronic check,No,1
CUST_008482,44,7,34.21,228.42,0,One year,Credit card,Fiber optic,0
CUST_008483,73,29,100.36,2848.84,3,Two year,Mailed check,DSL,0
CUST_008484,25,63,54.48,3530.47,1,One year,Mailed check,Fiber optic,0
CUST_008485,74,27,81.75,2164.91,0,Month-to-month,Mailed check,Fiber optic,0
CUST_008486,56,27,60.68,1629.62,2,Month-to-month,Bank transfer,DSL,1
CUST_008487,51,6,70.33,280.49,2,Month-to-month,Mailed check,No,1
CUST_008488,30,18,30.83,582.3,1,Month-to-month,Mailed check,Fiber optic,1
CUST_008489,53,19,34.66,597.5,4,Month-to-month,Bank transfer,DSL,0
CUST_008490,34,28,35.6,949.05,3,One year,Mailed check,Fiber optic,0
CUST_008491,63,120,141.91,16945.63,4,Month-to-month,Bank transfer,Fiber optic,1
CUST_008492,30,0,76.01,0.0,0,Month-to-month,Credit card,Fiber optic,1
CUST_008493,43,1,43.82,0.0,2,Month-to-month,Credit card,Fiber optic,1
CUST_008494,36,1,85.16,153.4,2,Two year,Mailed check,DSL,0
CUST_008495,30,32,124.42,3977.6,1,One year,Electronic check,Fiber optic,1
CUST_008496,56,3,49.23,100.97,1,Two year,Electronic check,DSL,1
CUST_008497,53,23,114.7,2483.26,1,Month-to-month,Bank transfer,DSL,0
CUST_008498,63,9,90.75,860.06,3,Month-to-month,Electronic check,Fiber optic,1
CUST_008499,18,14,30.38,361.92,1,Two year,Electronic check,DSL,0
CUST_008500,60,5,60.01,430.68,0,One year,Bank transfer,DSL,0
CUST_008501,80,48,94.78,4597.87,3,Month-to-month,Credit card,Fiber optic,0
CUST_008502,38,21,103.67,2330.53,1,One year,Electronic check,Fiber optic,0
CUST_008503,73,69,83.21,5755.4,1,Month-to-month,Electronic check,Fiber optic,1
CUST_008504,41,20,128.27,2673.24,4,Month-to-month,Credit card,No,1
CUST_008505,24,3,89.95,316.14,5,Two year,Mailed check,DSL,0
CUST_008506,40,4,59.28,192.03,3,Two year,Mailed check,DSL,1
CUST_008507,60,108,83.7,9058.59,3,Month-to-month,Bank transfer,DSL,0
CUST_008508,32,31,53.64,1579.34,1,One year,Electronic check,Fiber optic,1
CUST_008509,35,1,69.26,276.14,0,One year,Bank transfer,DSL,0
CUST_008510,53,29,83.97,2425.03,4,One year,Credit card,Fiber optic,1
CUST_008511,45,12,102.77,1235.88,0,Month-to-month,Bank transfer,DSL,1
CUST_008512,53,8,96.62,811.94,6,One year,Mailed check,No,1
CUST_008513,48,4,42.13,59.81,1,One year,Bank transfer,No,1
CUST_008514,52,43,101.0,4474.95,2,Month-to-month,Electronic check,No,1
CUST_008515,38,1,22.56,0.0,1,One year,Electronic check,DSL,1
CUST_008516,48,8,63.85,385.69,3,One year,Bank transfer,DSL,0
CUST_008517,31,8,100.41,786.63,2,Month-to-month,Electronic check,No,1
CUST_008518,64,4,61.95,119.87,2,Month-to-month,Electronic check,No,1
CUST_008519,35,17,112.06,2061.21,2,One year,Electronic check,DSL,1
CUST_008520,61,0,117.62,0.0,0,Month-to-month,Electronic check,Fiber optic,1
CUST_008521,41,8,84.72,355.65,2,Two year,Mailed check,DSL,0
CUST_008522,48,65,67.0,4375.02,1,Month-to-month,Electronic check,No,1
CUST_008523,37,8,61.97,551.09,4,One year,Bank transfer,DSL,0
CUST_008524,29,10,25.95,217.34,2,Two year,Bank transfer,Fiber optic,0
CUST_008525,18,15,87.77,1181.0,2,Two year,Electronic check,DSL,0
CUST_008526,29,19,111.66,2111.15,0,Month-to-month,Mailed check,DSL,1
CUST_008527,40,39,102.49,3949.1,2,Month-to-month,Credit card,Fiber optic,0
CUST_008528,48,5,101.11,407.99,0,One year,Credit card,Fiber optic,0
CUST_008529,60,49,124.49,5993.65,0,Month-to-month,Electronic check,Fiber optic,0
CUST_008530,38,34,122.1,4167.07,2,Month-to-month,Bank transfer,Fiber optic,0
CUST_008531,31,30,61.67,1940.29,3,Two year,Electronic check,DSL,0
CUST_008532,23,2,108.13,262.41,3,Month-to-month,Electronic check,Fiber optic,1
CUST_008533,52,0,85.41,0.0,1,One year,Electronic check,Fiber optic,0
CUST_008534,65,21,59.47,1310.47,3,One year,Mailed check,DSL,0
CUST_008535,63,47,142.23,6762.03,2,Month-to-month,Mailed check,No,1
CUST_008536,55,21,125.52,2775.25,1,Two year,Electronic check,DSL,0
CUST_008537,54,5,79.94,304.73,1,Month-to-month,Mailed check,No,1
CUST_008538,70,2,105.32,204.98,5,Month-to-month,Mailed check,Fiber optic,1
CUST_008539,49,28,60.15,1740.94,1,Month-to-month,Bank transfer,Fiber optic,0
CUST_008540,54,30,76.6,2245.36,4,One year,Bank transfer,Fiber optic,0
CUST_008541,40,4,40.4,216.78,3,Month-to-month,Mailed check,No,0
CUST_008542,24,0,72.01,0.0,2,Two year,Electronic check,DSL,1
CUST_008543,34,12,75.6,822.56,3,One year,Electronic check,Fiber optic,1
CUST_008544,44,20,51.28,949.5,1,One year,Bank transfer,DSL,0
CUST_008545,45,29,101.78,3076.55,1,Month-to-month,Electronic check,No,1
CUST_008546,73,39,51.28,1900.24,4,One year,Electronic check,Fiber optic,1
CUST_008547,46,22,37.17,700.92,2,One year,Bank transfer,DSL,0
CUST_008548,62,2,59.49,153.42,4,Month-to-month,Electronic check,Fiber optic,1
CUST_008549,38,27,74.48,2007.97,6,One year,Electronic check,Fiber optic,1
CUST_008550,40,99,101.47,9914.77,2,Two year,Mailed check,DSL,0
CUST_008551,25,56,73.79,4080.56,3,Month-to-month,Mailed check,DSL,1
CUST_008552,33,49,78.38,3758.83,1,One year,Electronic check,DSL,0
CUST_008553,52,8,40.34,258.53,1,Two year,Electronic check,DSL,1
CUST_008554,45,33,76.85,2788.39,2,Month-to-month,Mailed check,Fiber optic,1
CUST_008555,59,45,132.96,5952.96,3,Month-to-month,Mailed check,DSL,0
CUST_008556,47,27,55.94,1422.33,2,One year,Electronic check,No,0
CUST_008557,39,6,91.45,750.85,0,Two year,Electronic check,DSL,0
CUST_008558,77,73,70.68,5248.35,0,Two year,Mailed check,No,0
CUST_008559,43,14,62.39,945.95,3,Month-to-month,Electronic check,DSL,1
CUST_008560,62,3,53.62,77.54,1,Two year,Electronic check,No,1
CUST_008561,38,2,114.7,348.55,0,One year,Electronic check,No,1
CUST_008562,55,25,75.3,1964.08,5,Month-to-month,Mailed check,Fiber optic,1
CUST_008563,58,13,95.55,1256.81,2,Two year,Bank transfer,No,0
CUST_008564,48,2,81.25,0.0,2,Two year,Electronic check,No,0
CUST_008565,18,32,50.1,1601.3,0,One year,Bank transfer,No,1
CUST_008566,45,38,132.95,5225.25,3,Month-to-month,Mailed check,DSL,0
CUST_008567,63,31,70.09,2194.73,1,Month-to-month,Bank transfer,Fiber optic,1
CUST_008568,52,5,26.98,97.23,3,Month-to-month,Mailed check,DSL,1
CUST_008569,51,28,64.04,1770.4,3,One year,Mailed check,DSL,0
CUST_008570,19,0,53.56,0.0,2,Two year,Mailed check,Fiber optic,0
CUST_008571,34,8,33.27,186.23,0,Month-to-month,Electronic check,Fiber optic,1
CUST_008572,51,12,88.0,1051.85,2,Two year,Electronic check,No,0
CUST_008573,51,43,76.18,3419.86,4,Month-to-month,Mailed check,DSL,0
CUST_008574,63,11,88.41,1105.49,0,Month-to-month,Electronic check,Fiber optic,1
CUST_008575,42,0,20.67,0.0,2,Month-to-month,Electronic check,No,0
CUST_008576,51,10,123.2,1359.64,3,Month-to-month,Bank transfer,DSL,1
CUST_008577,45,16,45.05,796.94,1,One year,Bank transfer,DSL,0
CUST_008578,30,71,121.43,8685.08,1,Month-to-month,Electronic check,DSL,1
CUST_008579,18,67,125.08,8423.45,1,One year,Credit card,DSL,0
CUST_008580,51,4,39.16,63.61,1,One year,Credit card,DSL,1
CUST_008581,47,4,33.17,92.13,2,Two year,Mailed check,DSL,0
CUST_008582,35,4,37.26,232.32,1,Month-to-month,Mailed check,No,1
CUST_008583,20,37,63.18,2217.04,0,One year,Bank transfer,DSL,0
CUST_008584,54,0,36.82,0.0,2,Month-to-month,Bank transfer,DSL,1
CUST_008585,41,3,88.9,297.32,2,Month-to-month,Mailed check,No,0
CUST_008586,53,18,71.08,1200.55,4,Month-to-month,Electronic check,DSL,0
CUST_008587,72,6,76.78,543.06,1,Month-to-month,Bank transfer,DSL,0
CUST_008588,18,2,25.73,0.0,2,Month-to-month,Mailed check,Fiber optic,1
CUST_008589,34,10,111.12,1135.69,1,Month-to-month,Bank transfer,Fiber optic,1
CUST_008590,41,7,40.56,316.71,3,Month-to-month,Electronic check,DSL,1
CUST_008591,66,17,64.52,1048.55,3,One year,Bank transfer,DSL,0
CUST_008592,20,92,73.19,6709.53,1,One year,Bank transfer,DSL,0
CUST_008593,74,3,35.18,37.54,3,Month-to-month,Credit card,Fiber optic,0
CUST_008594,47,11,92.08,1011.02,2,Month-to-month,Mailed check,Fiber optic,1
CUST_008595,43,64,121.26,7664.39,1,Month-to-month,Mailed check,Fiber optic,0
CUST_008596,42,50,112.7,5612.48,2,Month-to-month,Electronic check,DSL,1
CUST_008597,38,12,81.21,1049.41,0,Two year,Electronic check,Fiber optic,0
CUST_008598,60,28,129.25,3505.39,1,One year,Electronic check,No,1
CUST_008599,28,2,71.72,94.73,1,Month-to-month,Bank transfer,Fiber optic,1
CUST_008600,50,29,79.44,2355.62,3,Month-to-month,Mailed check,DSL,1
CUST_008601,39,86,87.75,7339.13,1,Month-to-month,Mailed check,No,1
CUST_008602,33,18,38.88,885.49,3,Month-to-month,Credit card,Fiber optic,1
CUST_008603,80,16,82.82,1429.57,0,One year,Electronic check,DSL,0
CUST_008604,51,4,53.49,60.12,1,One year,Mailed check,DSL,0
CUST_008605,54,24,84.4,1815.24,1,One year,Bank transfer,Fiber optic,0
CUST_008606,62,21,51.11,1076.31,1,Two year,Electronic check,No,0
CUST_008607,23,25,116.32,2795.91,3,Month-to-month,Electronic check,Fiber optic,1
CUST_008608,71,0,119.97,96.15,1,Month-to-month,Electronic check,DSL,1
CUST_008609,18,19,61.74,1212.47,4,Two year,Credit card,DSL,0
CUST_008610,33,21,114.73,2421.73,2,Month-to-month,Bank transfer,DSL,0
CUST_008611,38,5,109.8,491.97,2,One year,Electronic check,DSL,0
CUST_008612,53,5,122.11,770.54,2,Two year,Bank transfer,Fiber optic,1
CUST_008613,48,7,57.77,479.75,1,Two year,Electronic check,Fiber optic,1
CUST_008614,42,29,110.1,3253.34,2,One year,Electronic check,Fiber optic,1
CUST_008615,44,22,53.88,1305.39,1,Two year,Credit card,No,0
CUST_008616,30,44,104.48,4495.22,4,One year,Electronic check,Fiber optic,0
CUST_008617,22,8,94.48,884.35,3,Month-to-month,Bank transfer,DSL,1
CUST_008618,55,58,123.11,7114.04,4,Two year,Credit card,DSL,0
CUST_008619,55,32,56.72,1848.42,8,Two year,Mailed check,DSL,0
CUST_008620,68,12,110.87,1314.82,2,One year,Credit card,Fiber optic,0
CUST_008621,33,2,63.1,0.0,1,Month-to-month,Electronic check,Fiber optic,1
CUST_008622,55,7,45.14,411.69,2,Two year,Credit card,DSL,0
CUST_008623,40,75,111.75,8199.03,2,Month-to-month,Electronic check,DSL,1
CUST_008624,62,8,110.34,786.03,2,One year,Mailed check,DSL,0
CUST_008625,60,9,121.21,1045.6,3,Month-to-month,Credit card,DSL,1
CUST_008626,48,5,97.32,291.24,2,Month-to-month,Mailed check,Fiber optic,1
CUST_008627,39,39,40.06,1452.37,1,Month-to-month,Mailed check,DSL,1
CUST_008628,59,7,36.97,283.27,1,One year,Electronic check,Fiber optic,1
CUST_008629,54,9,32.13,254.48,2,Two year,Credit card,Fiber optic,1
CUST_008630,34,12,36.12,407.04,0,Month-to-month,Electronic check,No,1
CUST_008631,25,13,64.8,750.94,4,One year,Credit card,Fiber optic,0
CUST_008632,40,12,59.85,722.81,3,Two year,Credit card,Fiber optic,0
CUST_008633,67,16,39.37,597.37,6,Two year,Electronic check,DSL,0
CUST_008634,62,40,128.22,4964.84,1,One year,Bank transfer,No,0
CUST_008635,28,41,102.04,4163.66,3,Two year,Electronic check,DSL,1
CUST_008636,27,38,118.65,4384.37,2,Two year,Bank transfer,DSL,0
CUST_008637,64,2,58.15,206.08,2,One year,Mailed check,Fiber optic,0
CUST_008638,27,38,80.02,3001.75,5,Two year,Electronic check,Fiber optic,0
CUST_008639,52,3,53.26,411.94,1,Month-to-month,Credit card,DSL,0
CUST_008640,35,3,65.34,292.72,1,One year,Bank transfer,Fiber optic,1
CUST_008641,69,70,116.04,8109.61,2,Month-to-month,Electronic check,DSL,1
CUST_008642,33,41,89.8,3739.68,2,Two year,Mailed check,DSL,0
CUST_008643,62,19,113.29,1943.56,1,Month-to-month,Electronic check,Fiber optic,1
CUST_008644,47,49,134.51,6687.42,2,Month-to-month,Bank transfer,No,0
CUST_008645,48,109,121.47,13158.02,0,Month-to-month,Bank transfer,No,0
CUST_008646,18,22,54.97,1218.42,1,Month-to-month,Electronic check,DSL,0
CUST_008647,18,22,125.52,2688.66,0,Two year,Electronic check,DSL,0
CUST_008648,41,33,110.0,3568.0,2,Two year,Bank transfer,DSL,1
CUST_008649,48,6,87.01,503.96,1,Two year,Bank transfer,Fiber optic,0
CUST_008650,28,4,96.54,393.85,2,Month-to-month,Electronic check,DSL,1
CUST_008651,28,34,44.6,1513.65,1,Month-to-month,Mailed check,Fiber optic,0
CUST_008652,53,10,31.76,317.43,2,Month-to-month,Mailed check,No,1
CUST_008653,53,3,36.81,0.0,4,One year,Electronic check,Fiber optic,1
CUST_008654,42,9,39.25,586.41,1,Month-to-month,Bank transfer,DSL,1
CUST_008655,56,10,67.07,693.87,2,Two year,Electronic check,No,0
CUST_008656,27,80,75.74,6102.99,0,Two year,Mailed check,DSL,0
CUST_008657,39,28,119.45,3310.67,2,Month-to-month,Electronic check,DSL,1
CUST_008658,69,18,86.81,1475.16,1,One year,Bank transfer,DSL,0
CUST_008659,46,83,98.33,8176.18,3,Month-to-month,Bank transfer,No,0
CUST_008660,46,56,54.96,3106.81,2,Month-to-month,Mailed check,DSL,0
CUST_008661,79,17,87.6,1619.43,0,One year,Mailed check,DSL,0
CUST_008662,24,56,59.65,3548.35,1,Two year,Bank transfer,DSL,0
CUST_008663,56,12,100.32,1351.57,0,Two year,Electronic check,No,1
CUST_008664,69,6,103.28,443.0,2,Month-to-month,Electronic check,DSL,1
CUST_008665,40,6,77.4,418.34,1,Month-to-month,Credit card,DSL,0
CUST_008666,57,26,47.96,1280.55,3,One year,Bank transfer,No,0
CUST_008667,30,16,106.69,1666.95,4,Month-to-month,Mailed check,No,1
CUST_008668,34,25,63.28,1577.69,4,Month-to-month,Electronic check,Fiber optic,0
CUST_008669,50,27,55.77,1291.15,3,One year,Bank transfer,No,0
CUST_008670,56,0,67.06,91.42,4,One year,Electronic check,Fiber optic,1
CUST_008671,61,1,112.76,0.0,0,One year,Credit card,DSL,0
CUST_008672,68,18,58.74,900.02,3,Two year,Mailed check,Fiber optic,0
CUST_008673,43,5,113.06,463.82,0,Month-to-month,Electronic check,Fiber optic,0
CUST_008674,62,24,37.37,887.01,3,One year,Bank transfer,Fiber optic,0
CUST_008675,39,19,37.85,556.92,2,Month-to-month,Mailed check,Fiber optic,0
CUST_008676,58,21,100.36,2001.44,3,Two year,Electronic check,Fiber optic,0
CUST_008677,48,8,43.06,459.37,3,Two year,Mailed check,No,0
CUST_008678,51,24,63.66,1516.65,3,Two year,Credit card,Fiber optic,0
CUST_008679,51,42,54.64,2338.12,2,One year,Electronic check,Fiber optic,0
CUST_008680,20,120,113.22,13463.35,1,One year,Electronic check,DSL,1
CUST_008681,28,43,69.55,2985.09,1,Month-to-month,Bank transfer,No,0
CUST_008682,46,19,103.13,1945.95,3,Month-to-month,Bank transfer,Fiber optic,0
CUST_008683,19,5,92.7,383.98,1,Month-to-month,Credit card,Fiber optic,0
CUST_008684,57,27,128.99,3477.7,0,Month-to-month,Electronic check,Fiber optic,0
CUST_008685,58,66,125.44,8089.97,0,One year,Mailed check,Fiber optic,0
CUST_008686,49,5,91.98,503.77,2,Month-to-month,Electronic check,No,1
CUST_008687,28,7,92.92,610.49,4,Month-to-month,Bank transfer,Fiber optic,0
CUST_008688,65,3,109.8,303.67,1,Month-to-month,Electronic check,No,1
CUST_008689,75,32,65.62,2185.13,2,One year,Electronic check,DSL,1
CUST_008690,47,12,56.01,715.31,2,One year,Mailed check,Fiber optic,0
CUST_008691,52,1,94.62,62.79,3,Month-to-month,Bank transfer,DSL,0
CUST_008692,48,49,67.37,3189.5,2,Month-to-month,Electronic check,Fiber optic,0
CUST_008693,52,19,120.7,2426.2,4,One year,Electronic check,Fiber optic,1
CUST_008694,43,9,77.98,567.79,3,Month-to-month,Electronic check,Fiber optic,1
CUST_008695,44,10,55.01,613.06,2,Two year,Bank transfer,Fiber optic,0
CUST_008696,58,8,101.61,653.14,2,One year,Bank transfer,No,0
CUST_008697,80,14,58.23,907.04,2,Month-to-month,Electronic check,DSL,1
CUST_008698,23,9,120.83,1188.51,0,Two year,Electronic check,No,1
CUST_008699,43,19,127.8,2236.92,0,Month-to-month,Credit card,DSL,0
CUST_008700,27,35,104.18,3691.22,6,One year,Bank transfer,Fiber optic,1
CUST_008701,68,26,44.36,1190.1,3,One year,Electronic check,Fiber optic,0
CUST_008702,36,8,50.32,472.87,3,Month-to-month,Electronic check,Fiber optic,1
CUST_008703,23,18,80.54,1486.27,1,One year,Electronic check,Fiber optic,1
CUST_008704,54,44,127.14,5498.14,3,One year,Electronic check,Fiber optic,0
CUST_008705,71,1,38.99,17.27,1,Two year,Bank transfer,Fiber optic,0
CUST_008706,54,1,30.94,197.4,1,One year,Mailed check,DSL,0
CUST_008707,48,19,36.95,591.23,2,Month-to-month,Credit card,DSL,1
CUST_008708,51,24,82.7,2017.01,4,Two year,Electronic check,No,1
CUST_008709,66,5,110.97,669.98,3,Month-to-month,Electronic check,No,1
CUST_008710,31,32,40.24,1188.47,0,Two year,Electronic check,Fiber optic,0
CUST_008711,43,24,53.23,1135.89,2,Two year,Mailed check,DSL,0
CUST_008712,38,61,119.83,7182.76,1,One year,Credit card,DSL,0
CUST_008713,27,4,104.59,457.84,3,Month-to-month,Credit card,DSL,1
CUST_008714,40,33,117.24,3741.46,2,One year,Electronic check,No,0
CUST_008715,61,2,99.51,185.48,0,Two year,Bank transfer,Fiber optic,0
CUST_008716,53,19,42.48,944.25,1,One year,Bank transfer,Fiber optic,0
CUST_008717,54,19,69.22,1310.12,1,Two year,Electronic check,Fiber optic,0
CUST_008718,47,11,123.97,1285.94,1,Month-to-month,Electronic check,Fiber optic,1
CUST_008719,52,44,140.89,6211.65,1,Month-to-month,Electronic check,DSL,0
CUST_008720,32,0,80.24,0.0,1,Month-to-month,Electronic check,Fiber optic,1
CUST_008721,40,17,99.43,1735.52,3,Month-to-month,Mailed check,Fiber optic,1
CUST_008722,47,5,117.63,750.06,2,Month-to-month,Mailed check,No,0
CUST_008723,49,32,80.99,2631.45,3,Two year,Electronic check,DSL,0
CUST_008724,49,1,34.19,237.56,4,Month-to-month,Credit card,DSL,1
CUST_008725,42,42,107.89,4577.12,3,One year,Mailed check,DSL,0
CUST_008726,39,43,137.51,5836.21,1,Month-to-month,Bank transfer,DSL,1
CUST_008727,80,42,110.72,4879.1,1,Two year,Bank transfer,Fiber optic,0
CUST_008728,58,3,101.83,293.01,5,One year,Bank transfer,No,1
CUST_008729,51,23,73.77,1591.33,0,Month-to-month,Electronic check,DSL,1
CUST_008730,41,0,29.65,232.37,1,One year,Credit card,Fiber optic,0
CUST_008731,38,45,59.39,2599.16,4,One year,Electronic check,Fiber optic,0
CUST_008732,43,30,133.27,3920.73,2,Month-to-month,Credit card,No,1
CUST_008733,49,18,78.32,1354.58,4,One year,Electronic check,No,1
CUST_008734,18,31,36.7,1154.23,2,Month-to-month,Electronic check,Fiber optic,1
CUST_008735,21,2,116.54,326.16,3,Month-to-month,Bank transfer,DSL,0
CUST_008736,35,18,78.78,1153.12,2,Month-to-month,Bank transfer,DSL,0
CUST_008737,48,8,107.63,953.66,2,Two year,Bank transfer,DSL,1
CUST_008738,41,86,117.85,10079.29,1,Two year,Bank transfer,Fiber optic,0
CUST_008739,67,46,53.17,2404.54,2,Two year,Mailed check,Fiber optic,0
CUST_008740,22,31,97.06,3180.28,2,Month-to-month,Electronic check,DSL,1
CUST_008741,33,65,152.24,9916.93,3,Two year,Bank transfer,DSL,0
CUST_008742,67,10,28.47,329.51,1,One year,Mailed check,Fiber optic,0
CUST_008743,46,55,131.68,7237.51,1,Month-to-month,Electronic check,Fiber optic,0
CUST_008744,58,9,48.05,508.8,2,Month-to-month,Electronic check,DSL,1
CUST_008745,75,31,74.89,2483.29,4,One year,Bank transfer,Fiber optic,0
CUST_008746,34,32,73.27,2097.16,2,Month-to-month,Electronic check,Fiber optic,0
CUST_008747,43,0,109.88,108.46,2,One year,Credit card,No,0
CUST_008748,40,10,75.45,909.19,2,One year,Bank transfer,No,0
CUST_008749,18,0,64.72,50.11,4,One year,Electronic check,No,0
CUST_008750,40,120,161.8,19348.57,7,Two year,Credit card,DSL,0
CUST_008751,58,3,26.39,0.0,0,Month-to-month,Credit card,No,0
CUST_008752,53,18,37.65,913.81,1,Month-to-month,Bank transfer,DSL,1
CUST_008753,54,37,40.67,1414.25,2,One year,Electronic check,Fiber optic,1
CUST_008754,39,5,91.3,608.26,1,One year,Bank transfer,Fiber optic,1
CUST_008755,35,15,80.06,1239.98,1,One year,Mailed check,Fiber optic,0
CUST_008756,64,22,118.6,2813.83,0,Month-to-month,Mailed check,DSL,0
CUST_008757,37,4,71.85,255.59,6,Month-to-month,Mailed check,DSL,1
CUST_008758,49,36,60.18,2005.79,1,One year,Electronic check,Fiber optic,0
CUST_008759,47,8,104.51,836.33,1,Month-to-month,Electronic check,No,1
CUST_008760,66,5,51.93,111.02,1,One year,Bank transfer,Fiber optic,0
CUST_008761,59,19,123.07,2606.02,2,Month-to-month,Credit card,Fiber optic,1
CUST_008762,25,12,51.04,675.46,2,One year,Electronic check,DSL,1
CUST_008763,27,60,66.77,4084.14,3,Month-to-month,Mailed check,DSL,0
CUST_008764,53,50,94.33,4794.5,1,Month-to-month,Electronic check,DSL,0
CUST_008765,44,15,32.55,418.91,1,One year,Mailed check,DSL,0
CUST_008766,38,10,28.64,273.21,1,One year,Electronic check,Fiber optic,0
CUST_008767,60,9,74.1,677.95,0,Month-to-month,Bank transfer,No,1
CUST_008768,47,7,45.01,509.46,0,Month-to-month,Mailed check,DSL,0
CUST_008769,45,18,29.94,423.13,1,One year,Electronic check,Fiber optic,0
CUST_008770,56,39,69.11,2622.26,1,One year,Bank transfer,DSL,0
CUST_008771,39,8,71.74,537.6,3,One year,Mailed check,No,0
CUST_008772,68,5,61.93,242.28,2,Month-to-month,Mailed check,DSL,1
CUST_008773,33,15,41.05,469.81,3,Month-to-month,Mailed check,Fiber optic,1
CUST_008774,54,1,78.47,0.0,2,Month-to-month,Credit card,DSL,0
CUST_008775,66,28,105.03,2758.25,4,Month-to-month,Electronic check,DSL,1
CUST_008776,24,17,96.05,1742.82,0,Month-to-month,Credit card,DSL,0
CUST_008777,39,16,67.38,1077.2,3,Two year,Electronic check,DSL,1
CUST_008778,62,8,37.76,385.63,1,Month-to-month,Electronic check,Fiber optic,0
CUST_008779,62,56,97.95,5426.87,4,Month-to-month,Credit card,Fiber optic,0
CUST_008780,42,2,110.04,210.25,0,Month-to-month,Bank transfer,DSL,1
CUST_008781,33,48,90.87,4523.19,2,Two year,Mailed check,DSL,0
CUST_008782,59,11,45.07,651.02,2,Two year,Mailed check,DSL,0
CUST_008783,62,51,54.81,2889.27,2,One year,Electronic check,No,0
CUST_008784,27,31,129.89,4046.91,2,Month-to-month,Electronic check,Fiber optic,1
CUST_008785,26,2,95.3,242.4,2,Month-to-month,Electronic check,DSL,1
CUST_008786,48,42,72.3,3073.53,1,Month-to-month,Electronic check,DSL,1
CUST_008787,54,27,63.04,1685.26,3,Month-to-month,Mailed check,Fiber optic,1
CUST_008788,40,0,109.52,0.0,3,One year,Mailed check,No,0
CUST_008789,55,3,39.26,230.01,2,Two year,Bank transfer,Fiber optic,0
CUST_008790,34,24,85.5,1922.53,1,Month-to-month,Electronic check,DSL,1
CUST_008791,18,26,104.35,2861.85,1,Month-to-month,Mailed check,No,0
CUST_008792,38,32,75.64,2392.9,2,Two year,Credit card,DSL,0
CUST_008793,45,30,38.99,1038.3,4,One year,Credit card,Fiber optic,1
CUST_008794,40,25,55.28,1327.35,1,Two year,Mailed check,DSL,0
CUST_008795,27,34,127.18,4236.71,4,Two year,Electronic check,No,1
CUST_008796,18,20,82.31,1588.67,0,Month-to-month,Electronic check,DSL,1
CUST_008797,37,7,105.04,675.91,2,One year,Mailed check,DSL,1
CUST_008798,58,58,104.57,6001.61,3,One year,Bank transfer,DSL,0
CUST_008799,63,0,114.36,0.0,0,One year,Credit card,Fiber optic,0
CUST_008800,62,10,115.91,1152.66,2,Month-to-month,Bank transfer,No,1
CUST_008801,32,31,83.79,2673.84,1,Two year,Mailed check,Fiber optic,0
CUST_008802,27,13,58.33,733.76,3,One year,Mailed check,DSL,1
CUST_008803,52,0,80.17,32.6,5,Month-to-month,Electronic check,No,1
CUST_008804,54,1,87.99,88.74,4,Month-to-month,Electronic check,Fiber optic,1
CUST_008805,51,25,82.34,2112.45,1,Month-to-month,Mailed check,DSL,0
CUST_008806,18,80,142.23,11382.93,2,Two year,Electronic check,No,0
CUST_008807,31,19,47.83,844.14,0,Month-to-month,Electronic check,DSL,0
CUST_008808,44,16,61.44,891.24,0,Month-to-month,Credit card,Fiber optic,0
CUST_008809,52,9,93.14,859.26,1,Month-to-month,Bank transfer,Fiber optic,1
CUST_008810,56,7,48.17,464.52,3,One year,Mailed check,Fiber optic,0
CUST_008811,47,0,63.98,0.0,4,Month-to-month,Credit card,No,1
CUST_008812,49,7,119.87,769.03,2,Month-to-month,Electronic check,DSL,1
CUST_008813,46,14,89.59,1228.61,2,Two year,Mailed check,Fiber optic,0
CUST_008814,55,5,117.41,530.89,1,Month-to-month,Electronic check,Fiber optic,0
CUST_008815,49,2,93.24,119.79,1,Month-to-month,Credit card,DSL,1
CUST_008816,45,30,107.47,3079.64,1,Month-to-month,Credit card,Fiber optic,0
CUST_008817,40,54,106.19,5709.59,3,Month-to-month,Mailed check,Fiber optic,1
CUST_008818,46,66,67.22,4460.15,4,Month-to-month,Mailed check,Fiber optic,1
CUST_008819,52,23,83.47,1811.65,3,One year,Credit card,DSL,0
CUST_008820,49,1,45.77,0.0,1,Month-to-month,Electronic check,DSL,0
CUST_008821,50,32,135.87,4252.95,0,One year,Mailed check,No,0
CUST_008822,65,2,47.7,0.0,2,Month-to-month,Bank transfer,DSL,0
CUST_008823,48,26,56.07,1362.22,3,Month-to-month,Bank transfer,Fiber optic,1
CUST_008824,35,36,100.39,3594.19,1,Two year,Mailed check,DSL,0
CUST_008825,58,31,86.59,2550.24,2,Month-to-month,Credit card,DSL,1
CUST_008826,24,72,58.14,4171.99,5,Two year,Electronic check,DSL,1
CUST_008827,28,32,48.95,1496.16,2,One year,Mailed check,DSL,0
CUST_008828,50,28,115.1,3130.02,1,One year,Bank transfer,No,0
CUST_008829,52,7,71.87,540.81,3,One year,Electronic check,DSL,0
CUST_008830,26,62,65.6,4003.28,4,Month-to-month,Credit card,No,0
CUST_008831,39,4,68.52,227.1,0,Month-to-month,Bank transfer,Fiber optic,0
CUST_008832,35,56,73.31,4235.44,4,Month-to-month,Mailed check,DSL,0
CUST_008833,37,8,46.36,278.87,2,One year,Bank transfer,Fiber optic,0
CUST_008834,59,3,117.27,508.41,2,One year,Credit card,No,0
CUST_008835,55,42,77.2,3207.72,1,Two year,Credit card,Fiber optic,0
CUST_008836,44,0,24.64,0.0,1,Two year,Electronic check,Fiber optic,0
CUST_008837,36,42,138.03,5741.98,1,Two year,Credit card,Fiber optic,0
CUST_008838,24,7,102.98,727.77,2,Month-to-month,Electronic check,Fiber optic,1
CUST_008839,66,51,70.94,3743.46,1,Month-to-month,Electronic check,No,0
CUST_008840,53,28,74.89,2176.78,5,Month-to-month,Bank transfer,Fiber optic,0
CUST_008841,34,26,119.23,3106.34,0,One year,Mailed check,Fiber optic,1
CUST_008842,55,10,60.74,733.41,1,Month-to-month,Mailed check,No,0
CUST_008843,43,1,77.24,0.0,4,Month-to-month,Electronic check,Fiber optic,1
CUST_008844,40,42,94.49,3993.34,2,One year,Mailed check,Fiber optic,0
CUST_008845,51,4,62.13,279.51,3,Month-to-month,Electronic check,Fiber optic,0
CUST_008846,33,11,89.45,1016.17,2,One year,Mailed check,DSL,1
CUST_008847,39,22,78.33,1562.22,2,One year,Mailed check,DSL,0
CUST_008848,46,15,29.62,342.65,3,Month-to-month,Electronic check,Fiber optic,1
CUST_008849,37,5,103.94,503.04,1,Two year,Mailed check,DSL,1
CUST_008850,55,3,32.82,209.93,2,One year,Bank transfer,Fiber optic,0
CUST_008851,73,3,67.91,395.25,1,Month-to-month,Bank transfer,No,0
CUST_008852,33,47,101.49,4703.59,3,Month-to-month,Mailed check,DSL,1
CUST_008853,20,0,90.55,0.0,1,Two year,Electronic check,Fiber optic,1
CUST_008854,18,90,106.08,9628.74,1,Two year,Electronic check,DSL,0
CUST_008855,42,5,96.05,741.71,2,Month-to-month,Mailed check,DSL,1
CUST_008856,35,2,34.14,178.96,2,Two year,Mailed check,DSL,0
CUST_008857,48,20,95.34,1832.03,1,One year,Electronic check,Fiber optic,1
CUST_008858,46,2,103.63,493.38,3,Month-to-month,Mailed check,DSL,1
CUST_008859,20,22,119.94,2707.46,4,One year,Mailed check,Fiber optic,1
CUST_008860,18,45,100.46,4441.45,4,Month-to-month,Electronic check,Fiber optic,1
CUST_008861,49,1,51.79,245.22,4,Month-to-month,Mailed check,No,0
CUST_008862,47,38,55.34,2015.76,1,Month-to-month,Bank transfer,Fiber optic,0
CUST_008863,38,12,60.56,664.56,2,One year,Mailed check,No,0
CUST_008864,20,4,76.0,376.65,1,One year,Mailed check,No,1
CUST_008865,52,4,41.63,164.04,3,One year,Bank transfer,No,0
CUST_008866,64,60,145.25,8718.79,3,Month-to-month,Electronic check,Fiber optic,0
CUST_008867,49,2,110.71,225.3,2,One year,Credit card,DSL,0
CUST_008868,32,48,47.3,2381.64,0,Month-to-month,Electronic check,Fiber optic,1
CUST_008869,45,18,85.2,1301.09,2,Two year,Bank transfer,DSL,0
CUST_008870,24,0,98.93,28.45,4,Month-to-month,Electronic check,No,1
CUST_008871,60,14,51.54,692.53,0,Month-to-month,Bank transfer,DSL,0
CUST_008872,46,40,92.39,3620.34,1,One year,Electronic check,Fiber optic,0
CUST_008873,18,31,76.1,2283.56,4,One year,Bank transfer,Fiber optic,0
CUST_008874,40,16,47.65,498.76,1,Month-to-month,Electronic check,Fiber optic,0
CUST_008875,51,47,104.97,4853.92,2,Month-to-month,Electronic check,DSL,1
CUST_008876,40,3,120.87,491.65,1,Two year,Mailed check,No,0
CUST_008877,40,57,85.03,4929.84,3,Month-to-month,Bank transfer,Fiber optic,0
CUST_008878,26,44,97.24,4259.33,3,Month-to-month,Electronic check,DSL,1
CUST_008879,53,29,67.29,1810.15,1,One year,Electronic check,No,0
CUST_008880,35,40,127.69,5189.98,3,Month-to-month,Electronic check,Fiber optic,0
CUST_008881,18,18,115.46,2209.27,0,Month-to-month,Bank transfer,DSL,1
CUST_008882,39,26,50.88,1426.23,2,Month-to-month,Credit card,Fiber optic,0
CUST_008883,59,19,119.49,2173.53,0,Two year,Electronic check,DSL,1
CUST_008884,39,10,40.15,315.02,2,Month-to-month,Mailed check,Fiber optic,1
CUST_008885,71,20,39.54,956.47,1,One year,Mailed check,DSL,0
CUST_008886,51,7,88.79,500.63,2,Month-to-month,Electronic check,No,1
CUST_008887,50,13,65.09,894.0,1,One year,Bank transfer,Fiber optic,0
CUST_008888,43,7,76.57,358.24,2,One year,Mailed check,DSL,0
CUST_008889,43,3,86.76,230.24,0,Month-to-month,Mailed check,Fiber optic,0
CUST_008890,41,9,29.78,326.57,3,Month-to-month,Electronic check,No,1
CUST_008891,40,45,71.8,3227.79,1,One year,Electronic check,No,0
CUST_008892,52,11,71.59,839.89,2,Two year,Credit card,DSL,0
CUST_008893,30,33,63.16,1961.62,3,Month-to-month,Credit card,DSL,0
CUST_008894,28,4,26.9,25.59,3,One year,Electronic check,No,0
CUST_008895,28,13,35.17,505.36,0,Two year,Mailed check,DSL,0
CUST_008896,75,2,101.17,272.04,3,Month-to-month,Electronic check,DSL,1
CUST_008897,52,3,112.64,359.9,1,Two year,Bank transfer,Fiber optic,0
CUST_008898,49,23,46.72,1169.34,4,One year,Electronic check,DSL,0
CUST_008899,29,22,55.93,1064.66,0,Month-to-month,Mailed check,DSL,0
CUST_008900,54,5,87.72,392.0,0,Month-to-month,Bank transfer,Fiber optic,1
CUST_008901,43,15,122.93,2026.18,1,Month-to-month,Electronic check,Fiber optic,0
CUST_008902,48,47,73.46,3580.92,5,Month-to-month,Mailed check,No,1
CUST_008903,30,4,107.52,493.45,2,One year,Credit card,Fiber optic,1
CUST_008904,47,0,70.6,0.0,3,Month-to-month,Electronic check,Fiber optic,1
CUST_008905,38,25,128.16,3307.38,1,Month-to-month,Bank transfer,DSL,0
CUST_008906,33,1,34.13,77.04,2,Two year,Electronic check,DSL,0
CUST_008907,56,93,163.87,15087.91,1,Month-to-month,Electronic check,DSL,1
CUST_008908,21,22,75.1,1751.73,5,Two year,Mailed check,DSL,0
CUST_008909,53,15,122.79,1755.3,2,One year,Credit card,No,1
CUST_008910,55,13,72.37,1016.77,3,Month-to-month,Electronic check,DSL,1
CUST_008911,31,20,83.01,1498.57,1,One year,Credit card,Fiber optic,0
CUST_008912,32,2,101.48,362.86,1,Month-to-month,Electronic check,No,1
CUST_008913,41,63,123.76,7769.57,2,One year,Credit card,DSL,1
CUST_008914,49,23,93.46,2038.65,1,Two year,Electronic check,No,1
CUST_008915,42,4,63.7,185.94,3,Month-to-month,Electronic check,No,0
CUST_008916,51,19,108.74,2032.45,1,Month-to-month,Credit card,Fiber optic,1
CUST_008917,71,3,116.32,348.39,0,Month-to-month,Electronic check,Fiber optic,0
CUST_008918,37,0,20.98,131.81,1,Two year,Electronic check,DSL,0
CUST_008919,19,23,90.28,2083.56,2,Two year,Credit card,No,0
CUST_008920,57,25,119.1,2760.36,1,Month-to-month,Credit card,Fiber optic,0
CUST_008921,70,21,95.81,1889.06,1,Month-to-month,Bank transfer,Fiber optic,0
CUST_008922,50,4,102.08,684.09,0,Month-to-month,Credit card,Fiber optic,0
CUST_008923,28,22,120.51,2664.67,3,Month-to-month,Electronic check,Fiber optic,1
CUST_008924,43,1,95.6,190.67,3,Month-to-month,Bank transfer,DSL,1
CUST_008925,28,22,102.7,2228.6,1,Month-to-month,Bank transfer,Fiber optic,1
CUST_008926,54,19,125.97,2293.06,1,Month-to-month,Credit card,DSL,0
CUST_008927,24,25,118.87,2923.58,4,One year,Credit card,Fiber optic,1
CUST_008928,40,54,128.54,6953.87,3,Month-to-month,Electronic check,Fiber optic,1
CUST_008929,29,45,51.14,2255.29,0,Month-to-month,Electronic check,DSL,1
CUST_008930,46,94,90.9,8736.73,1,Month-to-month,Bank transfer,DSL,0
CUST_008931,39,89,120.18,10634.0,2,Month-to-month,Credit card,Fiber optic,0
CUST_008932,47,35,108.46,3690.48,1,Month-to-month,Electronic check,Fiber optic,1
CUST_008933,45,75,87.82,6667.49,2,Month-to-month,Electronic check,DSL,0
CUST_008934,30,48,53.33,2653.18,1,Month-to-month,Electronic check,Fiber optic,0
CUST_008935,54,31,66.61,2067.91,6,Two year,Mailed check,DSL,0
CUST_008936,44,1,97.6,37.39,3,Month-to-month,Electronic check,DSL,1
CUST_008937,30,1,108.24,0.0,2,Month-to-month,Electronic check,DSL,1
CUST_008938,78,43,132.79,5832.06,0,One year,Mailed check,Fiber optic,0
CUST_008939,52,16,65.89,1141.04,1,Month-to-month,Bank transfer,DSL,0
CUST_008940,42,40,77.25,3046.17,1,Two year,Bank transfer,DSL,0
CUST_008941,66,9,65.17,592.49,1,Two year,Mailed check,Fiber optic,0
CUST_008942,72,12,63.58,740.3,1,Two year,Mailed check,Fiber optic,0
CUST_008943,42,28,100.62,2980.22,3,Month-to-month,Electronic check,DSL,1
CUST_008944,50,59,85.33,4930.82,5,Month-to-month,Electronic check,No,0
CUST_008945,30,2,23.03,0.0,3,One year,Bank transfer,DSL,1
CUST_008946,42,47,87.4,4036.24,1,Month-to-month,Mailed check,DSL,0
CUST_008947,42,37,60.92,2284.88,1,Month-to-month,Electronic check,No,0
CUST_008948,47,9,27.38,252.04,1,Month-to-month,Electronic check,Fiber optic,1
CUST_008949,49,10,72.08,740.85,1,One year,Electronic check,Fiber optic,0
CUST_008950,53,1,41.1,0.0,1,Two year,Bank transfer,No,0
CUST_008951,48,0,65.27,148.49,1,One year,Credit card,Fiber optic,0
CUST_008952,26,15,55.27,783.72,5,One year,Mailed check,No,0
CUST_008953,30,2,81.37,281.5,2,One year,Bank transfer,DSL,0
CUST_008954,36,5,121.59,921.85,0,One year,Electronic check,Fiber optic,1
CUST_008955,40,45,97.22,4287.71,1,Two year,Credit card,Fiber optic,0
CUST_008956,60,20,94.69,1928.03,4,Month-to-month,Credit card,DSL,0
CUST_008957,27,24,123.93,2961.1,1,Two year,Electronic check,No,1
CUST_008958,39,4,59.4,440.69,2,Month-to-month,Bank transfer,No,1
CUST_008959,59,42,57.65,2393.44,1,Month-to-month,Mailed check,No,0
CUST_008960,40,48,72.28,3494.3,3,One year,Bank transfer,DSL,1
CUST_008961,51,17,68.78,1191.94,3,Month-to-month,Mailed check,DSL,1
CUST_008962,42,58,113.5,6573.06,9,Month-to-month,Electronic check,DSL,0
CUST_008963,48,44,42.46,1943.73,4,Two year,Bank transfer,No,0
CUST_008964,41,31,120.84,3755.33,1,Month-to-month,Electronic check,Fiber optic,1
CUST_008965,55,31,43.11,1384.58,5,Two year,Mailed check,DSL,0
CUST_008966,21,2,111.07,243.49,2,One year,Credit card,No,0
CUST_008967,39,7,118.44,768.65,3,Two year,Mailed check,Fiber optic,1
CUST_008968,49,1,119.51,92.61,2,Two year,Bank transfer,Fiber optic,0
CUST_008969,53,0,100.95,55.54,5,One year,Electronic check,Fiber optic,1
CUST_008970,67,4,36.19,199.88,6,One year,Bank transfer,Fiber optic,0
CUST_008971,39,50,115.62,5905.34,2,Two year,Mailed check,DSL,0
CUST_008972,67,6,43.33,445.92,5,One year,Mailed check,No,1
CUST_008973,35,84,151.71,12691.77,2,Month-to-month,Credit card,No,0
CUST_008974,64,21,62.16,1318.86,0,Two year,Credit card,DSL,0
CUST_008975,57,6,55.68,314.74,1,Month-to-month,Electronic check,DSL,1
CUST_008976,31,16,119.77,1805.51,2,Month-to-month,Credit card,No,1
CUST_008977,49,5,23.82,175.57,2,One year,Electronic check,No,0
CUST_008978,44,99,88.9,8878.55,1,Month-to-month,Electronic check,Fiber optic,0
CUST_008979,54,45,84.69,3703.5,2,Month-to-month,Mailed check,DSL,0
CUST_008980,41,0,90.07,0.0,0,One year,Bank transfer,Fiber optic,0
CUST_008981,40,70,119.76,8335.75,1,Month-to-month,Electronic check,Fiber optic,0
CUST_008982,65,30,101.94,2907.39,1,One year,Electronic check,Fiber optic,0
CUST_008983,43,2,109.0,214.37,3,One year,Bank transfer,Fiber optic,1
CUST_008984,57,26,45.1,1058.15,2,Month-to-month,Credit card,DSL,0
CUST_008985,41,24,84.22,2037.09,1,Two year,Bank transfer,DSL,0
CUST_008986,69,5,95.05,502.15,3,Two year,Credit card,Fiber optic,0
CUST_008987,34,34,100.61,3460.1,2,One year,Bank transfer,DSL,1
CUST_008988,35,2,65.83,175.8,4,One year,Electronic check,No,0
CUST_008989,67,16,29.71,628.48,0,Two year,Electronic check,DSL,0
CUST_008990,38,0,26.05,0.0,4,Month-to-month,Bank transfer,DSL,1
CUST_008991,69,83,73.39,6015.86,2,One year,Bank transfer,DSL,0
CUST_008992,58,33,70.82,2402.67,2,One year,Bank transfer,DSL,1
CUST_008993,42,4,33.77,121.86,2,Month-to-month,Bank transfer,DSL,1
CUST_008994,18,10,67.61,788.61,3,Two year,Mailed check,Fiber optic,0
CUST_008995,44,4,39.86,215.63,1,Month-to-month,Credit card,No,0
CUST_008996,46,34,114.92,4098.98,2,Month-to-month,Bank transfer,No,1
CUST_008997,62,1,107.65,98.52,1,Two year,Electronic check,Fiber optic,0
CUST_008998,68,44,80.96,3414.25,1,Two year,Bank transfer,Fiber optic,0
CUST_008999,34,68,105.13,7183.12,1,One year,Mailed check,Fiber optic,0
CUST_009000,57,27,128.85,3471.77,1,One year,Electronic check,DSL,0
CUST_009001,56,5,76.05,433.7,1,One year,Mailed check,Fiber optic,0
CUST_009002,61,10,124.51,1311.33,0,Month-to-month,Mailed check,DSL,0
CUST_009003,52,15,41.71,572.24,0,Month-to-month,Mailed check,DSL,1
CUST_009004,18,22,117.22,2478.0,0,One year,Mailed check,DSL,1
CUST_009005,42,26,82.72,2136.13,0,Month-to-month,Bank transfer,No,0
CUST_009006,27,19,31.77,365.54,5,Two year,Bank transfer,DSL,1
CUST_009007,41,10,122.22,1230.29,2,Month-to-month,Bank transfer,Fiber optic,0
CUST_009008,59,53,143.0,7538.51,1,Two year,Bank transfer,DSL,0
CUST_009009,49,2,59.33,204.82,1,Month-to-month,Bank transfer,Fiber optic,0
CUST_009010,62,15,122.91,1645.13,1,Month-to-month,Mailed check,Fiber optic,0
CUST_009011,50,35,51.6,1806.67,2,Month-to-month,Electronic check,DSL,1
CUST_009012,25,1,88.51,246.13,3,One year,Mailed check,Fiber optic,1
CUST_009013,18,29,53.69,1624.63,1,One year,Electronic check,Fiber optic,1
CUST_009014,47,41,65.16,2769.82,2,Two year,Mailed check,Fiber optic,0
CUST_009015,41,25,110.43,2794.82,3,Month-to-month,Credit card,Fiber optic,1
CUST_009016,30,0,57.74,0.0,2,One year,Bank transfer,DSL,1
CUST_009017,19,4,22.71,107.5,1,One year,Mailed check,Fiber optic,0
CUST_009018,33,10,66.42,705.09,6,Month-to-month,Bank transfer,Fiber optic,0
CUST_009019,42,6,45.81,167.02,2,Two year,Bank transfer,Fiber optic,0
CUST_009020,54,78,127.33,9919.32,2,Month-to-month,Mailed check,Fiber optic,0
CUST_009021,47,25,51.94,1008.51,1,One year,Credit card,No,0
CUST_009022,69,8,108.23,832.39,3,One year,Electronic check,No,1
CUST_009023,29,63,78.21,4883.55,3,Month-to-month,Bank transfer,DSL,0
CUST_009024,58,32,75.3,2549.91,3,Month-to-month,Electronic check,Fiber optic,1
CUST_009025,45,8,53.8,370.11,0,One year,Electronic check,Fiber optic,0
CUST_009026,55,11,89.89,962.18,0,Month-to-month,Credit card,Fiber optic,0
CUST_009027,38,5,32.62,155.16,1,Month-to-month,Mailed check,No,1
CUST_009028,61,85,110.31,9317.31,3,Month-to-month,Bank transfer,Fiber optic,0
CUST_009029,49,17,61.95,1125.05,3,One year,Credit card,Fiber optic,0
CUST_009030,34,54,135.41,7113.11,2,One year,Credit card,Fiber optic,0
CUST_009031,44,10,32.34,437.07,2,Month-to-month,Electronic check,No,0
CUST_009032,41,47,126.47,5942.88,0,Month-to-month,Bank transfer,Fiber optic,0
CUST_009033,52,1,37.27,167.43,2,One year,Bank transfer,DSL,0
CUST_009034,27,96,76.86,7103.62,2,One year,Bank transfer,No,0
CUST_009035,44,58,69.23,3771.85,4,Two year,Electronic check,No,1
CUST_009036,50,10,35.27,323.46,4,Month-to-month,Bank transfer,Fiber optic,1
CUST_009037,45,35,89.6,3186.54,3,Two year,Electronic check,Fiber optic,0
CUST_009038,65,33,135.32,4410.12,1,Month-to-month,Electronic check,DSL,1
CUST_009039,56,55,50.93,2859.69,1,Month-to-month,Bank transfer,DSL,0
CUST_009040,44,8,70.11,659.03,0,One year,Electronic check,DSL,1
CUST_009041,48,15,66.11,1058.21,2,Two year,Mailed check,Fiber optic,0
CUST_009042,49,48,77.96,3752.44,4,Month-to-month,Electronic check,Fiber optic,1
CUST_009043,51,36,71.19,2572.27,1,Two year,Bank transfer,Fiber optic,0
CUST_009044,18,11,115.0,1203.53,1,Month-to-month,Credit card,Fiber optic,0
CUST_009045,40,44,43.9,1925.96,1,Month-to-month,Bank transfer,DSL,0
CUST_009046,22,1,97.99,0.0,5,Month-to-month,Mailed check,No,1
CUST_009047,64,36,63.29,2200.09,0,One year,Electronic check,DSL,0
CUST_009048,44,5,60.83,355.58,0,Month-to-month,Bank transfer,DSL,0
CUST_009049,42,8,66.01,481.83,1,Month-to-month,Credit card,Fiber optic,1
CUST_009050,58,16,58.47,861.81,3,Month-to-month,Mailed check,No,1
CUST_009051,51,14,36.36,553.91,5,One year,Electronic check,No,0
CUST_009052,28,17,39.93,716.85,2,Month-to-month,Electronic check,Fiber optic,0
CUST_009053,43,18,58.81,1037.11,1,Month-to-month,Mailed check,Fiber optic,1
CUST_009054,39,9,106.68,945.23,1,Month-to-month,Mailed check,No,1
CUST_009055,18,4,35.46,183.45,1,Month-to-month,Electronic check,DSL,1
CUST_009056,34,35,111.76,4008.64,3,One year,Mailed check,DSL,0
CUST_009057,42,12,54.89,678.75,2,Month-to-month,Credit card,Fiber optic,0
CUST_009058,43,16,116.35,1742.34,1,One year,Electronic check,No,1
CUST_009059,22,24,74.83,1773.85,1,Month-to-month,Bank transfer,DSL,0
CUST_009060,62,57,65.67,3702.61,1,One year,Mailed check,Fiber optic,0
CUST_009061,43,29,133.08,3754.15,2,One year,Bank transfer,DSL,1
CUST_009062,45,1,38.16,87.96,0,Month-to-month,Credit card,No,1
CUST_009063,51,43,98.26,4282.75,2,Month-to-month,Mailed check,No,1
CUST_009064,33,109,131.43,14398.34,1,Month-to-month,Electronic check,No,0
CUST_009065,51,15,64.78,872.63,0,Month-to-month,Bank transfer,No,1
CUST_009066,39,83,156.65,13017.6,3,Month-to-month,Electronic check,No,1
CUST_009067,31,19,113.89,2163.23,1,Month-to-month,Credit card,DSL,1
CUST_009068,53,14,109.98,1570.49,1,One year,Electronic check,Fiber optic,0
CUST_009069,67,9,121.92,1110.21,2,Month-to-month,Electronic check,DSL,0
CUST_009070,55,25,78.21,1954.02,2,Month-to-month,Credit card,DSL,0
CUST_009071,58,6,32.72,183.04,1,Month-to-month,Credit card,DSL,1
CUST_009072,37,2,97.55,305.78,1,Two year,Electronic check,No,0
CUST_009073,21,0,58.08,0.0,7,Month-to-month,Bank transfer,Fiber optic,1
CUST_009074,67,8,43.03,326.96,2,Month-to-month,Electronic check,Fiber optic,1
CUST_009075,75,12,74.32,1000.03,2,One year,Electronic check,Fiber optic,0
CUST_009076,68,19,122.07,2238.26,0,Month-to-month,Electronic check,DSL,1
CUST_009077,39,8,41.14,253.08,2,Two year,Electronic check,DSL,0
CUST_009078,27,99,154.37,15356.01,3,Two year,Mailed check,Fiber optic,0
CUST_009079,29,8,65.82,384.17,1,Month-to-month,Mailed check,DSL,0
CUST_009080,19,13,40.18,588.41,3,Two year,Mailed check,Fiber optic,0
CUST_009081,43,2,105.84,162.71,2,One year,Bank transfer,Fiber optic,0
CUST_009082,69,7,120.46,884.23,0,Month-to-month,Mailed check,DSL,1
CUST_009083,42,1,49.63,0.0,1,Two year,Electronic check,No,0
CUST_009084,49,19,59.85,1255.73,1,Two year,Electronic check,Fiber optic,0
CUST_009085,65,33,75.55,2371.58,3,Month-to-month,Bank transfer,No,1
CUST_009086,38,5,103.91,592.06,0,One year,Electronic check,Fiber optic,0
CUST_009087,75,11,26.54,174.41,3,Two year,Electronic check,Fiber optic,0
CUST_009088,74,0,42.4,180.83,0,One year,Bank transfer,No,0
CUST_009089,43,43,112.09,4812.73,1,Month-to-month,Mailed check,Fiber optic,0
CUST_009090,36,36,78.56,3023.39,2,Month-to-month,Electronic check,Fiber optic,1
CUST_009091,55,1,53.53,0.0,3,Two year,Bank transfer,Fiber optic,0
CUST_009092,39,10,112.23,1078.02,0,One year,Bank transfer,DSL,1
CUST_009093,27,74,148.73,11127.34,4,One year,Credit card,Fiber optic,0
CUST_009094,64,11,120.3,1180.67,0,Two year,Mailed check,DSL,0
CUST_009095,63,17,55.76,877.91,3,Month-to-month,Electronic check,Fiber optic,1
CUST_009096,47,10,116.25,1212.02,0,Month-to-month,Mailed check,Fiber optic,1
CUST_009097,26,21,104.2,2086.25,1,One year,Electronic check,Fiber optic,1
CUST_009098,26,91,80.92,7416.04,1,Month-to-month,Credit card,Fiber optic,0
CUST_009099,46,120,141.03,16940.28,1,One year,Electronic check,DSL,0
CUST_009100,37,35,40.13,1253.31,1,Two year,Credit card,DSL,0
CUST_009101,39,12,96.84,1258.83,0,Month-to-month,Credit card,Fiber optic,1
CUST_009102,60,16,101.36,1495.46,4,Two year,Bank transfer,No,0
CUST_009103,55,10,103.93,1116.47,2,Two year,Electronic check,DSL,0
CUST_009104,65,101,87.75,8875.85,3,Two year,Mailed check,DSL,0
CUST_009105,30,29,97.32,2776.92,2,One year,Mailed check,No,0
CUST_009106,39,14,44.89,517.86,2,Two year,Bank transfer,DSL,0
CUST_009107,56,0,114.67,32.93,4,One year,Electronic check,DSL,1
CUST_009108,51,17,96.0,1544.77,1,Two year,Mailed check,DSL,0
CUST_009109,67,99,79.03,7945.02,5,Month-to-month,Mailed check,DSL,1
CUST_009110,51,17,47.2,926.9,3,Month-to-month,Electronic check,Fiber optic,1
CUST_009111,72,4,88.35,517.59,2,Month-to-month,Bank transfer,DSL,0
CUST_009112,53,0,67.67,28.09,2,Month-to-month,Electronic check,Fiber optic,0
CUST_009113,60,10,98.63,945.87,3,One year,Mailed check,Fiber optic,0
CUST_009114,40,60,78.08,4655.04,2,Month-to-month,Electronic check,DSL,1
CUST_009115,45,120,145.79,17458.0,1,One year,Electronic check,Fiber optic,0
CUST_009116,58,69,72.2,5006.33,1,Two year,Mailed check,DSL,0
CUST_009117,69,31,89.87,2829.66,2,Month-to-month,Mailed check,No,1
CUST_009118,55,19,125.28,2503.48,7,Two year,Electronic check,DSL,1
CUST_009119,43,21,93.32,1961.78,2,Month-to-month,Mailed check,Fiber optic,0
CUST_009120,65,18,34.0,471.67,3,One year,Mailed check,Fiber optic,0
CUST_009121,18,29,133.38,3827.17,4,Month-to-month,Electronic check,DSL,1
CUST_009122,23,13,42.19,704.01,1,Month-to-month,Mailed check,Fiber optic,0
CUST_009123,55,26,104.81,2569.32,0,One year,Electronic check,No,0
CUST_009124,45,3,74.75,298.17,2,One year,Credit card,DSL,0
CUST_009125,54,7,52.94,331.5,3,One year,Electronic check,Fiber optic,0
CUST_009126,45,43,59.23,2458.59,4,Two year,Bank transfer,DSL,0
CUST_009127,53,56,65.77,3722.69,0,Month-to-month,Mailed check,DSL,0
CUST_009128,32,18,114.84,2223.21,0,Month-to-month,Bank transfer,Fiber optic,1
CUST_009129,53,0,107.29,34.04,1,One year,Credit card,Fiber optic,0
CUST_009130,59,62,97.51,6019.65,3,Month-to-month,Bank transfer,Fiber optic,1
CUST_009131,63,29,44.86,1171.4,4,One year,Electronic check,Fiber optic,0
CUST_009132,75,12,114.42,1363.11,3,Two year,Credit card,Fiber optic,0
CUST_009133,48,21,79.2,1530.02,3,One year,Electronic check,Fiber optic,0
CUST_009134,49,13,70.38,883.9,1,One year,Electronic check,DSL,1
CUST_009135,22,15,68.24,1017.23,2,One year,Mailed check,DSL,0
CUST_009136,37,52,82.5,4054.02,3,Month-to-month,Credit card,DSL,0
CUST_009137,42,4,74.6,437.23,2,One year,Bank transfer,DSL,0
CUST_009138,60,2,81.45,39.06,1,Month-to-month,Credit card,DSL,0
CUST_009139,35,0,66.64,0.0,0,Month-to-month,Credit card,Fiber optic,1
CUST_009140,56,9,114.16,1080.87,2,One year,Bank transfer,DSL,1
CUST_009141,44,3,53.27,290.65,1,Two year,Mailed check,DSL,0
CUST_009142,42,5,80.33,322.44,3,Month-to-month,Mailed check,Fiber optic,0
CUST_009143,48,0,50.0,0.0,0,One year,Electronic check,DSL,0
CUST_009144,39,6,98.34,697.88,1,One year,Mailed check,Fiber optic,0
CUST_009145,38,9,34.71,187.46,1,Two year,Electronic check,DSL,1
CUST_009146,19,0,38.87,35.94,2,Month-to-month,Electronic check,DSL,0
CUST_009147,41,22,111.12,2486.8,3,Two year,Mailed check,DSL,0
CUST_009148,37,20,48.32,641.19,1,Two year,Credit card,DSL,0
CUST_009149,37,2,83.57,5.67,2,Month-to-month,Mailed check,Fiber optic,1
CUST_009150,51,21,127.52,2631.93,2,Month-to-month,Electronic check,Fiber optic,1
CUST_009151,54,120,132.29,15616.27,4,Month-to-month,Bank transfer,Fiber optic,0
CUST_009152,48,69,73.24,4919.73,1,Month-to-month,Credit card,DSL,1
CUST_009153,59,0,52.07,12.29,1,Month-to-month,Bank transfer,DSL,0
CUST_009154,53,38,121.35,4602.29,6,Two year,Electronic check,Fiber optic,1
CUST_009155,40,10,60.17,631.93,2,Month-to-month,Electronic check,Fiber optic,1
CUST_009156,38,1,92.85,137.77,3,Month-to-month,Bank transfer,No,1
CUST_009157,49,8,101.74,645.7,2,Two year,Electronic check,DSL,0
CUST_009158,53,9,74.62,543.08,4,One year,Bank transfer,DSL,0
CUST_009159,65,17,106.82,1892.1,3,Month-to-month,Electronic check,Fiber optic,1
CUST_009160,62,25,64.19,1757.19,1,Month-to-month,Mailed check,DSL,1
CUST_009161,36,33,88.12,2811.09,4,One year,Bank transfer,Fiber optic,0
CUST_009162,43,6,91.66,575.83,2,Month-to-month,Bank transfer,Fiber optic,1
CUST_009163,55,9,41.31,452.47,3,Month-to-month,Bank transfer,Fiber optic,1
CUST_009164,61,8,51.36,434.65,1,Month-to-month,Bank transfer,DSL,0
CUST_009165,59,10,90.2,877.16,3,Month-to-month,Electronic check,Fiber optic,1
CUST_009166,44,120,145.54,17400.26,4,Month-to-month,Credit card,DSL,0
CUST_009167,26,36,87.33,3342.42,3,Month-to-month,Bank transfer,Fiber optic,0
CUST_009168,30,88,143.56,12642.77,2,Month-to-month,Electronic check,Fiber optic,1
CUST_009169,49,28,82.21,2340.65,3,One year,Bank transfer,Fiber optic,0
CUST_009170,50,12,114.13,1402.02,0,One year,Mailed check,No,0
CUST_009171,28,11,99.09,1008.75,2,One year,Mailed check,DSL,1
CUST_009172,45,16,59.47,956.59,1,One year,Bank transfer,Fiber optic,1
CUST_009173,54,12,65.53,754.08,1,One year,Electronic check,DSL,1
CUST_009174,27,42,107.77,4492.27,2,One year,Credit card,DSL,0
CUST_009175,61,15,116.95,1785.87,3,One year,Mailed check,DSL,0
CUST_009176,39,8,41.87,243.4,4,Month-to-month,Mailed check,Fiber optic,1
CUST_009177,63,35,88.97,2993.34,5,Two year,Mailed check,No,1
CUST_009178,36,46,54.88,2574.68,1,One year,Bank transfer,No,0
CUST_009179,29,13,54.45,654.63,1,Two year,Bank transfer,DSL,0
CUST_009180,38,26,101.6,2607.05,5,Month-to-month,Electronic check,Fiber optic,1
CUST_009181,43,1,28.27,0.0,7,Month-to-month,Mailed check,DSL,1
CUST_009182,39,18,95.24,1810.55,2,Two year,Electronic check,DSL,0
CUST_009183,41,1,110.58,162.98,2,One year,Bank transfer,Fiber optic,0
CUST_009184,50,0,116.94,70.81,4,One year,Bank transfer,DSL,1
CUST_009185,42,22,52.66,1197.32,3,One year,Bank transfer,Fiber optic,1
CUST_009186,44,8,98.89,639.52,0,Month-to-month,Bank transfer,No,0
CUST_009187,19,32,128.64,4139.29,2,One year,Electronic check,Fiber optic,1
CUST_009188,50,54,56.14,2970.48,1,Month-to-month,Electronic check,Fiber optic,1
CUST_009189,43,3,62.9,92.42,2,Two year,Mailed check,DSL,0
CUST_009190,69,30,126.94,3858.23,0,Month-to-month,Electronic check,DSL,1
CUST_009191,30,17,48.78,995.09,2,Month-to-month,Mailed check,Fiber optic,1
CUST_009192,18,2,114.38,378.09,3,Two year,Credit card,DSL,0
CUST_009193,54,25,85.22,2192.69,2,Two year,Bank transfer,Fiber optic,0
CUST_009194,50,22,40.99,898.74,4,One year,Electronic check,No,0
CUST_009195,29,17,73.49,1227.74,3,One year,Mailed check,Fiber optic,1
CUST_009196,22,62,83.63,5094.37,3,Two year,Electronic check,DSL,0
CUST_009197,68,17,56.72,937.27,1,One year,Electronic check,DSL,0
CUST_009198,66,111,129.65,14481.73,1,One year,Mailed check,Fiber optic,0
CUST_009199,18,17,76.86,1488.92,1,Month-to-month,Bank transfer,DSL,1
CUST_009200,38,2,69.2,56.75,0,One year,Credit card,No,0
CUST_009201,69,15,36.31,345.21,4,Two year,Mailed check,DSL,0
CUST_009202,37,4,102.23,355.84,7,Month-to-month,Electronic check,No,1
CUST_009203,37,21,78.64,1741.92,2,One year,Electronic check,DSL,1
CUST_009204,40,28,116.09,3457.76,3,Month-to-month,Mailed check,Fiber optic,1
CUST_009205,28,15,109.96,1780.4,2,One year,Bank transfer,DSL,0
CUST_009206,19,2,52.71,233.96,2,Month-to-month,Mailed check,No,0
CUST_009207,60,15,27.93,334.06,2,Two year,Bank transfer,Fiber optic,0
CUST_009208,18,2,112.12,142.11,3,Month-to-month,Electronic check,DSL,1
CUST_009209,48,27,109.57,2825.99,0,Month-to-month,Credit card,Fiber optic,0
CUST_009210,58,37,49.23,1754.78,2,Two year,Credit card,No,0
CUST_009211,23,78,129.17,10166.88,2,Month-to-month,Electronic check,DSL,1
CUST_009212,31,3,23.5,232.96,3,One year,Electronic check,No,0
CUST_009213,63,18,31.78,606.52,1,Two year,Bank transfer,Fiber optic,0
CUST_009214,52,20,82.58,1626.13,4,Month-to-month,Bank transfer,DSL,0
CUST_009215,35,61,60.1,3559.66,2,Month-to-month,Mailed check,DSL,1
CUST_009216,63,23,127.93,2931.22,0,Two year,Electronic check,DSL,0
CUST_009217,63,3,110.88,352.96,2,One year,Bank transfer,Fiber optic,1
CUST_009218,49,13,91.48,1042.95,1,Month-to-month,Bank transfer,Fiber optic,1
CUST_009219,31,25,38.87,1063.92,1,Month-to-month,Electronic check,DSL,0
CUST_009220,38,28,66.48,1819.15,0,One year,Bank transfer,DSL,0
CUST_009221,49,47,80.67,3877.74,0,One year,Bank transfer,DSL,0
CUST_009222,42,4,70.09,279.26,9,One year,Electronic check,No,0
CUST_009223,59,72,72.89,5277.82,0,One year,Mailed check,No,0
CUST_009224,22,1,78.25,8.06,0,One year,Mailed check,Fiber optic,0
CUST_009225,22,98,112.58,10998.09,1,Two year,Mailed check,DSL,0
CUST_009226,47,46,137.73,6399.77,2,Month-to-month,Mailed check,Fiber optic,1
CUST_009227,37,25,126.12,3139.84,2,Two year,Mailed check,No,0
CUST_009228,35,31,92.05,2742.97,1,One year,Electronic check,DSL,0
CUST_009229,18,1,84.93,96.09,5,Month-to-month,Mailed check,DSL,1
CUST_009230,45,1,34.28,72.85,3,Month-to-month,Electronic check,Fiber optic,1
CUST_009231,44,2,43.33,223.95,1,One year,Electronic check,DSL,0
CUST_009232,54,2,111.07,337.4,2,Month-to-month,Electronic check,No,1
CUST_009233,46,19,99.42,1882.45,2,Month-to-month,Electronic check,DSL,0
CUST_009234,43,5,41.44,152.48,4,One year,Electronic check,No,0
CUST_009235,62,47,100.52,4701.66,4,One year,Electronic check,No,0
CUST_009236,25,14,120.48,1634.29,4,Month-to-month,Bank transfer,DSL,1
CUST_009237,53,28,68.52,1969.1,1,Month-to-month,Electronic check,DSL,1
CUST_009238,19,25,51.08,1381.22,2,One year,Mailed check,Fiber optic,0
CUST_009239,32,9,118.7,1192.31,0,Two year,Mailed check,DSL,0
CUST_009240,26,6,69.13,373.54,0,Month-to-month,Electronic check,DSL,1
CUST_009241,56,10,66.72,616.04,2,One year,Credit card,No,0
CUST_009242,44,38,65.76,2456.72,0,One year,Mailed check,DSL,1
CUST_009243,44,21,119.66,2319.63,1,One year,Mailed check,No,0
CUST_009244,28,7,108.06,636.15,1,Month-to-month,Mailed check,Fiber optic,1
CUST_009245,40,40,80.3,3208.51,0,One year,Electronic check,DSL,1
CUST_009246,33,1,23.56,61.49,3,Month-to-month,Bank transfer,DSL,1
CUST_009247,50,28,78.67,2251.74,2,Month-to-month,Electronic check,Fiber optic,1
CUST_009248,30,13,44.59,501.57,4,Two year,Electronic check,DSL,1
CUST_009249,64,31,49.77,1493.86,2,Month-to-month,Bank transfer,DSL,0
CUST_009250,19,62,90.31,5572.23,2,Month-to-month,Electronic check,DSL,1
CUST_009251,32,33,46.41,1493.34,4,Month-to-month,Electronic check,Fiber optic,1
CUST_009252,70,14,122.75,1787.25,4,Month-to-month,Mailed check,Fiber optic,0
CUST_009253,38,3,26.25,0.0,2,One year,Electronic check,No,1
CUST_009254,25,39,79.64,2990.91,2,Month-to-month,Bank transfer,DSL,1
CUST_009255,48,14,43.27,575.94,4,One year,Bank transfer,DSL,0
CUST_009256,37,1,89.38,0.0,1,Month-to-month,Electronic check,No,1
CUST_009257,32,30,42.88,1096.39,4,Month-to-month,Mailed check,DSL,1
CUST_009258,28,8,78.68,480.1,3,Month-to-month,Credit card,Fiber optic,1
CUST_009259,80,1,97.81,73.54,4,Two year,Electronic check,Fiber optic,0
CUST_009260,41,55,142.51,7900.88,2,Two year,Electronic check,DSL,0
CUST_009261,18,15,97.35,1525.43,1,Month-to-month,Mailed check,No,0
CUST_009262,67,7,33.45,392.94,2,Month-to-month,Mailed check,DSL,0
CUST_009263,54,30,43.85,1325.73,2,Month-to-month,Electronic check,Fiber optic,1
CUST_009264,33,52,119.16,6219.93,0,Month-to-month,Electronic check,DSL,1
CUST_009265,31,0,41.53,0.0,2,Month-to-month,Bank transfer,Fiber optic,1
CUST_009266,55,27,78.22,2091.86,0,One year,Electronic check,No,0
CUST_009267,41,34,134.66,4786.57,3,Month-to-month,Credit card,DSL,0
CUST_009268,18,5,104.49,548.59,4,One year,Electronic check,Fiber optic,1
CUST_009269,71,16,112.66,1837.38,4,Month-to-month,Mailed check,DSL,0
CUST_009270,38,2,107.08,99.64,1,One year,Electronic check,No,0
CUST_009271,67,32,97.95,3175.59,1,One year,Mailed check,Fiber optic,0
CUST_009272,64,45,116.89,5326.04,0,One year,Mailed check,DSL,0
CUST_009273,29,2,56.9,224.82,1,Two year,Electronic check,DSL,0
CUST_009274,60,40,139.84,5656.79,3,Two year,Mailed check,DSL,0
CUST_009275,35,35,65.46,2278.5,4,One year,Electronic check,No,0
CUST_009276,18,10,84.0,823.07,4,Month-to-month,Bank transfer,No,0
CUST_009277,38,28,62.21,1734.56,1,Month-to-month,Credit card,DSL,0
CUST_009278,50,0,31.21,10.72,0,Two year,Bank transfer,Fiber optic,0
CUST_009279,38,64,108.76,7087.31,2,One year,Bank transfer,No,0
CUST_009280,40,19,64.83,1339.13,1,One year,Mailed check,Fiber optic,1
CUST_009281,62,23,89.82,2141.2,3,Month-to-month,Electronic check,DSL,1
CUST_009282,46,26,88.87,2513.49,2,One year,Electronic check,DSL,1
CUST_009283,32,19,83.73,1325.16,4,Two year,Bank transfer,Fiber optic,1
CUST_009284,55,46,55.33,2499.18,3,Month-to-month,Electronic check,DSL,1
CUST_009285,47,22,75.02,1649.27,2,One year,Electronic check,DSL,1
CUST_009286,18,57,129.7,7325.7,1,Month-to-month,Mailed check,DSL,1
CUST_009287,51,20,61.51,1137.31,0,Month-to-month,Electronic check,DSL,1
CUST_009288,50,4,66.38,93.82,1,Month-to-month,Mailed check,DSL,1
CUST_009289,45,58,98.38,5675.09,6,One year,Bank transfer,Fiber optic,1
CUST_009290,58,27,119.77,3323.28,1,Month-to-month,Credit card,Fiber optic,0
CUST_009291,34,28,99.56,2865.07,1,Month-to-month,Electronic check,No,1
CUST_009292,50,101,80.52,8057.33,1,Month-to-month,Electronic check,Fiber optic,1
CUST_009293,21,1,107.02,129.04,1,Month-to-month,Bank transfer,DSL,1
CUST_009294,51,13,109.71,1561.95,1,Month-to-month,Electronic check,No,0
CUST_009295,74,6,98.36,438.18,0,Two year,Mailed check,DSL,0
CUST_009296,30,23,78.11,1780.55,2,Month-to-month,Bank transfer,Fiber optic,1
CUST_009297,33,39,115.25,4523.58,2,One year,Mailed check,No,1
CUST_009298,34,81,108.37,8779.31,1,Month-to-month,Electronic check,No,1
CUST_009299,46,14,100.66,1494.34,2,Month-to-month,Electronic check,Fiber optic,1
CUST_009300,29,37,126.51,4531.13,2,Month-to-month,Electronic check,Fiber optic,1
CUST_009301,51,59,138.55,8074.11,3,Month-to-month,Bank transfer,No,0
CUST_009302,57,27,78.96,2200.07,6,One year,Electronic check,Fiber optic,1
CUST_009303,53,6,108.93,483.38,0,Month-to-month,Mailed check,No,0
CUST_009304,18,22,41.15,986.38,1,Month-to-month,Credit card,DSL,0
CUST_009305,59,84,72.18,6108.26,0,Month-to-month,Credit card,Fiber optic,1
CUST_009306,59,105,127.33,13443.49,1,Month-to-month,Electronic check,DSL,0
CUST_009307,57,24,97.18,2285.5,1,Two year,Bank transfer,No,0
CUST_009308,50,52,61.3,3238.55,4,Month-to-month,Bank transfer,Fiber optic,0
CUST_009309,48,5,69.72,231.36,2,Month-to-month,Electronic check,DSL,1
CUST_009310,60,6,32.44,153.17,3,Month-to-month,Electronic check,DSL,1
CUST_009311,73,73,116.71,8523.46,1,One year,Credit card,No,0
CUST_009312,30,3,107.01,231.15,1,Month-to-month,Mailed check,No,1
CUST_009313,61,5,96.26,503.13,3,Month-to-month,Bank transfer,Fiber optic,1
CUST_009314,43,13,64.33,721.86,2,Two year,Mailed check,Fiber optic,0
CUST_009315,43,21,129.88,2754.33,2,One year,Electronic check,DSL,0
CUST_009316,21,22,97.29,2314.64,0,Month-to-month,Electronic check,Fiber optic,1
CUST_009317,40,8,105.52,718.53,0,One year,Mailed check,Fiber optic,0
CUST_009318,30,60,116.97,7015.93,2,Month-to-month,Electronic check,No,1
CUST_009319,38,59,148.44,8596.26,3,One year,Mailed check,No,0
CUST_009320,28,11,107.64,1100.7,1,Two year,Electronic check,No,1
CUST_009321,38,13,78.44,1089.95,4,Month-to-month,Credit card,Fiber optic,0
CUST_009322,38,29,71.19,2021.39,2,Two year,Bank transfer,Fiber optic,0
CUST_009323,46,26,101.22,2705.84,3,One year,Electronic check,Fiber optic,1
CUST_009324,20,11,84.52,965.33,5,Two year,Electronic check,Fiber optic,1
CUST_009325,23,12,88.94,1060.77,2,One year,Mailed check,DSL,0
CUST_009326,50,10,59.3,490.07,1,Month-to-month,Electronic check,No,1
CUST_009327,33,6,65.87,463.79,4,Month-to-month,Mailed check,No,1
CUST_009328,61,14,82.81,1189.75,3,One year,Credit card,Fiber optic,0
CUST_009329,48,27,117.43,3017.76,3,Month-to-month,Bank transfer,Fiber optic,1
CUST_009330,54,32,112.29,3496.86,2,Month-to-month,Credit card,DSL,0
CUST_009331,66,36,49.87,1518.26,2,One year,Electronic check,Fiber optic,0
CUST_009332,40,11,50.06,414.05,1,One year,Mailed check,Fiber optic,0
CUST_009333,36,34,39.67,1317.3,3,Month-to-month,Mailed check,DSL,1
CUST_009334,58,0,20.8,0.0,2,Month-to-month,Bank transfer,DSL,0
CUST_009335,52,15,49.94,665.9,1,One year,Mailed check,Fiber optic,0
CUST_009336,42,37,118.43,4521.04,2,One year,Electronic check,No,0
CUST_009337,65,23,121.97,2908.3,2,Month-to-month,Electronic check,Fiber optic,1
CUST_009338,41,15,66.68,930.69,4,Month-to-month,Bank transfer,DSL,0
CUST_009339,45,24,88.32,2199.03,2,Two year,Mailed check,DSL,0
CUST_009340,45,56,118.61,6763.38,0,Month-to-month,Electronic check,Fiber optic,0
CUST_009341,30,20,125.29,2567.73,5,One year,Bank transfer,Fiber optic,0
CUST_009342,46,38,130.29,4981.04,2,Month-to-month,Electronic check,Fiber optic,1
CUST_009343,65,94,72.72,6945.44,1,Month-to-month,Bank transfer,No,0
CUST_009344,51,29,59.32,1797.13,2,Two year,Electronic check,DSL,0
CUST_009345,45,20,34.91,576.98,1,Month-to-month,Mailed check,Fiber optic,0
CUST_009346,42,0,81.65,0.0,0,One year,Mailed check,DSL,0
CUST_009347,49,11,96.55,1006.84,0,Month-to-month,Credit card,Fiber optic,1
CUST_009348,56,20,60.83,1331.81,2,Month-to-month,Electronic check,Fiber optic,1
CUST_009349,54,38,124.39,4668.6,0,Month-to-month,Bank transfer,Fiber optic,1
CUST_009350,40,13,71.78,857.94,2,One year,Credit card,No,0
CUST_009351,49,77,158.34,12294.71,3,Month-to-month,Electronic check,Fiber optic,0
CUST_009352,52,7,23.54,190.75,0,Month-to-month,Electronic check,Fiber optic,1
CUST_009353,29,32,46.95,1713.55,3,Two year,Credit card,DSL,0
CUST_009354,47,13,56.68,650.61,5,Month-to-month,Mailed check,Fiber optic,1
CUST_009355,18,15,30.05,398.88,3,Two year,Bank transfer,No,0
CUST_009356,52,38,117.23,4567.09,1,Month-to-month,Bank transfer,Fiber optic,1
CUST_009357,54,8,29.28,106.31,1,Two year,Electronic check,DSL,0
CUST_009358,56,2,95.9,323.77,1,Month-to-month,Electronic check,No,1
CUST_009359,39,17,33.76,453.12,1,Two year,Bank transfer,DSL,0
CUST_009360,49,18,54.27,1037.93,2,One year,Mailed check,No,0
CUST_009361,66,38,123.13,4494.55,2,One year,Mailed check,No,0
CUST_009362,66,82,156.11,12805.49,1,Month-to-month,Mailed check,Fiber optic,0
CUST_009363,44,1,61.95,0.0,0,One year,Electronic check,No,1
CUST_009364,47,21,127.49,2870.0,2,Two year,Electronic check,DSL,1
CUST_009365,61,27,96.19,2489.92,2,One year,Electronic check,No,0
CUST_009366,22,102,112.58,11400.63,1,Month-to-month,Electronic check,Fiber optic,1
CUST_009367,40,68,134.28,9184.59,2,Month-to-month,Bank transfer,DSL,0
CUST_009368,65,29,64.03,1796.86,2,Two year,Electronic check,DSL,0
CUST_009369,59,17,55.08,1006.35,3,Month-to-month,Mailed check,Fiber optic,0
CUST_009370,50,4,87.65,279.53,1,Month-to-month,Mailed check,No,0
CUST_009371,22,11,64.55,631.24,0,Month-to-month,Mailed check,No,0
CUST_009372,44,21,44.09,923.17,4,One year,Electronic check,DSL,0
CUST_009373,36,31,42.2,1186.4,1,One year,Mailed check,No,0
CUST_009374,49,24,110.78,2698.46,1,Month-to-month,Bank transfer,Fiber optic,1
CUST_009375,32,30,102.59,3165.46,2,One year,Electronic check,No,0
CUST_009376,29,13,67.68,935.14,4,Month-to-month,Electronic check,Fiber optic,0
CUST_009377,18,31,125.12,3943.13,2,Month-to-month,Credit card,DSL,0
CUST_009378,63,3,62.59,0.0,1,One year,Bank transfer,DSL,1
CUST_009379,39,4,93.03,325.95,1,Month-to-month,Electronic check,Fiber optic,0
CUST_009380,47,4,112.91,428.94,1,Month-to-month,Mailed check,DSL,0
CUST_009381,44,53,130.57,7065.74,1,Month-to-month,Bank transfer,No,1
CUST_009382,28,1,71.61,13.48,2,Month-to-month,Electronic check,DSL,1
CUST_009383,26,38,107.06,3838.24,3,Month-to-month,Credit card,Fiber optic,1
CUST_009384,29,6,64.37,285.8,1,One year,Bank transfer,Fiber optic,0
CUST_009385,34,15,92.22,1317.18,0,One year,Mailed check,Fiber optic,1
CUST_009386,50,59,75.26,4224.41,0,Month-to-month,Credit card,DSL,0
CUST_009387,33,21,73.97,1650.33,2,Month-to-month,Electronic check,DSL,1
CUST_009388,71,5,43.45,60.31,3,One year,Bank transfer,No,1
CUST_009389,60,8,27.82,267.15,1,One year,Mailed check,Fiber optic,1
CUST_009390,57,60,108.85,6422.0,1,Two year,Bank transfer,Fiber optic,0
CUST_009391,43,13,112.94,1618.96,2,Month-to-month,Mailed check,Fiber optic,1
CUST_009392,67,21,33.06,666.6,2,Two year,Electronic check,No,1
CUST_009393,41,14,46.6,604.53,0,Month-to-month,Electronic check,DSL,1
CUST_009394,44,11,71.52,839.53,3,Month-to-month,Mailed check,No,1
CUST_009395,47,6,89.59,436.81,0,One year,Credit card,DSL,0
CUST_009396,55,27,50.62,1424.37,4,Month-to-month,Electronic check,No,1
CUST_009397,54,30,40.67,1171.92,4,Month-to-month,Electronic check,No,0
CUST_009398,37,7,75.4,468.37,1,Month-to-month,Electronic check,Fiber optic,1
CUST_009399,37,37,120.37,4444.97,2,Month-to-month,Bank transfer,DSL,1
CUST_009400,54,46,46.52,2031.11,3,Month-to-month,Mailed check,DSL,0
CUST_009401,55,60,84.94,5077.13,1,One year,Electronic check,Fiber optic,0
CUST_009402,39,4,88.35,387.35,4,One year,Electronic check,Fiber optic,0
CUST_009403,21,8,37.07,65.72,5,Two year,Bank transfer,No,0
CUST_009404,41,47,67.09,3262.58,4,One year,Mailed check,Fiber optic,0
CUST_009405,54,5,76.05,461.84,1,Month-to-month,Credit card,Fiber optic,1
CUST_009406,72,0,115.32,0.0,1,Two year,Mailed check,No,0
CUST_009407,27,49,73.23,3387.44,1,One year,Bank transfer,DSL,0
CUST_009408,38,9,73.25,743.47,1,Month-to-month,Bank transfer,DSL,0
CUST_009409,39,12,65.99,868.37,2,Month-to-month,Credit card,Fiber optic,1
CUST_009410,65,14,116.74,1696.66,1,Month-to-month,Credit card,Fiber optic,0
CUST_009411,44,45,49.69,2093.31,0,Two year,Bank transfer,DSL,0
CUST_009412,31,9,81.11,912.9,4,Month-to-month,Mailed check,No,0
CUST_009413,53,53,131.11,6873.43,4,Month-to-month,Credit card,DSL,0
CUST_009414,38,23,130.31,3021.12,2,Two year,Electronic check,DSL,1
CUST_009415,26,17,98.37,1697.51,2,Two year,Bank transfer,Fiber optic,0
CUST_009416,31,9,62.49,721.74,1,Month-to-month,Electronic check,DSL,1
CUST_009417,71,6,64.18,397.61,1,Two year,Bank transfer,DSL,0
CUST_009418,50,23,66.67,1574.95,2,Month-to-month,Bank transfer,No,1
CUST_009419,46,14,87.36,1215.35,2,Two year,Electronic check,Fiber optic,0
CUST_009420,41,57,122.44,6859.45,2,Two year,Electronic check,DSL,1
CUST_009421,49,16,109.95,1527.28,3,One year,Bank transfer,Fiber optic,0
CUST_009422,49,17,70.16,1195.97,3,One year,Bank transfer,Fiber optic,1
CUST_009423,49,12,97.67,1030.81,4,One year,Bank transfer,Fiber optic,0
CUST_009424,46,37,130.12,4849.54,0,Month-to-month,Electronic check,DSL,1
CUST_009425,58,13,118.58,1556.45,2,Month-to-month,Mailed check,Fiber optic,0
CUST_009426,45,7,93.9,669.76,0,Month-to-month,Credit card,Fiber optic,0
CUST_009427,30,47,107.19,4932.65,2,Two year,Credit card,Fiber optic,0
CUST_009428,35,21,83.65,1860.36,3,One year,Electronic check,No,1
CUST_009429,18,21,48.82,1072.69,3,One year,Credit card,DSL,0
CUST_009430,75,22,43.36,835.82,0,Month-to-month,Mailed check,Fiber optic,1
CUST_009431,57,30,83.57,2713.99,5,Two year,Bank transfer,No,0
CUST_009432,32,9,40.44,342.92,1,Month-to-month,Electronic check,DSL,1
CUST_009433,40,0,77.7,0.0,2,Month-to-month,Bank transfer,Fiber optic,0
CUST_009434,35,39,104.07,3982.91,5,Month-to-month,Electronic check,No,1
CUST_009435,68,3,74.06,71.3,1,Two year,Bank transfer,DSL,0
CUST_009436,23,30,38.64,1295.22,1,Two year,Bank transfer,DSL,0
CUST_009437,46,2,26.77,161.59,1,Two year,Bank transfer,DSL,1
CUST_009438,43,11,36.83,479.12,2,Month-to-month,Electronic check,Fiber optic,1
CUST_009439,57,1,35.86,90.98,2,Two year,Mailed check,No,1
CUST_009440,43,17,127.49,2292.13,1,Month-to-month,Bank transfer,DSL,0
CUST_009441,18,25,66.95,1649.54,2,Month-to-month,Bank transfer,DSL,1
CUST_009442,41,4,51.2,247.06,1,One year,Mailed check,Fiber optic,0
CUST_009443,30,11,30.73,256.8,2,Two year,Electronic check,DSL,0
CUST_009444,46,63,115.03,7231.67,4,One year,Mailed check,No,0
CUST_009445,66,14,92.22,1336.07,1,Month-to-month,Bank transfer,DSL,1
CUST_009446,18,38,56.54,1840.59,1,Month-to-month,Credit card,No,0
CUST_009447,32,62,142.92,8799.33,3,One year,Bank transfer,No,0
CUST_009448,36,87,143.55,12505.29,0,Two year,Bank transfer,DSL,0
CUST_009449,39,54,70.03,3773.97,1,Month-to-month,Electronic check,DSL,0
CUST_009450,56,9,73.08,612.53,2,Two year,Bank transfer,No,0
CUST_009451,42,78,104.84,8236.36,2,Month-to-month,Bank transfer,No,0
CUST_009452,51,40,74.85,2923.31,1,Two year,Mailed check,Fiber optic,0
CUST_009453,35,43,123.26,5178.14,1,One year,Electronic check,Fiber optic,1
CUST_009454,48,0,30.93,118.38,4,Month-to-month,Electronic check,DSL,0
CUST_009455,56,74,98.53,7395.59,1,Month-to-month,Mailed check,Fiber optic,1
CUST_009456,34,36,80.8,2849.0,4,Two year,Credit card,DSL,1
CUST_009457,56,35,84.37,2946.17,1,One year,Electronic check,Fiber optic,1
CUST_009458,45,2,107.13,298.87,2,Month-to-month,Electronic check,DSL,1
CUST_009459,60,6,44.82,273.3,1,Month-to-month,Credit card,Fiber optic,0
CUST_009460,41,78,69.29,5457.82,0,Month-to-month,Electronic check,DSL,1
CUST_009461,50,16,89.78,1484.05,3,One year,Mailed check,Fiber optic,0
CUST_009462,44,12,43.38,488.68,1,One year,Mailed check,Fiber optic,1
CUST_009463,43,43,48.99,2158.3,3,Two year,Bank transfer,DSL,0
CUST_009464,48,2,63.66,30.84,1,One year,Electronic check,DSL,1
CUST_009465,53,12,47.96,615.0,3,Month-to-month,Mailed check,DSL,1
CUST_009466,26,11,61.62,670.43,0,One year,Electronic check,Fiber optic,0
CUST_009467,66,10,50.97,473.64,3,One year,Electronic check,DSL,0
CUST_009468,18,8,33.26,141.44,1,Month-to-month,Electronic check,Fiber optic,0
CUST_009469,34,5,78.53,405.84,3,Two year,Mailed check,No,0
CUST_009470,43,4,24.7,102.66,3,One year,Electronic check,No,0
CUST_009471,51,24,128.64,3003.34,2,Month-to-month,Electronic check,DSL,0
CUST_009472,68,60,84.13,4888.3,0,Two year,Electronic check,DSL,0
CUST_009473,18,17,98.02,1501.82,1,Two year,Electronic check,No,0
CUST_009474,37,8,105.04,814.88,4,Two year,Bank transfer,Fiber optic,0
CUST_009475,18,4,49.91,230.29,5,Two year,Electronic check,DSL,1
CUST_009476,45,42,115.87,5051.7,2,Month-to-month,Bank transfer,DSL,1
CUST_009477,49,85,145.74,12383.56,3,Two year,Bank transfer,DSL,0
CUST_009478,68,10,49.13,328.78,2,One year,Bank transfer,Fiber optic,0
CUST_009479,46,8,123.25,965.3,3,One year,Bank transfer,DSL,1
CUST_009480,60,22,33.07,852.65,1,Two year,Bank transfer,DSL,0
CUST_009481,53,35,59.2,2003.72,4,Month-to-month,Mailed check,DSL,1
CUST_009482,38,14,105.0,1581.89,2,Two year,Electronic check,No,0
CUST_009483,23,23,50.91,1188.57,2,One year,Mailed check,Fiber optic,0
CUST_009484,49,30,104.83,3209.47,0,One year,Electronic check,Fiber optic,0
CUST_009485,22,77,144.05,11277.97,1,One year,Electronic check,Fiber optic,0
CUST_009486,64,4,117.92,287.96,2,One year,Electronic check,No,0
CUST_009487,42,120,127.42,15380.62,1,Month-to-month,Bank transfer,Fiber optic,1
CUST_009488,62,11,122.61,1339.25,1,Two year,Bank transfer,DSL,0
CUST_009489,37,30,76.16,2189.95,1,Month-to-month,Mailed check,DSL,1
CUST_009490,49,20,51.81,1026.19,0,Two year,Mailed check,Fiber optic,0
CUST_009491,48,16,79.39,1439.37,4,One year,Bank transfer,DSL,0
CUST_009492,44,28,98.98,2905.0,0,Two year,Electronic check,No,1
CUST_009493,38,12,71.8,661.48,3,Month-to-month,Electronic check,No,1
CUST_009494,50,3,78.2,157.61,2,Two year,Bank transfer,Fiber optic,0
CUST_009495,31,16,69.64,1208.54,1,One year,Mailed check,DSL,1
CUST_009496,26,17,80.98,1374.42,3,Two year,Bank transfer,DSL,0
CUST_009497,63,5,117.76,587.0,1,Month-to-month,Electronic check,No,0
CUST_009498,55,65,102.48,6504.57,2,Two year,Electronic check,Fiber optic,0
CUST_009499,45,6,48.32,215.36,2,Two year,Mailed check,Fiber optic,0
CUST_009500,69,12,101.87,1086.68,1,Month-to-month,Mailed check,DSL,0
CUST_009501,40,4,55.76,57.7,0,Month-to-month,Bank transfer,Fiber optic,1
CUST_009502,64,18,110.62,1865.4,3,One year,Electronic check,Fiber optic,1
CUST_009503,47,8,29.68,144.66,2,Month-to-month,Credit card,Fiber optic,0
CUST_009504,29,16,61.22,903.37,1,Month-to-month,Electronic check,DSL,0
CUST_009505,72,6,32.44,110.4,0,Two year,Electronic check,Fiber optic,0
CUST_009506,59,1,29.03,131.08,2,Month-to-month,Bank transfer,No,0
CUST_009507,43,36,103.84,3647.49,3,One year,Bank transfer,Fiber optic,1
CUST_009508,55,24,70.53,1835.42,3,One year,Mailed check,Fiber optic,1
CUST_009509,38,9,111.65,956.43,2,Month-to-month,Electronic check,No,1
CUST_009510,57,1,72.14,116.06,2,One year,Credit card,Fiber optic,0
CUST_009511,18,48,73.53,3576.76,2,Two year,Bank transfer,Fiber optic,0
CUST_009512,29,4,94.09,286.57,0,One year,Bank transfer,Fiber optic,0
CUST_009513,59,64,114.4,7288.9,2,One year,Mailed check,DSL,1
CUST_009514,41,15,107.46,1561.6,4,One year,Electronic check,DSL,0
CUST_009515,48,9,88.86,836.97,3,Month-to-month,Bank transfer,DSL,1
CUST_009516,24,32,52.7,1673.56,1,Month-to-month,Bank transfer,Fiber optic,0
CUST_009517,72,50,112.03,5526.71,1,Month-to-month,Bank transfer,Fiber optic,0
CUST_009518,62,11,64.65,723.11,3,Month-to-month,Bank transfer,No,1
CUST_009519,41,12,72.31,901.73,2,Two year,Electronic check,DSL,0
CUST_009520,38,13,118.66,1727.54,7,Month-to-month,Electronic check,DSL,1
CUST_009521,60,61,86.5,5283.09,6,Month-to-month,Mailed check,Fiber optic,1
CUST_009522,74,28,95.2,2666.49,5,One year,Mailed check,No,1
CUST_009523,59,6,59.35,398.93,1,One year,Mailed check,Fiber optic,1
CUST_009524,77,4,31.47,30.95,2,Month-to-month,Bank transfer,Fiber optic,0
CUST_009525,31,6,68.35,237.56,2,Month-to-month,Electronic check,No,1
CUST_009526,32,7,83.21,551.23,3,Month-to-month,Bank transfer,Fiber optic,1
CUST_009527,27,6,63.75,489.71,1,One year,Electronic check,No,1
CUST_009528,51,25,71.57,1912.52,4,Month-to-month,Electronic check,No,1
CUST_009529,47,2,103.04,18.14,3,One year,Electronic check,Fiber optic,0
CUST_009530,42,11,28.47,379.76,2,Month-to-month,Mailed check,Fiber optic,0
CUST_009531,57,23,61.06,1185.87,0,Month-to-month,Mailed check,Fiber optic,0
CUST_009532,63,8,105.18,887.32,1,Two year,Mailed check,No,0
CUST_009533,22,1,112.55,152.49,6,Month-to-month,Electronic check,No,1
CUST_009534,36,2,62.23,0.0,2,One year,Mailed check,DSL,1
CUST_009535,57,3,110.38,431.14,4,Month-to-month,Bank transfer,Fiber optic,0
CUST_009536,37,43,61.39,2814.28,1,Month-to-month,Mailed check,No,0
CUST_009537,33,25,54.64,1359.82,3,Month-to-month,Credit card,DSL,1
CUST_009538,60,1,105.12,119.22,4,Two year,Electronic check,Fiber optic,1
CUST_009539,25,11,115.83,1422.0,3,One year,Credit card,No,1
CUST_009540,40,7,45.78,207.83,1,One year,Bank transfer,DSL,0
CUST_009541,49,20,35.93,608.54,2,One year,Mailed check,Fiber optic,0
CUST_009542,36,17,37.53,554.11,2,Month-to-month,Electronic check,DSL,1
CUST_009543,56,15,53.64,808.28,1,Month-to-month,Bank transfer,Fiber optic,0
CUST_009544,36,9,100.64,909.25,1,Month-to-month,Bank transfer,No,1
CUST_009545,66,3,72.5,162.17,1,Month-to-month,Electronic check,DSL,1
CUST_009546,43,32,81.56,2579.84,0,Month-to-month,Electronic check,No,1
CUST_009547,55,50,103.41,5116.74,3,Two year,Mailed check,DSL,0
CUST_009548,56,69,143.52,9853.86,0,One year,Electronic check,DSL,1
CUST_009549,35,1,29.54,0.0,4,Month-to-month,Electronic check,Fiber optic,0
CUST_009550,18,32,105.47,3299.07,3,Two year,Bank transfer,DSL,0
CUST_009551,50,31,128.18,3773.46,4,Month-to-month,Electronic check,DSL,0
CUST_009552,46,70,76.34,5321.08,2,Month-to-month,Bank transfer,DSL,0
CUST_009553,53,6,106.78,445.11,2,Two year,Electronic check,DSL,0
CUST_009554,41,32,105.8,3460.73,1,Month-to-month,Credit card,No,1
CUST_009555,38,1,21.95,0.0,1,Month-to-month,Mailed check,Fiber optic,0
CUST_009556,75,23,54.66,1245.27,1,Month-to-month,Credit card,Fiber optic,0
CUST_009557,22,10,85.58,818.52,4,One year,Credit card,Fiber optic,1
CUST_009558,56,35,87.74,3046.49,2,Month-to-month,Credit card,DSL,0
CUST_009559,36,47,96.29,4652.14,1,Month-to-month,Electronic check,Fiber optic,1
CUST_009560,39,10,48.19,346.78,1,Month-to-month,Bank transfer,DSL,0
CUST_009561,40,17,96.0,1469.67,2,Two year,Mailed check,Fiber optic,0
CUST_009562,32,2,47.64,107.22,4,Two year,Mailed check,Fiber optic,1
CUST_009563,53,12,64.94,729.73,3,Month-to-month,Electronic check,DSL,1
CUST_009564,65,10,61.89,654.88,0,Month-to-month,Electronic check,Fiber optic,1
CUST_009565,52,4,89.2,428.47,2,One year,Electronic check,DSL,1
CUST_009566,46,53,55.53,2832.21,0,Month-to-month,Mailed check,DSL,1
CUST_009567,30,3,42.05,186.5,1,Two year,Mailed check,No,0
CUST_009568,52,24,52.05,1147.0,2,One year,Bank transfer,DSL,0
CUST_009569,77,53,57.34,3046.61,3,Month-to-month,Bank transfer,Fiber optic,1
CUST_009570,39,58,69.76,3922.36,1,Month-to-month,Electronic check,Fiber optic,0
CUST_009571,39,37,99.21,3683.84,1,Two year,Electronic check,Fiber optic,0
CUST_009572,36,4,95.22,378.78,0,Month-to-month,Credit card,DSL,1
CUST_009573,37,40,106.03,4130.92,1,Month-to-month,Credit card,DSL,1
CUST_009574,18,7,71.02,361.29,0,Month-to-month,Electronic check,DSL,0
CUST_009575,51,61,55.74,3475.41,1,Month-to-month,Electronic check,No,0
CUST_009576,32,29,130.4,3736.32,1,Month-to-month,Credit card,DSL,1
CUST_009577,20,36,54.81,2074.28,4,Two year,Electronic check,DSL,0
CUST_009578,56,2,87.84,121.34,2,One year,Electronic check,DSL,1
CUST_009579,28,20,121.29,2556.0,1,One year,Electronic check,Fiber optic,0
CUST_009580,39,41,110.28,4426.55,2,Month-to-month,Electronic check,No,1
CUST_009581,66,47,65.3,3216.61,3,Month-to-month,Bank transfer,Fiber optic,1
CUST_009582,23,0,51.58,17.44,2,Two year,Mailed check,Fiber optic,1
CUST_009583,22,67,56.52,3826.86,2,Month-to-month,Electronic check,Fiber optic,1
CUST_009584,49,1,81.78,0.0,0,Two year,Credit card,Fiber optic,0
CUST_009585,62,22,92.3,2103.51,3,One year,Mailed check,No,0
CUST_009586,21,28,106.55,3059.79,2,One year,Mailed check,Fiber optic,0
CUST_009587,51,2,22.1,11.76,3,Month-to-month,Bank transfer,DSL,0
CUST_009588,53,1,102.28,0.0,1,One year,Mailed check,DSL,0
CUST_009589,18,36,111.87,3916.03,2,Two year,Credit card,Fiber optic,0
CUST_009590,56,11,39.59,324.13,2,Month-to-month,Bank transfer,No,0
CUST_009591,58,2,55.76,156.46,2,Month-to-month,Bank transfer,Fiber optic,1
CUST_009592,40,34,100.85,3382.48,1,One year,Electronic check,Fiber optic,0
CUST_009593,63,45,92.08,4099.02,5,One year,Credit card,Fiber optic,0
CUST_009594,62,21,42.01,825.57,1,One year,Bank transfer,DSL,0
CUST_009595,46,4,30.73,269.87,3,Month-to-month,Mailed check,DSL,1
CUST_009596,38,0,98.15,4.54,2,Month-to-month,Electronic check,DSL,1
CUST_009597,30,28,49.6,1408.48,2,Month-to-month,Mailed check,Fiber optic,1
CUST_009598,44,19,46.71,825.54,3,Month-to-month,Bank transfer,No,0
CUST_009599,53,25,115.59,2886.84,5,One year,Mailed check,DSL,1
CUST_009600,40,40,101.21,3950.99,3,Month-to-month,Electronic check,DSL,1
CUST_009601,18,13,86.97,1165.0,4,Two year,Bank transfer,Fiber optic,1
CUST_009602,64,3,69.43,93.65,1,Two year,Bank transfer,No,0
CUST_009603,47,67,110.4,7471.19,4,Month-to-month,Bank transfer,No,0
CUST_009604,39,18,89.18,1531.69,2,One year,Electronic check,Fiber optic,0
CUST_009605,57,22,127.78,2906.06,1,Two year,Electronic check,DSL,1
CUST_009606,67,65,74.8,5052.56,2,One year,Mailed check,Fiber optic,0
CUST_009607,18,64,73.46,4701.31,3,Month-to-month,Electronic check,DSL,1
CUST_009608,51,20,35.72,845.6,1,Two year,Bank transfer,No,0
CUST_009609,23,8,89.82,793.7,1,One year,Mailed check,No,1
CUST_009610,52,120,134.9,16045.23,4,Month-to-month,Electronic check,DSL,0
CUST_009611,46,27,44.62,1215.94,2,One year,Electronic check,DSL,0
CUST_009612,54,12,62.45,799.57,5,One year,Credit card,DSL,0
CUST_009613,37,19,47.37,959.73,6,Month-to-month,Bank transfer,Fiber optic,0
CUST_009614,18,12,59.15,727.6,2,Two year,Mailed check,No,0
CUST_009615,38,52,141.13,7355.1,2,Two year,Bank transfer,Fiber optic,0
CUST_009616,51,15,95.83,1437.99,0,Month-to-month,Bank transfer,DSL,0
CUST_009617,60,41,41.26,1704.85,2,One year,Electronic check,No,1
CUST_009618,27,44,67.25,2836.67,3,Month-to-month,Bank transfer,Fiber optic,1
CUST_009619,60,41,41.54,1679.36,0,Month-to-month,Credit card,DSL,1
CUST_009620,35,30,106.49,3049.31,1,Two year,Electronic check,DSL,1
CUST_009621,50,46,89.94,4087.58,5,Month-to-month,Electronic check,DSL,0
CUST_009622,37,11,124.9,1314.84,1,Month-to-month,Electronic check,DSL,1
CUST_009623,47,2,94.36,123.25,2,Two year,Mailed check,No,0
CUST_009624,58,44,93.79,4021.62,2,Month-to-month,Electronic check,DSL,1
CUST_009625,26,16,108.47,1762.46,2,One year,Mailed check,Fiber optic,0
CUST_009626,34,3,91.98,244.13,1,Two year,Electronic check,Fiber optic,0
CUST_009627,47,2,45.38,48.71,2,Month-to-month,Electronic check,DSL,0
CUST_009628,80,4,75.03,159.35,2,Month-to-month,Electronic check,DSL,1
CUST_009629,32,33,92.1,3009.51,0,Month-to-month,Mailed check,Fiber optic,0
CUST_009630,75,29,79.62,2423.63,0,Two year,Mailed check,DSL,0
CUST_009631,75,5,40.42,318.18,2,Month-to-month,Electronic check,No,1
CUST_009632,43,45,64.84,2955.01,1,One year,Bank transfer,DSL,1
CUST_009633,40,7,51.6,331.72,6,Month-to-month,Electronic check,DSL,1
CUST_009634,34,37,39.53,1518.34,2,Two year,Mailed check,Fiber optic,0
CUST_009635,43,16,119.69,1848.37,6,One year,Mailed check,DSL,1
CUST_009636,23,31,104.11,3197.47,2,One year,Credit card,No,1
CUST_009637,43,11,94.46,964.83,3,One year,Mailed check,Fiber optic,0
CUST_009638,67,10,82.23,913.17,2,One year,Bank transfer,Fiber optic,0
CUST_009639,35,44,110.93,4958.97,0,Month-to-month,Credit card,DSL,0
CUST_009640,41,0,118.19,0.0,1,Two year,Electronic check,No,0
CUST_009641,19,88,102.52,9194.54,4,Month-to-month,Electronic check,DSL,0
CUST_009642,50,25,103.75,2635.07,1,Month-to-month,Bank transfer,DSL,1
CUST_009643,48,13,62.45,847.51,2,Month-to-month,Bank transfer,Fiber optic,1
CUST_009644,45,23,116.93,2714.28,1,Month-to-month,Bank transfer,DSL,0
CUST_009645,41,3,107.3,195.68,1,Month-to-month,Electronic check,No,1
CUST_009646,40,17,118.73,1928.92,2,Month-to-month,Electronic check,Fiber optic,0
CUST_009647,52,100,70.55,7049.17,1,Month-to-month,Bank transfer,Fiber optic,0
CUST_009648,44,6,52.82,312.28,1,Two year,Mailed check,Fiber optic,0
CUST_009649,49,30,48.39,1510.75,0,Two year,Mailed check,DSL,0
CUST_009650,48,13,71.9,867.9,2,Month-to-month,Bank transfer,DSL,0
CUST_009651,61,25,82.04,2058.19,2,Month-to-month,Credit card,No,0
CUST_009652,55,5,48.09,249.31,1,Month-to-month,Bank transfer,DSL,0
CUST_009653,47,15,99.84,1510.49,1,Two year,Credit card,DSL,0
CUST_009654,67,94,93.98,8835.48,2,Month-to-month,Mailed check,Fiber optic,1
CUST_009655,51,5,107.89,399.06,2,One year,Credit card,DSL,0
CUST_009656,64,24,49.77,968.26,3,Month-to-month,Bank transfer,Fiber optic,1
CUST_009657,54,20,66.72,1240.29,2,One year,Mailed check,DSL,1
CUST_009658,18,19,91.72,1689.64,0,One year,Mailed check,No,1
CUST_009659,64,22,91.53,1895.89,2,Month-to-month,Electronic check,Fiber optic,1
CUST_009660,47,16,35.8,567.28,3,Month-to-month,Electronic check,Fiber optic,1
CUST_009661,44,0,104.63,109.01,1,One year,Mailed check,No,0
CUST_009662,49,55,107.31,5974.46,3,Month-to-month,Credit card,No,1
CUST_009663,39,42,127.99,5422.04,1,Month-to-month,Credit card,Fiber optic,1
CUST_009664,48,4,108.76,533.59,2,Month-to-month,Electronic check,No,0
CUST_009665,36,12,80.59,874.64,5,One year,Credit card,DSL,1
CUST_009666,64,35,128.58,4454.56,1,One year,Mailed check,Fiber optic,1
CUST_009667,43,93,151.34,14136.18,2,Month-to-month,Electronic check,DSL,0
CUST_009668,39,72,151.81,10883.03,0,Month-to-month,Credit card,DSL,1
CUST_009669,31,55,132.55,7248.26,3,Month-to-month,Credit card,DSL,0
CUST_009670,49,4,104.12,602.72,3,One year,Bank transfer,No,0
CUST_009671,47,59,96.44,5699.27,0,Two year,Bank transfer,Fiber optic,0
CUST_009672,50,50,66.2,3486.52,4,Month-to-month,Electronic check,Fiber optic,0
CUST_009673,29,11,116.57,1099.95,1,One year,Electronic check,Fiber optic,0
CUST_009674,20,12,98.25,1115.97,1,Month-to-month,Credit card,DSL,0
CUST_009675,54,14,55.17,813.33,1,One year,Electronic check,No,0
CUST_009676,67,25,66.6,1674.36,1,One year,Mailed check,Fiber optic,0
CUST_009677,29,7,92.11,439.2,3,One year,Bank transfer,Fiber optic,1
CUST_009678,68,0,67.78,0.0,1,Month-to-month,Bank transfer,Fiber optic,0
CUST_009679,49,3,29.65,336.25,1,Month-to-month,Mailed check,DSL,0
CUST_009680,44,13,40.64,553.07,1,Month-to-month,Mailed check,No,1
CUST_009681,39,7,98.06,746.9,1,Month-to-month,Mailed check,Fiber optic,1
CUST_009682,24,34,69.86,2310.74,1,Month-to-month,Mailed check,DSL,1
CUST_009683,59,2,71.76,167.86,1,Two year,Bank transfer,No,1
CUST_009684,33,59,126.16,7442.33,2,Month-to-month,Electronic check,DSL,1
CUST_009685,33,54,122.12,6706.23,3,One year,Bank transfer,DSL,0
CUST_009686,59,57,65.2,3825.19,2,Month-to-month,Electronic check,DSL,1
CUST_009687,18,32,45.84,1507.61,1,Month-to-month,Electronic check,DSL,0
CUST_009688,22,2,80.12,167.33,1,One year,Electronic check,No,1
CUST_009689,44,13,100.66,1140.71,4,Month-to-month,Electronic check,Fiber optic,0
CUST_009690,49,3,36.4,0.0,3,Two year,Bank transfer,Fiber optic,0
CUST_009691,52,105,109.7,11526.22,3,One year,Mailed check,Fiber optic,0
CUST_009692,40,9,111.53,1091.21,4,Two year,Electronic check,DSL,0
CUST_009693,80,21,124.92,2756.54,1,Two year,Electronic check,No,1
CUST_009694,41,36,83.41,2913.68,1,One year,Bank transfer,DSL,0
CUST_009695,41,60,57.95,3326.17,2,One year,Mailed check,DSL,0
CUST_009696,33,33,62.27,2148.19,1,One year,Electronic check,No,0
CUST_009697,46,26,56.3,1382.25,1,Month-to-month,Mailed check,Fiber optic,1
CUST_009698,54,15,51.4,613.24,6,Two year,Mailed check,No,0
CUST_009699,63,22,80.39,1719.17,3,Month-to-month,Mailed check,DSL,1
CUST_009700,22,2,79.32,107.54,2,One year,Electronic check,DSL,1
CUST_009701,41,51,57.75,3077.32,2,One year,Electronic check,DSL,0
CUST_009702,51,18,117.94,2209.4,1,One year,Bank transfer,No,0
CUST_009703,53,0,82.0,0.0,2,One year,Credit card,No,0
CUST_009704,45,60,109.73,6723.31,2,Month-to-month,Electronic check,DSL,1
CUST_009705,53,16,126.73,2040.15,0,One year,Bank transfer,No,0
CUST_009706,32,48,106.81,5233.17,2,Two year,Electronic check,Fiber optic,0
CUST_009707,68,46,135.9,6383.93,3,Month-to-month,Electronic check,Fiber optic,1
CUST_009708,59,40,68.63,2718.77,1,Month-to-month,Mailed check,DSL,0
CUST_009709,24,1,44.51,101.64,4,One year,Bank transfer,DSL,1
CUST_009710,28,6,74.65,407.24,3,Month-to-month,Mailed check,Fiber optic,0
CUST_009711,29,50,95.86,4886.05,1,Month-to-month,Credit card,Fiber optic,1
CUST_009712,55,55,70.15,3867.19,2,Month-to-month,Bank transfer,DSL,0
CUST_009713,25,14,96.97,1453.55,4,One year,Electronic check,No,0
CUST_009714,40,13,29.46,535.5,3,One year,Bank transfer,Fiber optic,0
CUST_009715,51,4,91.06,418.98,3,One year,Electronic check,Fiber optic,0
CUST_009716,44,82,106.72,8741.51,4,Two year,Bank transfer,Fiber optic,0
CUST_009717,48,5,91.4,449.32,0,Month-to-month,Electronic check,Fiber optic,0
CUST_009718,29,5,70.21,55.34,2,Two year,Electronic check,DSL,1
CUST_009719,53,25,130.23,3184.56,5,One year,Bank transfer,DSL,1
CUST_009720,35,6,56.47,432.07,4,One year,Bank transfer,No,1
CUST_009721,40,67,151.76,10264.73,2,One year,Mailed check,No,0
CUST_009722,48,0,26.5,0.0,1,One year,Electronic check,No,1
CUST_009723,46,0,88.38,16.46,0,Month-to-month,Electronic check,No,0
CUST_009724,45,16,73.42,1155.82,1,Two year,Credit card,DSL,0
CUST_009725,33,16,110.21,1832.38,1,Month-to-month,Mailed check,DSL,0
CUST_009726,40,4,100.96,624.71,4,Month-to-month,Mailed check,No,1
CUST_009727,45,16,108.02,1799.18,1,Month-to-month,Bank transfer,DSL,1
CUST_009728,24,12,35.47,358.67,1,One year,Electronic check,No,0
CUST_009729,38,53,128.74,6815.2,3,Two year,Bank transfer,No,1
CUST_009730,50,0,41.4,140.19,1,Month-to-month,Electronic check,Fiber optic,0
CUST_009731,25,89,67.07,5828.19,0,Month-to-month,Electronic check,No,0
CUST_009732,62,23,53.27,1163.79,2,Month-to-month,Bank transfer,Fiber optic,1
CUST_009733,64,3,69.43,279.28,0,Two year,Electronic check,DSL,0
CUST_009734,26,1,94.71,224.14,1,Month-to-month,Bank transfer,No,0
CUST_009735,65,18,50.86,976.44,2,Month-to-month,Mailed check,Fiber optic,1
CUST_009736,42,6,34.3,145.14,1,Month-to-month,Electronic check,DSL,0
CUST_009737,51,8,88.6,762.43,1,Two year,Credit card,No,0
CUST_009738,37,6,121.39,769.77,4,Month-to-month,Bank transfer,Fiber optic,0
CUST_009739,58,25,92.59,2349.76,4,Two year,Mailed check,DSL,0
CUST_009740,51,19,98.61,1863.8,2,Month-to-month,Mailed check,No,1
CUST_009741,32,1,76.62,81.92,2,Month-to-month,Electronic check,No,1
CUST_009742,27,17,106.73,1723.74,1,Month-to-month,Electronic check,DSL,1
CUST_009743,23,37,136.08,5283.0,1,Month-to-month,Electronic check,DSL,0
CUST_009744,47,2,75.41,166.53,3,Month-to-month,Electronic check,DSL,1
CUST_009745,53,52,87.68,4614.16,1,Two year,Electronic check,No,1
CUST_009746,54,20,116.03,2298.9,2,One year,Mailed check,Fiber optic,1
CUST_009747,43,72,152.97,11098.58,1,Two year,Electronic check,No,0
CUST_009748,27,3,34.42,0.0,3,One year,Electronic check,No,0
CUST_009749,34,120,137.82,16363.49,3,Two year,Bank transfer,Fiber optic,0
CUST_009750,62,24,111.25,2666.86,3,One year,Electronic check,DSL,0
CUST_009751,37,20,83.33,1872.08,2,Month-to-month,Electronic check,Fiber optic,1
CUST_009752,47,17,69.42,1300.97,3,One year,Bank transfer,Fiber optic,0
CUST_009753,28,0,85.52,0.0,1,Month-to-month,Credit card,DSL,0
CUST_009754,50,67,80.51,5445.97,2,Month-to-month,Electronic check,No,0
CUST_009755,38,24,66.91,1542.32,2,One year,Bank transfer,Fiber optic,0
CUST_009756,60,2,120.23,283.1,0,One year,Mailed check,No,1
CUST_009757,56,0,83.65,50.44,0,One year,Electronic check,Fiber optic,0
CUST_009758,37,1,107.79,200.44,0,One year,Electronic check,DSL,1
CUST_009759,43,22,111.78,2302.52,2,Month-to-month,Bank transfer,DSL,1
CUST_009760,36,22,96.23,1990.44,3,Month-to-month,Credit card,Fiber optic,0
CUST_009761,23,16,112.07,1785.61,1,One year,Electronic check,Fiber optic,0
CUST_009762,32,8,52.72,318.48,2,Month-to-month,Electronic check,DSL,1
CUST_009763,47,18,92.71,1557.84,0,One year,Mailed check,Fiber optic,1
CUST_009764,49,17,87.56,1515.71,4,Month-to-month,Credit card,DSL,0
CUST_009765,47,0,82.24,0.0,3,Month-to-month,Bank transfer,Fiber optic,1
CUST_009766,40,7,40.36,508.31,1,Month-to-month,Mailed check,DSL,1
CUST_009767,58,1,48.22,0.0,2,Month-to-month,Electronic check,Fiber optic,1
CUST_009768,45,55,76.17,4162.1,2,Two year,Electronic check,DSL,0
CUST_009769,55,31,95.69,2996.29,2,Month-to-month,Electronic check,Fiber optic,0
CUST_009770,18,120,177.25,21119.77,1,Month-to-month,Credit card,DSL,1
CUST_009771,18,8,119.41,1006.1,2,Two year,Credit card,DSL,0
CUST_009772,49,50,67.72,3420.09,1,Month-to-month,Electronic check,Fiber optic,1
CUST_009773,23,22,61.48,1317.73,4,One year,Electronic check,DSL,1
CUST_009774,41,14,30.61,455.88,2,One year,Electronic check,No,0
CUST_009775,40,6,62.88,420.12,2,Two year,Electronic check,DSL,0
CUST_009776,68,32,119.47,3966.48,1,Month-to-month,Credit card,DSL,0
CUST_009777,50,56,139.58,8066.24,1,Month-to-month,Credit card,No,1
CUST_009778,47,6,46.65,173.75,5,Month-to-month,Bank transfer,DSL,0
CUST_009779,57,4,48.58,64.58,4,One year,Credit card,No,0
CUST_009780,50,28,56.08,1580.65,1,Month-to-month,Bank transfer,Fiber optic,0
CUST_009781,38,90,100.01,8793.04,3,Month-to-month,Electronic check,DSL,1
CUST_009782,61,33,116.98,3925.15,4,One year,Bank transfer,DSL,1
CUST_009783,28,8,88.69,720.79,1,Month-to-month,Mailed check,Fiber optic,1
CUST_009784,49,13,105.09,1402.95,4,Two year,Mailed check,Fiber optic,1
CUST_009785,21,11,83.8,891.48,2,One year,Bank transfer,DSL,0
CUST_009786,48,45,68.27,3097.8,1,Month-to-month,Mailed check,No,0
CUST_009787,47,35,60.3,2157.7,2,Month-to-month,Electronic check,DSL,1
CUST_009788,70,21,31.4,679.4,3,Month-to-month,Credit card,Fiber optic,1
CUST_009789,21,7,101.6,576.68,0,Month-to-month,Electronic check,Fiber optic,1
CUST_009790,35,66,137.71,9106.2,4,Month-to-month,Bank transfer,DSL,1
CUST_009791,57,25,109.33,2918.6,2,Month-to-month,Bank transfer,Fiber optic,0
CUST_009792,50,84,69.44,5857.07,4,Two year,Electronic check,DSL,0
CUST_009793,47,20,106.22,2138.15,2,Two year,Electronic check,DSL,0
CUST_009794,30,41,45.08,2004.15,4,Month-to-month,Electronic check,Fiber optic,1
CUST_009795,36,40,50.56,1947.81,0,Month-to-month,Credit card,Fiber optic,0
CUST_009796,63,9,68.55,705.9,4,Month-to-month,Bank transfer,No,1
CUST_009797,44,79,107.11,8409.05,2,Month-to-month,Electronic check,Fiber optic,0
CUST_009798,50,0,101.61,108.66,1,Month-to-month,Credit card,DSL,1
CUST_009799,43,35,105.45,3770.65,3,Month-to-month,Electronic check,Fiber optic,1
CUST_009800,27,80,75.33,5985.33,1,Month-to-month,Bank transfer,DSL,0
CUST_009801,59,9,47.11,397.44,0,Month-to-month,Mailed check,DSL,0
CUST_009802,52,25,61.07,1624.47,4,Month-to-month,Electronic check,Fiber optic,1
CUST_009803,79,19,41.87,609.93,2,Two year,Bank transfer,Fiber optic,0
CUST_009804,29,34,65.76,2191.8,0,Month-to-month,Electronic check,Fiber optic,0
CUST_009805,57,48,116.86,5671.31,5,Month-to-month,Mailed check,Fiber optic,1
CUST_009806,25,22,55.14,1182.27,2,Month-to-month,Electronic check,DSL,0
CUST_009807,47,40,123.54,4954.92,1,One year,Bank transfer,No,0
CUST_009808,59,8,70.95,363.5,1,Month-to-month,Electronic check,No,0
CUST_009809,18,6,55.29,246.31,1,Two year,Electronic check,Fiber optic,0
CUST_009810,41,13,67.74,948.59,2,Month-to-month,Mailed check,Fiber optic,0
CUST_009811,36,27,104.45,2745.04,2,Two year,Electronic check,No,0
CUST_009812,34,4,73.68,164.47,4,Month-to-month,Electronic check,Fiber optic,1
CUST_009813,50,27,34.23,1030.31,6,Month-to-month,Mailed check,Fiber optic,1
CUST_009814,61,12,118.23,1470.36,2,Two year,Credit card,Fiber optic,0
CUST_009815,43,38,45.6,1623.93,2,Month-to-month,Bank transfer,No,0
CUST_009816,48,0,113.86,13.85,2,Two year,Electronic check,DSL,0
CUST_009817,46,26,35.82,825.6,4,One year,Mailed check,No,1
CUST_009818,45,25,109.6,2724.7,1,Month-to-month,Bank transfer,No,0
CUST_009819,28,67,106.97,7184.42,3,Two year,Electronic check,Fiber optic,0
CUST_009820,61,29,85.07,2386.26,2,Month-to-month,Electronic check,DSL,1
CUST_009821,49,38,46.28,1832.79,2,One year,Credit card,DSL,0
CUST_009822,50,56,71.87,4114.71,3,Month-to-month,Electronic check,Fiber optic,0
CUST_009823,32,26,110.75,2905.98,3,Month-to-month,Mailed check,DSL,0
CUST_009824,38,8,113.13,946.41,1,One year,Electronic check,Fiber optic,0
CUST_009825,42,48,96.91,4506.49,1,One year,Electronic check,DSL,1
CUST_009826,21,33,71.83,2506.75,1,Month-to-month,Mailed check,Fiber optic,1
CUST_009827,19,13,32.49,413.29,4,Month-to-month,Mailed check,DSL,0
CUST_009828,35,29,102.72,2885.29,1,Month-to-month,Bank transfer,No,1
CUST_009829,52,48,71.84,3463.13,1,One year,Credit card,Fiber optic,0
CUST_009830,35,89,70.0,6304.67,1,Two year,Electronic check,DSL,1
CUST_009831,29,73,123.09,9036.45,2,Two year,Electronic check,Fiber optic,1
CUST_009832,32,9,73.07,549.18,1,Month-to-month,Credit card,Fiber optic,1
CUST_009833,38,13,27.7,435.81,2,Month-to-month,Mailed check,Fiber optic,0
CUST_009834,39,2,32.09,58.12,3,One year,Credit card,Fiber optic,0
CUST_009835,77,6,92.92,607.64,3,One year,Electronic check,Fiber optic,0
CUST_009836,60,51,51.87,2565.07,2,One year,Electronic check,DSL,0
CUST_009837,60,10,111.6,1220.55,2,Two year,Bank transfer,Fiber optic,0
CUST_009838,62,23,62.63,1458.82,2,Month-to-month,Electronic check,Fiber optic,1
CUST_009839,30,26,41.87,1207.42,1,Month-to-month,Mailed check,DSL,1
CUST_009840,26,36,113.98,3949.64,7,Two year,Mailed check,Fiber optic,0
CUST_009841,28,4,74.44,157.63,3,One year,Electronic check,No,1
CUST_009842,65,8,54.66,413.31,2,One year,Electronic check,No,0
CUST_009843,36,14,67.61,1093.3,3,Month-to-month,Mailed check,DSL,0
CUST_009844,26,10,27.14,467.69,1,One year,Electronic check,DSL,0
CUST_009845,38,97,134.77,12983.83,1,One year,Electronic check,No,1
CUST_009846,41,43,78.08,3362.63,1,One year,Mailed check,Fiber optic,0
CUST_009847,49,15,98.9,1499.07,1,One year,Electronic check,DSL,1
CUST_009848,48,50,107.82,5462.67,1,One year,Mailed check,Fiber optic,0
CUST_009849,32,10,90.13,989.75,0,Two year,Electronic check,Fiber optic,0
CUST_009850,55,36,117.29,4110.97,1,Month-to-month,Electronic check,DSL,0
CUST_009851,35,6,86.12,523.15,5,Month-to-month,Electronic check,No,1
CUST_009852,42,35,79.37,2577.19,1,Month-to-month,Electronic check,No,1
CUST_009853,55,14,65.99,1004.98,0,Two year,Bank transfer,Fiber optic,0
CUST_009854,35,2,32.96,32.05,1,Month-to-month,Credit card,Fiber optic,1
CUST_009855,36,7,101.44,589.57,5,Month-to-month,Mailed check,DSL,0
CUST_009856,53,12,102.11,1258.58,1,Month-to-month,Bank transfer,DSL,1
CUST_009857,32,33,61.13,1980.3,1,Month-to-month,Electronic check,Fiber optic,1
CUST_009858,39,1,106.77,232.91,1,Month-to-month,Mailed check,Fiber optic,1
CUST_009859,53,25,91.4,2195.75,3,Two year,Electronic check,DSL,1
CUST_009860,75,30,82.87,2708.36,0,Month-to-month,Credit card,DSL,0
CUST_009861,54,25,34.25,941.7,1,Month-to-month,Electronic check,Fiber optic,0
CUST_009862,52,34,75.27,2688.09,5,One year,Mailed check,DSL,0
CUST_009863,52,4,86.07,241.38,5,One year,Electronic check,DSL,1
CUST_009864,28,21,39.47,1007.82,2,Two year,Electronic check,DSL,0
CUST_009865,46,67,99.46,6542.35,0,One year,Bank transfer,No,0
CUST_009866,44,22,130.34,2846.58,4,Month-to-month,Electronic check,No,1
CUST_009867,49,22,102.65,2388.85,3,Two year,Electronic check,DSL,1
CUST_009868,46,32,90.69,2952.66,2,One year,Credit card,Fiber optic,0
CUST_009869,50,9,77.8,576.31,2,Month-to-month,Electronic check,DSL,1
CUST_009870,40,28,38.38,1188.08,2,Month-to-month,Bank transfer,DSL,1
CUST_009871,45,59,145.23,8602.65,2,Two year,Credit card,DSL,0
CUST_009872,26,0,112.82,0.0,2,Month-to-month,Bank transfer,DSL,0
CUST_009873,40,48,112.24,5233.34,1,Month-to-month,Electronic check,No,0
CUST_009874,65,5,32.4,205.48,1,Month-to-month,Electronic check,Fiber optic,1
CUST_009875,49,14,47.78,652.62,2,One year,Electronic check,DSL,1
CUST_009876,44,45,60.89,2755.72,3,Month-to-month,Bank transfer,Fiber optic,0
CUST_009877,73,41,92.46,3632.25,2,Month-to-month,Electronic check,Fiber optic,1
CUST_009878,24,53,67.28,3523.99,4,Month-to-month,Electronic check,DSL,1
CUST_009879,28,67,123.08,8294.39,2,Month-to-month,Mailed check,Fiber optic,0
CUST_009880,70,14,81.52,1328.97,1,One year,Mailed check,Fiber optic,0
CUST_009881,45,25,34.27,836.12,3,Month-to-month,Mailed check,DSL,1
CUST_009882,41,11,99.91,1243.29,3,Month-to-month,Mailed check,No,1
CUST_009883,27,10,43.88,517.56,2,Month-to-month,Mailed check,DSL,1
CUST_009884,51,13,108.99,1440.23,1,One year,Electronic check,DSL,1
CUST_009885,53,32,71.5,2186.91,4,One year,Credit card,No,0
CUST_009886,28,16,61.86,892.74,1,Two year,Bank transfer,DSL,0
CUST_009887,42,40,41.18,1709.02,1,Month-to-month,Electronic check,DSL,0
CUST_009888,39,32,134.77,4260.08,1,Two year,Electronic check,DSL,0
CUST_009889,48,0,81.2,0.0,4,Month-to-month,Credit card,DSL,0
CUST_009890,28,23,73.77,1678.72,2,Two year,Bank transfer,Fiber optic,1
CUST_009891,63,13,36.16,453.72,3,Two year,Electronic check,Fiber optic,0
CUST_009892,58,14,96.91,1446.88,0,Two year,Bank transfer,Fiber optic,0
CUST_009893,39,40,68.27,2680.37,5,Month-to-month,Mailed check,DSL,1
CUST_009894,41,19,128.33,2518.36,4,Month-to-month,Electronic check,Fiber optic,1
CUST_009895,42,52,141.05,7378.82,2,Month-to-month,Bank transfer,No,0
CUST_009896,33,29,108.03,2965.46,1,One year,Mailed check,DSL,1
CUST_009897,38,19,126.61,2434.99,6,One year,Credit card,Fiber optic,1
CUST_009898,40,33,47.06,1286.32,2,One year,Electronic check,Fiber optic,1
CUST_009899,69,0,47.99,0.0,0,Month-to-month,Credit card,DSL,1
CUST_009900,59,0,45.32,46.31,1,One year,Electronic check,DSL,1
CUST_009901,59,2,28.2,55.34,1,Month-to-month,Electronic check,DSL,0
CUST_009902,50,13,123.72,1431.61,1,One year,Mailed check,No,0
CUST_009903,28,6,29.0,62.07,3,Two year,Bank transfer,DSL,0
CUST_009904,44,99,155.17,15100.83,1,One year,Electronic check,Fiber optic,0
CUST_009905,59,18,105.82,1770.43,1,One year,Credit card,DSL,0
CUST_009906,26,26,70.59,1893.16,1,Month-to-month,Bank transfer,DSL,1
CUST_009907,54,7,25.38,121.92,2,Month-to-month,Electronic check,DSL,0
CUST_009908,79,9,25.11,242.98,1,Month-to-month,Mailed check,DSL,1
CUST_009909,60,9,44.9,405.46,5,Two year,Bank transfer,Fiber optic,0
CUST_009910,66,28,83.39,2338.11,2,Month-to-month,Bank transfer,Fiber optic,1
CUST_009911,48,15,73.29,1201.68,3,Two year,Bank transfer,Fiber optic,0
CUST_009912,59,17,87.03,1459.21,1,Month-to-month,Electronic check,DSL,1
CUST_009913,34,21,107.7,2352.68,0,One year,Bank transfer,DSL,1
CUST_009914,56,35,75.24,2385.51,2,One year,Bank transfer,DSL,0
CUST_009915,54,2,37.04,185.22,1,One year,Mailed check,DSL,1
CUST_009916,49,36,118.0,4119.17,3,One year,Credit card,No,1
CUST_009917,64,19,62.77,1085.32,1,One year,Mailed check,DSL,0
CUST_009918,36,26,61.69,1533.43,4,Month-to-month,Credit card,DSL,0
CUST_009919,42,9,100.93,1016.77,2,Two year,Bank transfer,Fiber optic,0
CUST_009920,46,12,119.41,1344.04,1,Month-to-month,Electronic check,No,0
CUST_009921,29,6,114.5,621.39,3,Month-to-month,Electronic check,DSL,1
CUST_009922,48,93,80.24,7366.55,2,One year,Bank transfer,Fiber optic,0
CUST_009923,19,16,78.32,1278.59,2,Month-to-month,Mailed check,DSL,0
CUST_009924,60,120,89.29,10788.8,3,One year,Credit card,Fiber optic,0
CUST_009925,45,16,124.1,2155.99,0,Month-to-month,Mailed check,Fiber optic,0
CUST_009926,37,5,44.02,460.1,1,Month-to-month,Credit card,Fiber optic,1
CUST_009927,32,16,47.74,828.91,0,One year,Electronic check,DSL,1
CUST_009928,41,0,108.89,36.57,0,Month-to-month,Credit card,No,0
CUST_009929,55,56,144.79,7986.23,2,Two year,Mailed check,DSL,0
CUST_009930,53,40,109.76,4581.46,2,Month-to-month,Electronic check,Fiber optic,1
CUST_009931,34,31,47.6,1497.16,2,Month-to-month,Mailed check,No,1
CUST_009932,32,22,79.59,1721.98,0,Two year,Credit card,DSL,0
CUST_009933,54,20,111.66,2271.96,0,Month-to-month,Credit card,Fiber optic,0
CUST_009934,34,120,137.25,16406.09,2,Month-to-month,Electronic check,DSL,0
CUST_009935,45,7,36.76,23.55,2,Two year,Electronic check,DSL,0
CUST_009936,46,36,55.19,2043.98,1,Two year,Credit card,DSL,0
CUST_009937,49,20,116.41,2462.53,1,Month-to-month,Electronic check,DSL,1
CUST_009938,57,89,117.2,10486.75,3,Two year,Credit card,No,1
CUST_009939,26,42,111.58,4685.81,5,Month-to-month,Mailed check,Fiber optic,1
CUST_009940,18,120,117.31,14078.08,2,Month-to-month,Electronic check,Fiber optic,0
CUST_009941,36,21,83.75,1775.95,2,One year,Electronic check,No,0
CUST_009942,72,5,120.21,615.22,3,Two year,Bank transfer,No,0
CUST_009943,75,16,60.97,969.45,3,Month-to-month,Credit card,Fiber optic,0
CUST_009944,72,29,101.98,2959.92,2,One year,Electronic check,DSL,0
CUST_009945,42,35,54.75,2071.77,2,Month-to-month,Bank transfer,No,1
CUST_009946,18,0,32.17,47.23,1,Two year,Credit card,DSL,0
CUST_009947,18,16,106.36,1712.34,1,Month-to-month,Credit card,DSL,1
CUST_009948,35,6,107.41,710.39,2,Month-to-month,Mailed check,Fiber optic,0
CUST_009949,42,49,111.33,5521.16,3,Two year,Credit card,DSL,0
CUST_009950,64,3,37.32,206.56,2,Two year,Electronic check,DSL,0
CUST_009951,58,26,57.06,1407.84,3,One year,Bank transfer,No,1
CUST_009952,48,7,114.62,754.27,1,Month-to-month,Mailed check,Fiber optic,1
CUST_009953,31,10,53.87,457.35,0,One year,Bank transfer,Fiber optic,0
CUST_009954,30,67,135.39,9147.54,2,Two year,Electronic check,Fiber optic,0
CUST_009955,48,6,51.59,381.35,2,One year,Bank transfer,Fiber optic,1
CUST_009956,55,2,114.95,102.57,2,Month-to-month,Bank transfer,DSL,0
CUST_009957,50,1,111.95,151.03,3,Two year,Electronic check,No,0
CUST_009958,29,16,32.33,654.44,0,Two year,Electronic check,Fiber optic,0
CUST_009959,54,24,109.04,2593.46,1,One year,Electronic check,Fiber optic,0
CUST_009960,51,9,41.45,404.41,1,Two year,Credit card,No,0
CUST_009961,28,28,55.53,1627.81,2,Month-to-month,Credit card,Fiber optic,1
CUST_009962,33,1,66.48,0.0,5,Month-to-month,Electronic check,DSL,1
CUST_009963,55,46,100.63,4644.26,2,Month-to-month,Bank transfer,DSL,0
CUST_009964,41,40,72.58,3030.41,2,Two year,Bank transfer,DSL,0
CUST_009965,68,101,128.04,12872.55,0,Two year,Credit card,Fiber optic,0
CUST_009966,52,66,70.07,4707.59,0,Two year,Electronic check,Fiber optic,0
CUST_009967,37,10,27.23,275.05,1,One year,Bank transfer,Fiber optic,1
CUST_009968,44,12,83.12,930.02,0,One year,Electronic check,DSL,0
CUST_009969,45,32,87.74,2798.08,1,Two year,Bank transfer,No,0
CUST_009970,34,3,90.47,218.78,3,One year,Credit card,Fiber optic,0
CUST_009971,31,9,89.48,716.51,4,Month-to-month,Electronic check,No,1
CUST_009972,55,3,111.25,308.31,2,Month-to-month,Bank transfer,No,0
CUST_009973,57,14,72.95,1028.1,2,Two year,Mailed check,Fiber optic,0
CUST_009974,54,19,30.34,559.8,1,Month-to-month,Electronic check,DSL,1
CUST_009975,67,5,85.57,401.29,2,Month-to-month,Electronic check,DSL,1
CUST_009976,36,0,87.51,22.6,2,One year,Mailed check,DSL,0
CUST_009977,70,30,87.15,2667.63,2,Two year,Credit card,DSL,0
CUST_009978,31,0,88.93,0.0,2,Month-to-month,Bank transfer,Fiber optic,1
CUST_009979,29,87,95.86,8314.44,0,Month-to-month,Electronic check,DSL,1
CUST_009980,18,6,37.88,29.93,3,Two year,Electronic check,DSL,0
CUST_009981,38,26,99.46,2569.62,3,Month-to-month,Credit card,DSL,0
CUST_009982,37,13,51.02,678.3,1,Two year,Bank transfer,DSL,0
CUST_009983,52,1,66.13,123.11,5,Month-to-month,Electronic check,Fiber optic,0
CUST_009984,48,15,76.66,1165.34,1,Month-to-month,Mailed check,Fiber optic,1
CUST_009985,27,17,76.22,1350.56,2,Two year,Electronic check,Fiber optic,0
CUST_009986,39,46,102.84,4737.39,2,Month-to-month,Credit card,DSL,1
CUST_009987,39,31,38.45,1124.25,2,Month-to-month,Electronic check,No,1
CUST_009988,18,1,119.47,7.87,3,Two year,Electronic check,DSL,1
CUST_009989,30,5,94.13,444.35,2,One year,Bank transfer,DSL,1
CUST_009990,33,8,66.54,455.68,1,Month-to-month,Bank transfer,DSL,1
CUST_009991,66,2,40.13,68.29,1,One year,Electronic check,Fiber optic,0
CUST_009992,47,14,35.02,441.06,1,Two year,Electronic check,Fiber optic,0
CUST_009993,54,99,136.72,13577.09,1,Two year,Mailed check,Fiber optic,0
CUST_009994,22,17,60.2,1028.22,2,Month-to-month,Bank transfer,DSL,0
CUST_009995,62,32,58.95,1931.08,2,One year,Electronic check,No,1
CUST_009996,64,27,71.5,1974.62,1,One year,Electronic check,No,0
CUST_009997,18,45,101.79,4562.69,4,Month-to-month,Electronic check,No,1
CUST_009998,34,5,89.67,436.52,2,One year,Credit card,Fiber optic,1
CUST_009999,52,33,101.02,3383.72,0,Month-to-month,Mailed check,No,1
CUST_010000,54,51,131.83,6967.75,2,Month-to-month,Mailed check,Fiber optic,1
